champion,item_name,pick_count,win_rate
갈리오,천상의 이의,158,52.53
갈리오,밴들파이프,107,51.4
갈리오,강철의 솔라리 펜던트,101,46.53
갈리오,판금 장화,76,61.84
갈리오,헤르메스의 발걸음,60,36.67
갈리오,점화석,54,46.3
갈리오,천 갑옷,53,45.28
갈리오,태양의 썰매,51,47.06
갈리오,루비 수정,47,57.45
갈리오,신속의 장화,42,54.76
갈리오,원형질 안전벨트,35,65.71
갈리오,덤불 조끼,33,63.64
갈리오,슈렐리아의 군가,26,73.08
갈리오,가시 갑옷,22,50.0
갈리오,충전형 물약,20,40.0
갈리오,장화,18,38.89
갈리오,명석함의 아이오니아 장화,17,58.82
갈리오,기사의 맹세,15,60.0
갈리오,쇠사슬 조끼,15,46.67
갈리오,마법무효화의 망토,15,33.33
갈리오,거인의 허리띠,15,46.67
갈리오,지크의 융합,14,64.29
갈리오,개척자,13,53.85
갈리오,비상의 월갑,13,46.15
갈리오,음전자 망토,12,58.33
갈리오,구원,11,45.45
그라가스,명석함의 아이오니아 장화,68,60.29
그라가스,천상의 이의,55,45.45
그라가스,밴들파이프,43,48.84
그라가스,강철의 솔라리 펜던트,37,56.76
그라가스,태양의 썰매,27,66.67
그라가스,점화석,25,60.0
그라가스,천 갑옷,17,35.29
그라가스,루비 수정,16,43.75
그라가스,여신의 눈물,15,66.67
그라가스,마법공학 로켓 벨트,14,71.43
그라가스,원형질 안전벨트,11,45.45
그라가스,구원,11,45.45
나미,제국의 명령,1309,50.42
나미,명석함의 아이오니아 장화,1301,52.19
나미,꿈 생성기,1045,49.38
나미,월석 재생기,393,52.67
나미,구원,391,54.48
나미,금지된 우상,350,54.29
나미,태양의 썰매,328,52.44
나미,망각의 구,266,55.26
나미,미카엘의 축복,228,60.53
나미,점화석,210,47.62
나미,밴들유리 거울,189,49.74
나미,불타는 향로,184,60.33
나미,증폭의 고서,178,46.07
나미,악마의 마법서,160,47.5
나미,헬리아의 메아리,148,49.32
나미,슈렐리아의 군가,146,60.96
나미,요정의 부적,122,41.8
나미,빛나는 티끌,117,33.33
나미,악곡의 왕관,87,47.13
나미,에테르 환영,85,56.47
나미,루비 수정,85,51.76
나미,충전형 물약,74,39.19
나미,밴들파이프,71,45.07
나미,여신의 눈물,67,46.27
나미,신속의 장화,64,37.5
나미,천상의 이의,62,38.71
나미,장화,61,21.31
나미,약간 신비한 신발,54,31.48
나미,자자크의 세계가시,52,48.08
나미,흐르는 물의 지팡이,29,51.72
나미,방출의 마법봉,16,75.0
나미,새벽심장,15,80.0
나미,굳건한 의지의 완전한 비스킷,14,35.71
나미,체력 물약,14,35.71
나미,천 갑옷,13,23.08
나미,모렐로노미콘,12,50.0
나미,강철의 솔라리 펜던트,10,30.0
나미,마법무효화의 망토,10,40.0
노틸러스,천상의 이의,5615,48.57
노틸러스,밴들파이프,4796,50.83
노틸러스,강철의 솔라리 펜던트,4684,50.66
노틸러스,판금 장화,3315,51.37
노틸러스,점화석,3200,50.28
노틸러스,헤르메스의 발걸음,2546,50.75
노틸러스,천 갑옷,1797,43.91
노틸러스,루비 수정,1616,49.07
노틸러스,원형질 안전벨트,1573,52.77
노틸러스,기사의 맹세,1365,58.39
노틸러스,피의 노래,1363,56.79
노틸러스,신속의 장화,1002,55.19
노틸러스,덤불 조끼,957,49.84
노틸러스,마법무효화의 망토,836,43.54
노틸러스,태양의 썰매,820,48.05
노틸러스,장화,621,27.05
노틸러스,충전형 물약,611,45.5
노틸러스,쇠사슬 조끼,596,53.52
노틸러스,지크의 융합,587,55.37
노틸러스,가시 갑옷,488,60.04
노틸러스,거인의 허리띠,458,57.42
노틸러스,명석함의 아이오니아 장화,292,54.45
노틸러스,구원,252,55.95
노틸러스,미카엘의 축복,248,54.44
노틸러스,빛나는 티끌,194,53.09
노틸러스,금지된 우상,177,50.85
노틸러스,음전자 망토,175,58.86
노틸러스,심연의 가면,117,57.26
노틸러스,악마의 마법서,104,51.92
노틸러스,파수꾼의 갑옷,103,56.31
노틸러스,원기 회복의 구슬,83,37.35
노틸러스,약간 신비한 신발,74,35.14
노틸러스,얼어붙은 심장,63,68.25
노틸러스,란두인의 예언,59,47.46
노틸러스,망령의 두건,51,58.82
노틸러스,굳건한 의지의 완전한 비스킷,44,25.0
노틸러스,룬 나침반,43,16.28
노틸러스,요정의 부적,38,50.0
노틸러스,증폭의 고서,38,52.63
노틸러스,케이닉 루컨,35,60.0
노틸러스,비상의 월갑,33,54.55
노틸러스,망각의 구,29,51.72
노틸러스,개척자,28,60.71
노틸러스,제어 와드,21,23.81
노틸러스,얼음 방패,17,70.59
노틸러스,체력 물약,17,35.29
노틸러스,세계의 결실,13,0.0
노틸러스,강철심장,10,50.0
누누와 윌럼프,마법공학 로켓 벨트,17,58.82
누누와 윌럼프,천상의 이의,17,52.94
누누와 윌럼프,밴들파이프,11,72.73
니달리,명석함의 아이오니아 장화,439,49.89
니달리,헬리아의 메아리,386,51.3
니달리,꿈 생성기,259,48.65
니달리,피의 노래,189,50.26
니달리,월석 재생기,175,52.0
니달리,구원,111,47.75
니달리,금지된 우상,85,48.24
니달리,점화석,75,52.0
니달리,악곡의 왕관,75,53.33
니달리,암흑의 인장,66,56.06
니달리,밴들유리 거울,66,45.45
니달리,영겁의 지팡이,65,43.08
니달리,미카엘의 축복,53,45.28
니달리,증폭의 고서,49,38.78
니달리,악마의 마법서,43,44.19
니달리,불타는 향로,34,58.82
니달리,루비 수정,33,48.48
니달리,메자이의 영혼약탈자,32,78.13
니달리,요정의 부적,32,50.0
니달리,천상의 이의,31,45.16
니달리,장화,30,26.67
니달리,충전형 물약,30,53.33
니달리,망각의 구,30,26.67
니달리,새벽심장,24,62.5
니달리,빛나는 티끌,21,47.62
니달리,에테르 환영,18,55.56
니달리,흐르는 물의 지팡이,18,50.0
니달리,여신의 눈물,15,60.0
니달리,자자크의 세계가시,11,9.09
니달리,갈라진 하늘,11,27.27
니달리,슈렐리아의 군가,10,50.0
니코,마법공학 로켓 벨트,3050,52.75
니코,천상의 이의,2710,52.88
니코,명석함의 아이오니아 장화,2609,53.35
니코,망각의 구,787,52.1
니코,존야의 모래시계,740,54.05
니코,증폭의 고서,719,46.73
니코,얼어붙은 심장,662,54.38
니코,천 갑옷,402,53.73
니코,부서진 팔목 보호대,363,53.44
니코,자자크의 세계가시,355,45.92
니코,충전형 물약,326,50.92
니코,점화석,276,51.81
니코,파수꾼의 갑옷,256,52.34
니코,신속의 장화,205,54.63
니코,추적자의 팔목 보호대,202,56.44
니코,루비 수정,195,51.28
니코,얼음 방패,192,54.69
니코,쓸데없이 큰 지팡이,179,51.96
니코,마법공학 교류 발전기,164,35.37
니코,악마의 마법서,124,36.29
니코,마법사의 신발,120,46.67
니코,모렐로노미콘,118,48.31
니코,밴들파이프,114,66.67
니코,심연의 가면,108,66.67
니코,장화,101,24.75
니코,신록의 장벽,93,62.37
니코,음전자 망토,90,60.0
니코,마법무효화의 망토,86,60.47
니코,태양의 썰매,76,48.68
니코,암흑의 인장,70,60.0
니코,약간 신비한 신발,68,25.0
니코,구원,59,59.32
니코,개척자,57,56.14
니코,빛나는 티끌,57,42.11
니코,폭풍 쇄도,55,49.09
니코,에테르 환영,43,53.49
니코,슈렐리아의 군가,41,53.66
니코,비상의 월갑,35,54.29
니코,헤르메스의 발걸음,34,50.0
니코,방출의 마법봉,33,51.52
니코,거인의 허리띠,32,62.5
니코,밴시의 장막,31,61.29
니코,원형질 안전벨트,27,74.07
니코,판금 장화,21,71.43
니코,지크의 융합,19,31.58
니코,강철의 솔라리 펜던트,19,42.11
니코,금지된 우상,18,72.22
니코,사파이어 수정,17,52.94
니코,미카엘의 축복,17,64.71
니코,쇠사슬 조끼,15,73.33
니코,역병의 보석,13,38.46
니코,루덴의 메아리,12,58.33
니코,그림자불꽃,11,45.45
니코,굳건한 의지의 완전한 비스킷,10,20.0
니코,룬 나침반,10,0.0
라칸,천상의 이의,3784,51.37
라칸,지크의 융합,2771,53.77
라칸,명석함의 아이오니아 장화,2423,50.93
라칸,강철의 솔라리 펜던트,2116,53.73
라칸,점화석,1834,49.18
라칸,헤르메스의 발걸음,1379,54.53
라칸,밴들파이프,1286,53.11
라칸,천 갑옷,872,42.32
라칸,구원,674,54.6
라칸,루비 수정,628,48.57
라칸,마법무효화의 망토,551,41.38
라칸,태양의 썰매,462,45.67
라칸,미카엘의 축복,382,57.07
라칸,기사의 맹세,372,61.83
라칸,원형질 안전벨트,321,58.57
라칸,충전형 물약,275,45.09
라칸,금지된 우상,269,56.51
라칸,망각의 구,244,53.28
라칸,판금 장화,219,55.25
라칸,덤불 조끼,216,50.46
라칸,빛나는 티끌,189,49.21
라칸,슈렐리아의 군가,162,56.17
라칸,악마의 마법서,153,50.98
라칸,쇠사슬 조끼,152,58.55
라칸,증폭의 고서,148,54.05
라칸,장화,131,22.14
라칸,약간 신비한 신발,123,26.83
라칸,거인의 허리띠,118,55.08
라칸,신속의 장화,86,50.0
라칸,밴들유리 거울,78,66.67
라칸,피의 노래,72,50.0
라칸,요정의 부적,66,51.52
라칸,에테르 환영,56,64.29
라칸,꿈 생성기,37,67.57
라칸,파수꾼의 갑옷,35,51.43
라칸,음전자 망토,33,39.39
라칸,마법공학 로켓 벨트,33,54.55
라칸,암흑의 인장,32,59.38
라칸,가시 갑옷,27,66.67
라칸,심연의 가면,26,46.15
라칸,굳건한 의지의 완전한 비스킷,22,18.18
라칸,모렐로노미콘,17,58.82
라칸,체력 물약,17,47.06
라칸,불타는 향로,15,66.67
라칸,월석 재생기,15,73.33
라칸,룬 나침반,13,7.69
라칸,우주의 추진력,12,83.33
라칸,얼어붙은 심장,11,81.82
라칸,비상의 월갑,11,45.45
라칸,개척자,11,36.36
라칸,자자크의 세계가시,10,60.0
라칸,얼음 방패,10,50.0
람머스,가시 갑옷,147,49.66
람머스,천상의 이의,110,48.18
람머스,헤르메스의 발걸음,73,35.62
람머스,피의 노래,59,42.37
람머스,루비 수정,55,36.36
람머스,판금 장화,46,60.87
람머스,밴들파이프,34,61.76
람머스,장화,29,37.93
람머스,지크의 융합,29,41.38
람머스,대자연의 힘,26,53.85
람머스,원형질 안전벨트,26,42.31
람머스,음전자 망토,25,56.0
람머스,천 갑옷,24,41.67
람머스,점화석,23,39.13
람머스,마법무효화의 망토,21,47.62
람머스,비상의 월갑,20,55.0
람머스,거인의 허리띠,18,55.56
람머스,망자의 갑옷,15,53.33
람머스,개척자,15,53.33
람머스,쇠사슬 조끼,13,38.46
람머스,공허한 광휘,13,23.08
람머스,신속의 장화,11,81.82
람머스,충전형 물약,10,40.0
람머스,덤불 조끼,10,20.0
럭스,자자크의 세계가시,571,53.24
럭스,루덴의 메아리,447,55.26
럭스,마법사의 신발,366,57.1
럭스,명석함의 아이오니아 장화,226,50.0
럭스,증폭의 고서,224,54.46
럭스,망각의 구,176,46.59
럭스,슈렐리아의 군가,146,50.0
럭스,폭풍 쇄도,119,52.1
럭스,천상의 이의,108,55.56
럭스,존야의 모래시계,96,57.29
럭스,지평선의 초점,94,55.32
럭스,마법공학 교류 발전기,93,44.09
럭스,충전형 물약,84,51.19
럭스,악마의 마법서,84,46.43
럭스,쓸데없이 큰 지팡이,61,65.57
럭스,구원,55,56.36
럭스,그림자불꽃,52,59.62
럭스,부서진 팔목 보호대,49,61.22
럭스,암흑의 인장,47,48.94
럭스,모렐로노미콘,44,54.55
럭스,장화,35,20.0
럭스,에테르 환영,35,65.71
럭스,점화석,35,37.14
럭스,판금 장화,35,54.29
럭스,악의,28,53.57
럭스,사라진 양피지,28,42.86
럭스,밴들파이프,28,67.86
럭스,미카엘의 축복,26,53.85
럭스,신속의 장화,26,57.69
럭스,추적자의 팔목 보호대,19,68.42
럭스,밴시의 장막,18,61.11
럭스,제국의 명령,18,72.22
럭스,신록의 장벽,18,61.11
럭스,헤르메스의 발걸음,16,50.0
럭스,태양의 썰매,16,43.75
럭스,밴들유리 거울,16,56.25
럭스,꿈 생성기,15,13.33
럭스,빛나는 티끌,14,64.29
럭스,금지된 우상,14,64.29
럭스,방출의 마법봉,14,57.14
럭스,라바돈의 죽음모자,13,69.23
럭스,메자이의 영혼약탈자,12,66.67
럭스,루비 수정,12,50.0
럭스,약간 신비한 신발,11,18.18
럭스,무덤꽃,11,36.36
럭스,역병의 보석,11,45.45
럼블,자자크의 세계가시,19,31.58
럼블,리안드리의 고통,15,33.33
럼블,마법사의 신발,12,41.67
레나타 글라스크,명석함의 아이오니아 장화,186,52.69
레나타 글라스크,천상의 이의,173,47.98
레나타 글라스크,강철의 솔라리 펜던트,128,48.44
레나타 글라스크,구원,106,58.49
레나타 글라스크,밴들파이프,100,49.0
레나타 글라스크,점화석,76,50.0
레나타 글라스크,미카엘의 축복,56,55.36
레나타 글라스크,금지된 우상,48,56.25
레나타 글라스크,태양의 썰매,45,62.22
레나타 글라스크,슈렐리아의 군가,38,52.63
레나타 글라스크,악마의 마법서,31,61.29
레나타 글라스크,신속의 장화,27,51.85
레나타 글라스크,루비 수정,25,68.0
레나타 글라스크,천 갑옷,23,34.78
레나타 글라스크,망각의 구,22,59.09
레나타 글라스크,증폭의 고서,20,20.0
레나타 글라스크,충전형 물약,18,50.0
레나타 글라스크,마법무효화의 망토,17,41.18
레나타 글라스크,피의 노래,15,53.33
레나타 글라스크,판금 장화,15,53.33
레나타 글라스크,빛나는 티끌,15,60.0
레나타 글라스크,기사의 맹세,15,46.67
레나타 글라스크,요정의 부적,14,42.86
레나타 글라스크,에테르 환영,14,50.0
레나타 글라스크,장화,13,23.08
레나타 글라스크,꿈 생성기,13,61.54
레나타 글라스크,제국의 명령,10,50.0
레나타 글라스크,원형질 안전벨트,10,30.0
레오나,천상의 이의,2534,50.36
레오나,강철의 솔라리 펜던트,2276,52.77
레오나,밴들파이프,2116,52.13
레오나,판금 장화,1877,53.12
레오나,점화석,1678,49.05
레오나,원형질 안전벨트,1542,56.42
레오나,헤르메스의 발걸음,1388,52.95
레오나,피의 노래,1268,54.73
레오나,천 갑옷,973,44.81
레오나,루비 수정,830,52.17
레오나,기사의 맹세,650,57.69
레오나,덤불 조끼,541,53.79
레오나,신속의 장화,512,59.18
레오나,마법무효화의 망토,493,46.86
레오나,태양의 썰매,428,52.1
레오나,충전형 물약,415,48.19
레오나,지크의 융합,332,54.22
레오나,장화,328,25.61
레오나,거인의 허리띠,323,52.01
레오나,쇠사슬 조끼,306,57.84
레오나,가시 갑옷,288,57.64
레오나,음전자 망토,133,57.14
레오나,명석함의 아이오니아 장화,130,51.54
레오나,구원,107,54.21
레오나,빛나는 티끌,91,61.54
레오나,미카엘의 축복,88,67.05
레오나,파수꾼의 갑옷,81,48.15
레오나,금지된 우상,70,47.14
레오나,심연의 가면,59,55.93
레오나,악마의 마법서,48,54.17
레오나,원기 회복의 구슬,41,41.46
레오나,망령의 두건,39,61.54
레오나,란두인의 예언,37,54.05
레오나,룬 나침반,37,16.22
레오나,약간 신비한 신발,36,33.33
레오나,얼어붙은 심장,32,68.75
레오나,케이닉 루컨,32,62.5
레오나,비상의 월갑,24,54.17
레오나,굳건한 의지의 완전한 비스킷,23,30.43
레오나,개척자,22,59.09
레오나,강철심장,17,58.82
레오나,증폭의 고서,15,33.33
레오나,요정의 부적,15,66.67
레오나,제어 와드,13,15.38
레오나,얼음 방패,13,84.62
렐,천상의 이의,2923,51.83
렐,지크의 융합,1993,53.59
렐,밴들파이프,1934,55.48
렐,강철의 솔라리 펜던트,1670,53.71
렐,명석함의 아이오니아 장화,1630,54.42
렐,점화석,1599,49.97
렐,천 갑옷,898,46.1
렐,판금 장화,856,50.35
렐,헤르메스의 발걸음,815,53.87
렐,원형질 안전벨트,727,57.36
렐,루비 수정,653,53.75
렐,마법무효화의 망토,492,46.95
렐,기사의 맹세,417,59.71
렐,피의 노래,399,55.89
렐,태양의 썰매,352,51.42
렐,덤불 조끼,349,49.57
렐,충전형 물약,237,46.41
렐,신속의 장화,207,55.56
렐,거인의 허리띠,189,60.85
렐,장화,173,24.86
렐,가시 갑옷,139,55.4
렐,쇠사슬 조끼,136,55.88
렐,미카엘의 축복,90,62.22
렐,구원,89,58.43
렐,음전자 망토,78,58.97
렐,빛나는 티끌,77,42.86
렐,심연의 가면,68,66.18
렐,금지된 우상,56,53.57
렐,개척자,47,57.45
렐,파수꾼의 갑옷,46,60.87
렐,약간 신비한 신발,36,30.56
렐,룬 나침반,28,17.86
렐,비상의 월갑,25,64.0
렐,란두인의 예언,24,54.17
렐,악마의 마법서,24,45.83
렐,얼어붙은 심장,24,62.5
렐,망각의 구,23,56.52
렐,케이닉 루컨,21,80.95
렐,망령의 두건,21,61.9
렐,증폭의 고서,16,37.5
렐,요정의 부적,14,42.86
렐,세계의 결실,13,15.38
렐,제어 와드,13,23.08
렝가,천상의 이의,72,55.56
렝가,망자의 갑옷,65,58.46
렝가,피의 노래,50,48.0
렝가,판금 장화,46,58.7
렝가,명석함의 아이오니아 장화,38,42.11
렝가,요우무의 유령검,31,38.71
렝가,굶주린 히드라,23,47.83
렝가,점화석,23,43.48
렝가,루비 수정,22,45.45
렝가,밴들파이프,20,55.0
렝가,톱날 단검,18,55.56
렝가,원형질 안전벨트,17,76.47
렝가,헤르메스의 발걸음,15,53.33
렝가,롱소드,15,40.0
렝가,그림자 검,14,50.0
렝가,장화,14,57.14
렝가,필멸자의 운명,14,42.86
렝가,천 갑옷,11,45.45
렝가,독사의 송곳니,10,40.0
렝가,쇠사슬 조끼,10,30.0
룰루,꿈 생성기,4740,47.38
룰루,명석함의 아이오니아 장화,4688,47.74
룰루,불타는 향로,2514,50.84
룰루,구원,2297,49.06
룰루,월석 재생기,1702,48.53
룰루,미카엘의 축복,1524,50.52
룰루,금지된 우상,1413,47.06
룰루,슈렐리아의 군가,1082,53.14
룰루,점화석,961,45.47
룰루,증폭의 고서,692,48.27
룰루,밴들유리 거울,637,51.96
룰루,망각의 구,599,44.24
룰루,충전형 물약,531,44.07
룰루,에테르 환영,519,50.1
룰루,악마의 마법서,437,41.42
룰루,밴들파이프,409,54.52
룰루,요정의 부적,400,41.5
룰루,빛나는 티끌,391,40.66
룰루,루비 수정,366,40.98
룰루,천상의 이의,329,41.03
룰루,신속의 장화,183,48.63
룰루,장화,160,21.25
룰루,약간 신비한 신발,142,38.03
룰루,강철의 솔라리 펜던트,136,54.41
룰루,태양의 썰매,96,50.0
룰루,천 갑옷,73,39.73
룰루,악곡의 왕관,72,45.83
룰루,자자크의 세계가시,58,44.83
룰루,마법무효화의 망토,53,54.72
룰루,헬리아의 메아리,53,49.06
룰루,기사의 맹세,44,52.27
룰루,흐르는 물의 지팡이,36,58.33
룰루,여신의 눈물,35,34.29
룰루,헤르메스의 발걸음,32,53.13
룰루,판금 장화,31,51.61
룰루,체력 물약,30,26.67
룰루,제국의 명령,30,43.33
룰루,룬 나침반,30,10.0
룰루,암흑의 인장,27,48.15
룰루,란두인의 예언,25,64.0
룰루,쇠사슬 조끼,22,54.55
룰루,모렐로노미콘,22,40.91
룰루,새벽심장,20,45.0
룰루,마법사의 신발,19,47.37
룰루,굳건한 의지의 완전한 비스킷,15,26.67
룰루,망령의 두건,14,42.86
룰루,제어 와드,13,15.38
룰루,음전자 망토,13,61.54
룰루,케이닉 루컨,10,60.0
룰루,거인의 허리띠,10,10.0
룰루,파수꾼의 갑옷,10,20.0
룰루,속삭이는 머리띠,10,20.0
르블랑,루덴의 메아리,499,49.5
르블랑,마법사의 신발,398,53.77
르블랑,자자크의 세계가시,354,48.59
르블랑,천상의 이의,250,50.0
르블랑,폭풍 쇄도,202,50.0
르블랑,증폭의 고서,186,46.24
르블랑,암흑의 인장,184,56.52
르블랑,명석함의 아이오니아 장화,165,46.67
르블랑,마법공학 교류 발전기,142,42.96
르블랑,그림자불꽃,112,49.11
르블랑,충전형 물약,88,45.45
르블랑,쓸데없이 큰 지팡이,82,47.56
르블랑,망각의 구,81,40.74
르블랑,지평선의 초점,80,51.25
르블랑,존야의 모래시계,59,52.54
르블랑,악마의 마법서,49,57.14
르블랑,신록의 장벽,44,50.0
르블랑,역병의 보석,42,45.24
르블랑,장화,38,21.05
르블랑,밴시의 장막,37,51.35
르블랑,부서진 팔목 보호대,34,58.82
르블랑,에테르 환영,31,54.84
르블랑,무덤꽃,23,52.17
르블랑,메자이의 영혼약탈자,20,75.0
르블랑,방출의 마법봉,18,33.33
르블랑,공허의 지팡이,17,70.59
르블랑,사라진 양피지,17,29.41
르블랑,추적자의 팔목 보호대,15,53.33
르블랑,모렐로노미콘,13,53.85
리 신,피의 노래,13,30.77
리산드라,명석함의 아이오니아 장화,28,64.29
리산드라,천상의 이의,27,55.56
리산드라,망각의 구,17,41.18
리산드라,악의,12,58.33
리산드라,증폭의 고서,12,66.67
리산드라,마법공학 로켓 벨트,11,63.64
리산드라,자자크의 세계가시,11,54.55
마오카이,태양의 썰매,664,53.46
마오카이,밴들파이프,651,55.91
마오카이,신속의 장화,645,55.97
마오카이,개척자,605,54.38
마오카이,천상의 이의,483,52.59
마오카이,강철의 솔라리 펜던트,467,54.82
마오카이,점화석,422,52.37
마오카이,명석함의 아이오니아 장화,264,52.27
마오카이,루비 수정,213,54.46
마오카이,천 갑옷,181,46.41
마오카이,원형질 안전벨트,151,62.25
마오카이,마법무효화의 망토,122,42.62
마오카이,헤르메스의 발걸음,119,52.1
마오카이,망각의 구,106,50.94
마오카이,판금 장화,91,45.05
마오카이,충전형 물약,89,50.56
마오카이,비상의 월갑,84,53.57
마오카이,덤불 조끼,78,52.56
마오카이,쇠사슬 조끼,74,48.65
마오카이,심연의 가면,63,61.9
마오카이,거인의 허리띠,54,66.67
마오카이,기사의 맹세,53,54.72
마오카이,지크의 융합,50,54.0
마오카이,음전자 망토,44,52.27
마오카이,망자의 갑옷,41,48.78
마오카이,가시 갑옷,37,59.46
마오카이,장화,35,28.57
마오카이,구원,28,53.57
마오카이,파수꾼의 갑옷,22,63.64
마오카이,미카엘의 축복,21,57.14
마오카이,증폭의 고서,18,38.89
마오카이,금지된 우상,17,58.82
마오카이,빛나는 티끌,17,64.71
마오카이,얼어붙은 심장,10,50.0
멜,자자크의 세계가시,530,40.57
멜,명석함의 아이오니아 장화,319,42.95
멜,어둠불꽃 횃불,299,41.47
멜,루덴의 메아리,222,45.5
멜,마법사의 신발,210,43.81
멜,증폭의 고서,183,39.34
멜,지평선의 초점,141,43.97
멜,망각의 구,126,43.65
멜,리안드리의 고통,105,50.48
멜,악마의 마법서,87,37.93
멜,그림자불꽃,84,46.43
멜,쓸데없이 큰 지팡이,64,45.31
멜,충전형 물약,57,35.09
멜,존야의 모래시계,52,63.46
멜,마법공학 교류 발전기,50,24.0
멜,천상의 이의,49,48.98
멜,운명의 재,49,32.65
멜,암흑의 인장,47,42.55
멜,모렐로노미콘,43,32.56
멜,장화,41,31.71
멜,슈렐리아의 군가,34,50.0
멜,기괴한 가면,33,39.39
멜,라일라이의 수정홀,27,37.04
멜,부서진 팔목 보호대,26,50.0
멜,신속의 장화,24,33.33
멜,사라진 양피지,20,5.0
멜,대천사의 포옹,19,42.11
멜,빛나는 티끌,18,50.0
멜,방출의 마법봉,16,50.0
멜,역병의 보석,16,37.5
멜,추적자의 팔목 보호대,15,40.0
멜,핏빛 저주,12,75.0
멜,태양의 썰매,12,50.0
멜,제국의 명령,11,72.73
멜,여신의 눈물,11,9.09
멜,밴시의 장막,10,70.0
멜,에테르 환영,10,50.0
모르가나,명석함의 아이오니아 장화,435,50.11
모르가나,자자크의 세계가시,261,46.36
모르가나,천상의 이의,220,52.27
모르가나,라일라이의 수정홀,196,54.59
모르가나,존야의 모래시계,194,49.48
모르가나,망각의 구,179,49.16
모르가나,구원,159,54.09
모르가나,증폭의 고서,138,49.28
모르가나,태양의 썰매,98,53.06
모르가나,리안드리의 고통,93,53.76
모르가나,신속의 장화,84,53.57
모르가나,부서진 팔목 보호대,75,44.0
모르가나,밴들파이프,62,51.61
모르가나,악마의 마법서,60,45.0
모르가나,점화석,51,56.86
모르가나,어둠불꽃 횃불,51,35.29
모르가나,슈렐리아의 군가,49,59.18
모르가나,충전형 물약,49,53.06
모르가나,강철의 솔라리 펜던트,39,58.97
모르가나,추적자의 팔목 보호대,38,39.47
모르가나,루비 수정,37,45.95
모르가나,거인의 허리띠,35,62.86
모르가나,미카엘의 축복,32,59.38
모르가나,쓸데없이 큰 지팡이,32,46.88
모르가나,천 갑옷,31,45.16
모르가나,금지된 우상,30,43.33
모르가나,운명의 재,27,55.56
모르가나,제국의 명령,27,44.44
모르가나,장화,26,34.62
모르가나,기괴한 가면,22,36.36
모르가나,밴들유리 거울,21,66.67
모르가나,판금 장화,21,66.67
모르가나,모렐로노미콘,20,55.0
모르가나,꿈 생성기,18,38.89
모르가나,방출의 마법봉,16,56.25
모르가나,암흑의 인장,15,60.0
모르가나,헤르메스의 발걸음,15,40.0
모르가나,마법사의 신발,14,21.43
모르가나,빛나는 티끌,11,54.55
문도 박사,밴들파이프,10,40.0
밀리오,꿈 생성기,964,46.47
밀리오,명석함의 아이오니아 장화,897,47.27
밀리오,헬리아의 메아리,555,44.68
밀리오,월석 재생기,512,51.37
밀리오,금지된 우상,295,49.49
밀리오,불타는 향로,291,56.01
밀리오,구원,177,58.19
밀리오,밴들유리 거울,166,42.77
밀리오,점화석,163,36.81
밀리오,증폭의 고서,132,40.91
밀리오,슈렐리아의 군가,122,62.3
밀리오,요정의 부적,110,42.73
밀리오,빛나는 티끌,108,36.11
밀리오,미카엘의 축복,97,51.55
밀리오,에테르 환영,95,45.26
밀리오,망각의 구,82,36.59
밀리오,악곡의 왕관,65,55.38
밀리오,악마의 마법서,63,60.32
밀리오,루비 수정,60,33.33
밀리오,장화,51,29.41
밀리오,충전형 물약,50,40.0
밀리오,약간 신비한 신발,28,32.14
밀리오,신속의 장화,22,63.64
밀리오,천상의 이의,21,38.1
밀리오,새벽심장,18,66.67
밀리오,여신의 눈물,15,26.67
밀리오,체력 물약,14,42.86
밀리오,흐르는 물의 지팡이,11,72.73
밀리오,속삭이는 머리띠,10,20.0
바드,신속의 장화,2453,52.22
바드,밴들파이프,2027,54.56
바드,강철의 솔라리 펜던트,2008,53.09
바드,태양의 썰매,1425,54.46
바드,피의 노래,1166,51.03
바드,점화석,1099,49.77
바드,구원,1091,53.53
바드,천상의 이의,955,47.02
바드,명석함의 아이오니아 장화,713,51.61
바드,미카엘의 축복,617,57.21
바드,루비 수정,563,50.44
바드,망자의 갑옷,533,51.41
바드,천 갑옷,449,49.22
바드,망각의 구,442,49.77
바드,충전형 물약,350,51.14
바드,금지된 우상,316,46.84
바드,마법무효화의 망토,309,42.72
바드,악마의 마법서,293,50.17
바드,헤르메스의 발걸음,290,53.45
바드,비상의 월갑,241,47.3
바드,원형질 안전벨트,218,55.5
바드,증폭의 고서,214,43.46
바드,슈렐리아의 군가,149,55.7
바드,개척자,139,46.76
바드,쇠사슬 조끼,137,45.99
바드,장화,112,30.36
바드,거인의 허리띠,99,61.62
바드,요정의 부적,98,54.08
바드,꿈 생성기,98,60.2
바드,기사의 맹세,97,69.07
바드,판금 장화,95,53.68
바드,약간 신비한 신발,86,33.72
바드,빛나는 티끌,84,57.14
바드,자자크의 세계가시,83,43.37
바드,헬리아의 메아리,69,47.83
바드,밴들유리 거울,68,58.82
바드,마법공학 로켓 벨트,67,64.18
바드,음전자 망토,64,54.69
바드,제국의 명령,59,55.93
바드,모렐로노미콘,48,70.83
바드,존야의 모래시계,44,50.0
바드,암흑의 인장,41,56.1
바드,에테르 환영,41,56.1
바드,리안드리의 고통,34,64.71
바드,파수꾼의 갑옷,30,53.33
바드,케이닉 루컨,26,65.38
바드,룬 나침반,23,13.04
바드,대자연의 힘,22,77.27
바드,덤불 조끼,19,42.11
바드,기괴한 가면,17,47.06
바드,망령의 두건,16,43.75
바드,얼어붙은 심장,16,37.5
바드,우주의 추진력,15,66.67
바드,운명의 재,13,38.46
바드,심연의 가면,12,50.0
바드,체력 물약,12,33.33
바드,지크의 융합,11,45.45
베이가,천상의 이의,41,48.78
베이가,명석함의 아이오니아 장화,33,45.45
베이가,자자크의 세계가시,33,30.3
베이가,신속의 장화,21,42.86
베이가,슈렐리아의 군가,19,31.58
베이가,증폭의 고서,19,21.05
베이가,망각의 구,16,43.75
베이가,루덴의 메아리,14,35.71
베이가,쓸데없이 큰 지팡이,11,45.45
베이가,존야의 모래시계,10,40.0
베인,피의 노래,34,55.88
베인,그림자 검,34,55.88
베인,벼락폭풍검,16,68.75
베인,밤의 끝자락,16,50.0
베인,롱소드,15,26.67
베인,장화,14,57.14
베인,톱날 단검,11,81.82
벨코즈,자자크의 세계가시,367,51.5
벨코즈,루덴의 메아리,260,50.77
벨코즈,신속의 장화,224,55.8
벨코즈,증폭의 고서,156,54.49
벨코즈,망각의 구,130,50.77
벨코즈,마법사의 신발,114,50.0
벨코즈,지평선의 초점,113,50.44
벨코즈,존야의 모래시계,93,62.37
벨코즈,명석함의 아이오니아 장화,86,47.67
벨코즈,충전형 물약,77,58.44
벨코즈,슈렐리아의 군가,68,57.35
벨코즈,쓸데없이 큰 지팡이,56,50.0
벨코즈,마법공학 교류 발전기,52,53.85
벨코즈,악마의 마법서,49,44.9
벨코즈,태양의 썰매,49,53.06
벨코즈,그림자불꽃,47,34.04
벨코즈,리안드리의 고통,46,52.17
벨코즈,모렐로노미콘,37,37.84
벨코즈,부서진 팔목 보호대,33,45.45
벨코즈,밴시의 장막,33,36.36
벨코즈,천상의 이의,33,39.39
벨코즈,신록의 장벽,31,51.61
벨코즈,어둠불꽃 횃불,27,48.15
벨코즈,라일라이의 수정홀,17,47.06
벨코즈,장화,16,25.0
벨코즈,방출의 마법봉,15,60.0
벨코즈,암흑의 인장,14,71.43
벨코즈,추적자의 팔목 보호대,13,38.46
벨코즈,운명의 재,12,33.33
벨코즈,천 갑옷,11,63.64
벨코즈,점화석,10,80.0
브라움,밴들파이프,5758,53.86
브라움,강철의 솔라리 펜던트,4367,55.23
브라움,태양의 썰매,4160,53.77
브라움,판금 장화,3434,53.84
브라움,천상의 이의,3169,49.76
브라움,점화석,3045,50.97
브라움,헤르메스의 발걸음,2147,55.33
브라움,천 갑옷,1824,45.83
브라움,기사의 맹세,1655,62.9
브라움,루비 수정,1323,50.79
브라움,원형질 안전벨트,928,57.76
브라움,신속의 장화,810,58.4
브라움,마법무효화의 망토,791,41.09
브라움,덤불 조끼,765,56.21
브라움,쇠사슬 조끼,613,60.03
브라움,충전형 물약,583,44.08
브라움,장화,525,28.57
브라움,약간 신비한 신발,352,30.97
브라움,미카엘의 축복,332,58.43
브라움,거인의 허리띠,313,53.04
브라움,가시 갑옷,248,60.08
브라움,빛나는 티끌,213,53.52
브라움,구원,195,52.82
브라움,금지된 우상,176,55.68
브라움,파수꾼의 갑옷,167,60.48
브라움,명석함의 아이오니아 장화,137,54.01
브라움,지크의 융합,119,55.46
브라움,음전자 망토,111,56.76
브라움,악마의 마법서,92,47.83
브라움,원기 회복의 구슬,91,51.65
브라움,얼어붙은 심장,90,64.44
브라움,굳건한 의지의 완전한 비스킷,70,41.43
브라움,얼음 방패,44,63.64
브라움,피의 노래,42,57.14
브라움,케이닉 루컨,41,65.85
브라움,요정의 부적,39,51.28
브라움,망령의 두건,37,56.76
브라움,심연의 가면,35,62.86
브라움,증폭의 고서,28,50.0
브라움,란두인의 예언,24,66.67
브라움,룬 나침반,24,12.5
브라움,비상의 월갑,19,57.89
브라움,체력 물약,11,63.64
브라움,세계의 결실,10,0.0
브라움,제어 와드,10,20.0
브라움,개척자,10,20.0
브랜드,라일라이의 수정홀,89,48.31
브랜드,자자크의 세계가시,78,44.87
브랜드,리안드리의 고통,56,42.86
브랜드,마법사의 신발,53,49.06
브랜드,망각의 구,52,44.23
브랜드,명석함의 아이오니아 장화,47,51.06
브랜드,증폭의 고서,43,37.21
브랜드,태양의 썰매,23,52.17
브랜드,기괴한 가면,17,23.53
브랜드,밴들파이프,16,50.0
브랜드,천상의 이의,15,40.0
브랜드,장화,13,15.38
브랜드,운명의 재,11,27.27
브랜드,존야의 모래시계,11,36.36
블리츠크랭크,신속의 장화,2359,50.78
블리츠크랭크,천상의 이의,1907,50.5
블리츠크랭크,강철의 솔라리 펜던트,1689,52.22
블리츠크랭크,밴들파이프,1228,51.14
블리츠크랭크,점화석,983,44.66
블리츠크랭크,천 갑옷,642,43.3
블리츠크랭크,피의 노래,593,52.45
블리츠크랭크,루비 수정,445,51.01
블리츠크랭크,지크의 융합,442,55.66
블리츠크랭크,구원,391,54.73
블리츠크랭크,마법무효화의 망토,307,39.74
블리츠크랭크,태양의 썰매,301,48.17
블리츠크랭크,미카엘의 축복,301,54.82
블리츠크랭크,개척자,271,59.04
블리츠크랭크,충전형 물약,269,46.84
블리츠크랭크,원형질 안전벨트,240,52.08
블리츠크랭크,얼어붙은 심장,209,55.98
블리츠크랭크,금지된 우상,196,53.57
블리츠크랭크,헤르메스의 발걸음,182,50.55
블리츠크랭크,덤불 조끼,162,54.32
블리츠크랭크,기사의 맹세,140,58.57
블리츠크랭크,판금 장화,132,51.52
블리츠크랭크,악마의 마법서,128,52.34
블리츠크랭크,슈렐리아의 군가,124,59.68
블리츠크랭크,파수꾼의 갑옷,113,51.33
블리츠크랭크,비상의 월갑,104,49.04
블리츠크랭크,명석함의 아이오니아 장화,98,52.04
블리츠크랭크,쇠사슬 조끼,98,40.82
블리츠크랭크,장화,96,23.96
블리츠크랭크,거인의 허리띠,95,44.21
블리츠크랭크,빛나는 티끌,82,67.07
블리츠크랭크,증폭의 고서,77,55.84
블리츠크랭크,얼음 방패,76,61.84
블리츠크랭크,가시 갑옷,71,47.89
블리츠크랭크,룬 나침반,66,18.18
블리츠크랭크,음전자 망토,44,61.36
블리츠크랭크,제어 와드,36,19.44
블리츠크랭크,요정의 부적,36,58.33
블리츠크랭크,에테르 환영,35,48.57
블리츠크랭크,밴들유리 거울,34,58.82
블리츠크랭크,굳건한 의지의 완전한 비스킷,27,44.44
블리츠크랭크,망자의 갑옷,23,52.17
블리츠크랭크,망각의 구,21,42.86
블리츠크랭크,심연의 가면,17,52.94
블리츠크랭크,사파이어 수정,16,81.25
블리츠크랭크,대자연의 힘,13,46.15
블리츠크랭크,망령의 두건,12,33.33
블리츠크랭크,종말의 겨울,10,70.0
뽀삐,천상의 이의,1517,53.46
뽀삐,강철의 솔라리 펜던트,1212,54.7
뽀삐,신속의 장화,1139,55.58
뽀삐,밴들파이프,1037,55.45
뽀삐,점화석,648,52.47
뽀삐,루비 수정,501,51.5
뽀삐,망자의 갑옷,488,50.82
뽀삐,피의 노래,465,52.04
뽀삐,판금 장화,456,50.66
뽀삐,헤르메스의 발걸음,405,54.57
뽀삐,원형질 안전벨트,400,56.0
뽀삐,천 갑옷,396,47.98
뽀삐,덤불 조끼,266,51.13
뽀삐,마법무효화의 망토,228,49.56
뽀삐,비상의 월갑,220,52.73
뽀삐,개척자,197,58.38
뽀삐,쇠사슬 조끼,195,55.9
뽀삐,태양의 썰매,184,51.09
뽀삐,충전형 물약,179,53.07
뽀삐,가시 갑옷,167,50.3
뽀삐,미카엘의 축복,141,59.57
뽀삐,기사의 맹세,136,60.29
뽀삐,거인의 허리띠,104,61.54
뽀삐,장화,97,22.68
뽀삐,음전자 망토,90,54.44
뽀삐,지크의 융합,68,63.24
뽀삐,명석함의 아이오니아 장화,59,57.63
뽀삐,구원,49,61.22
뽀삐,금지된 우상,45,60.0
뽀삐,파수꾼의 갑옷,41,63.41
뽀삐,빛나는 티끌,36,52.78
뽀삐,대자연의 힘,36,55.56
뽀삐,심연의 가면,32,62.5
뽀삐,갈라진 하늘,31,58.06
뽀삐,란두인의 예언,28,46.43
뽀삐,약간 신비한 신발,23,30.43
뽀삐,얼어붙은 심장,18,72.22
뽀삐,악마의 마법서,18,72.22
뽀삐,그림자 검,16,50.0
뽀삐,망령의 두건,13,69.23
뽀삐,얼음 방패,12,66.67
뽀삐,케이닉 루컨,12,58.33
뽀삐,룬 나침반,11,0.0
뽀삐,요정의 부적,11,54.55
뽀삐,굳건한 의지의 완전한 비스킷,10,60.0
사이온,천상의 이의,19,42.11
사이온,밴들파이프,16,62.5
사이온,강철의 솔라리 펜던트,11,54.55
사이온,신속의 장화,10,20.0
사이온,태양의 썰매,10,50.0
사일러스,마법공학 로켓 벨트,365,50.14
사일러스,천상의 이의,229,46.29
사일러스,존야의 모래시계,216,53.7
사일러스,마법사의 신발,211,47.87
사일러스,증폭의 고서,149,49.66
사일러스,피의 노래,142,53.52
사일러스,명석함의 아이오니아 장화,119,57.14
사일러스,폭풍 쇄도,113,53.98
사일러스,암흑의 인장,110,54.55
사일러스,자자크의 세계가시,93,53.76
사일러스,헤르메스의 발걸음,72,56.94
사일러스,마법공학 교류 발전기,66,37.88
사일러스,그림자불꽃,58,56.9
사일러스,쓸데없이 큰 지팡이,55,47.27
사일러스,부서진 팔목 보호대,54,48.15
사일러스,장화,42,33.33
사일러스,충전형 물약,33,45.45
사일러스,망각의 구,28,50.0
사일러스,추적자의 팔목 보호대,27,59.26
사일러스,악마의 마법서,27,44.44
사일러스,점화석,19,42.11
사일러스,에테르 환영,18,61.11
사일러스,균열 생성기,18,55.56
사일러스,천 갑옷,17,41.18
사일러스,기괴한 가면,13,53.85
사일러스,루비 수정,12,50.0
사일러스,약간 신비한 신발,11,27.27
사일러스,판금 장화,11,36.36
사일러스,마법공학 총검,10,30.0
샤코,자자크의 세계가시,196,48.47
샤코,명석함의 아이오니아 장화,163,48.47
샤코,피의 노래,135,42.22
샤코,루덴의 메아리,129,51.94
샤코,리안드리의 고통,80,52.5
샤코,망각의 구,76,47.37
샤코,신속의 장화,70,47.14
샤코,어둠불꽃 횃불,67,41.79
샤코,그림자 검,64,43.75
샤코,요우무의 유령검,60,41.67
샤코,롱소드,57,36.84
샤코,마법사의 신발,56,50.0
샤코,톱날 단검,55,52.73
샤코,독사의 송곳니,52,34.62
샤코,지평선의 초점,45,60.0
샤코,증폭의 고서,42,57.14
샤코,밤의 끝자락,39,43.59
샤코,벼락폭풍검,32,59.38
샤코,운명의 재,30,53.33
샤코,장화,28,17.86
샤코,악마의 마법서,25,36.0
샤코,기회,21,42.86
샤코,기괴한 가면,21,66.67
샤코,징수의 총,17,29.41
샤코,충전형 물약,15,33.33
샤코,모렐로노미콘,15,66.67
샤코,곡괭이,14,57.14
샤코,마법공학 교류 발전기,13,23.08
샤코,악의,11,72.73
샤코,광전사의 군화,11,72.73
샤코,역병의 보석,10,30.0
세나,신속의 장화,932,53.43
세나,피의 노래,906,53.64
세나,칠흑의 양날 도끼,676,54.73
세나,고속 연사포,329,54.71
세나,처형인의 대검,220,51.82
세나,헬리아의 메아리,165,55.15
세나,꿈 생성기,149,53.02
세나,월석 재생기,144,56.94
세나,롱소드,113,53.1
세나,단검,108,50.0
세나,밤의 끝자락,99,55.56
세나,악곡의 왕관,99,64.65
세나,열정의 검,96,53.13
세나,점화석,94,42.55
세나,정찰병의 새총,89,35.96
세나,민첩성의 망토,88,50.0
세나,곡괭이,87,59.77
세나,톱날 단검,86,55.81
세나,충전형 물약,86,58.14
세나,요우무의 유령검,82,57.32
세나,밴들파이프,81,55.56
세나,루비 수정,75,54.67
세나,금지된 우상,69,68.12
세나,독사의 송곳니,68,57.35
세나,명석함의 아이오니아 장화,67,70.15
세나,화공 펑크 사슬검,63,49.21
세나,B.F. 대검,55,54.55
세나,탐식의 망치,53,39.62
세나,무한의 대검,47,53.19
세나,장화,45,28.89
세나,나보리 명멸검,43,79.07
세나,그림자 검,43,60.47
세나,여신의 눈물,37,43.24
세나,판금 장화,34,50.0
세나,밴들유리 거울,34,67.65
세나,마법광학 장치 C44,33,57.58
세나,땅굴 채굴기,32,65.63
세나,태양의 썰매,29,58.62
세나,새벽심장,22,54.55
세나,필멸자의 운명,22,54.55
세나,유령 무희,20,60.0
세나,콜필드의 전투 망치,20,60.0
세나,거인의 허리띠,18,72.22
세나,징수의 총,17,47.06
세나,천상의 이의,17,52.94
세나,빛나는 티끌,16,50.0
세나,헤르메스의 발걸음,15,80.0
세나,미카엘의 축복,14,50.0
세나,요새파괴자,14,85.71
세나,마법무효화의 망토,14,57.14
세나,폭풍갈퀴,13,46.15
세나,요정의 부적,12,58.33
세나,기회,10,70.0
세나,최후의 속삭임,10,50.0
세라핀,명석함의 아이오니아 장화,1019,46.61
세라핀,꿈 생성기,849,44.29
세라핀,월석 재생기,545,50.46
세라핀,구원,466,49.14
세라핀,라일라이의 수정홀,382,46.86
세라핀,헬리아의 메아리,358,49.44
세라핀,금지된 우상,301,49.5
세라핀,망각의 구,229,41.05
세라핀,점화석,221,47.06
세라핀,태양의 썰매,208,47.12
세라핀,악곡의 왕관,202,44.55
세라핀,증폭의 고서,173,36.99
세라핀,장화,140,33.57
세라핀,미카엘의 축복,137,48.18
세라핀,밴들유리 거울,122,40.98
세라핀,천상의 이의,119,47.06
세라핀,루비 수정,114,51.75
세라핀,빛나는 티끌,112,36.61
세라핀,요정의 부적,98,45.92
세라핀,악마의 마법서,97,41.24
세라핀,여신의 눈물,85,27.06
세라핀,밴들파이프,63,50.79
세라핀,새벽심장,57,56.14
세라핀,충전형 물약,56,30.36
세라핀,자자크의 세계가시,49,40.82
세라핀,거인의 허리띠,42,38.1
세라핀,방출의 마법봉,35,48.57
세라핀,신속의 장화,29,48.28
세라핀,존야의 모래시계,29,58.62
세라핀,부서진 팔목 보호대,26,46.15
세라핀,헤르메스의 발걸음,24,66.67
세라핀,슈렐리아의 군가,21,66.67
세라핀,천 갑옷,18,38.89
세라핀,강철의 솔라리 펜던트,18,44.44
세라핀,불타는 향로,16,62.5
세라핀,마법무효화의 망토,15,46.67
세라핀,대천사의 포옹,14,85.71
세라핀,피의 노래,13,61.54
세라핀,약간 신비한 신발,12,25.0
세라핀,신록의 장벽,12,50.0
세라핀,모렐로노미콘,11,45.45
세라핀,추적자의 팔목 보호대,11,45.45
세주아니,천상의 이의,13,46.15
세주아니,밴들파이프,11,45.45
세주아니,점화석,10,50.0
세트,신속의 장화,36,47.22
세트,발걸음 분쇄기,32,43.75
세트,피의 노래,27,40.74
세트,천상의 이의,20,45.0
세트,루비 수정,20,55.0
세트,밴들파이프,12,50.0
세트,땅굴 채굴기,10,30.0
소나,헬리아의 메아리,873,49.94
소나,악곡의 왕관,869,52.47
소나,명석함의 아이오니아 장화,698,49.71
소나,꿈 생성기,641,45.4
소나,월석 재생기,396,54.29
소나,피의 노래,383,52.74
소나,신속의 장화,340,48.82
소나,금지된 우상,295,47.46
소나,여신의 눈물,227,35.24
소나,점화석,206,45.15
소나,밴들유리 거울,179,51.96
소나,루비 수정,174,47.13
소나,요정의 부적,140,42.14
소나,천상의 이의,108,44.44
소나,빛나는 티끌,93,36.56
소나,망각의 구,92,45.65
소나,증폭의 고서,69,42.03
소나,새벽심장,61,55.74
소나,불타는 향로,56,62.5
소나,미카엘의 축복,43,60.47
소나,장화,41,17.07
소나,약간 신비한 신발,38,23.68
소나,구원,30,63.33
소나,대천사의 포옹,27,37.04
소나,충전형 물약,25,40.0
소나,악마의 마법서,17,47.06
소나,에테르 환영,15,66.67
소나,방출의 마법봉,13,46.15
소나,흐르는 물의 지팡이,13,38.46
소나,속삭이는 머리띠,12,8.33
소나,체력 물약,10,30.0
소나,슈렐리아의 군가,10,70.0
소라카,월석 재생기,700,52.86
소라카,명석함의 아이오니아 장화,485,50.31
소라카,꿈 생성기,474,49.58
소라카,구원,418,58.13
소라카,금지된 우상,358,53.35
소라카,신속의 장화,231,52.81
소라카,천상의 이의,231,51.08
소라카,태양의 썰매,226,50.44
소라카,점화석,166,46.99
소라카,충전형 물약,150,46.67
소라카,미카엘의 축복,126,57.14
소라카,장화,114,36.84
소라카,악곡의 왕관,106,45.28
소라카,새벽심장,101,63.37
소라카,루비 수정,100,45.0
소라카,강철의 솔라리 펜던트,93,59.14
소라카,악마의 마법서,90,42.22
소라카,헤르메스의 발걸음,79,63.29
소라카,빛나는 티끌,74,37.84
소라카,요정의 부적,71,43.66
소라카,증폭의 고서,71,47.89
소라카,망각의 구,52,48.08
소라카,밴들유리 거울,46,32.61
소라카,천 갑옷,44,54.55
소라카,헬리아의 메아리,43,48.84
소라카,밴들파이프,41,48.78
소라카,불타는 향로,39,61.54
소라카,방출의 마법봉,23,73.91
소라카,슈렐리아의 군가,22,50.0
소라카,여신의 눈물,22,36.36
소라카,거인의 허리띠,21,52.38
소라카,에테르 환영,20,40.0
소라카,암흑의 인장,19,78.95
소라카,마법무효화의 망토,15,53.33
소라카,판금 장화,13,46.15
소라카,속삭이는 머리띠,11,27.27
소라카,약간 신비한 신발,10,20.0
쉔,천상의 이의,165,48.48
쉔,명석함의 아이오니아 장화,148,50.68
쉔,밴들파이프,119,52.1
쉔,강철의 솔라리 펜던트,111,50.45
쉔,점화석,84,45.24
쉔,원형질 안전벨트,64,45.31
쉔,기사의 맹세,53,58.49
쉔,충전형 물약,45,46.67
쉔,피의 노래,37,40.54
쉔,루비 수정,31,67.74
쉔,천 갑옷,31,22.58
쉔,판금 장화,31,38.71
쉔,강철심장,24,41.67
쉔,쇠사슬 조끼,24,70.83
쉔,덤불 조끼,22,50.0
쉔,헤르메스의 발걸음,16,43.75
쉔,거인의 허리띠,16,37.5
쉔,마법무효화의 망토,14,28.57
쉔,가시 갑옷,12,41.67
쉔,지크의 융합,10,70.0
스웨인,라일라이의 수정홀,491,49.29
스웨인,태양의 썰매,249,53.41
스웨인,천상의 이의,174,42.53
스웨인,존야의 모래시계,164,48.78
스웨인,자자크의 세계가시,162,43.21
스웨인,망각의 구,155,43.87
스웨인,헤르메스의 발걸음,154,53.9
스웨인,판금 장화,140,52.86
스웨인,증폭의 고서,127,36.22
스웨인,신속의 장화,97,50.52
스웨인,밴들파이프,86,52.33
스웨인,명석함의 아이오니아 장화,83,36.14
스웨인,부서진 팔목 보호대,77,50.65
스웨인,리안드리의 고통,69,56.52
스웨인,마법사의 신발,59,47.46
스웨인,루비 수정,58,51.72
스웨인,천 갑옷,58,39.66
스웨인,점화석,46,45.65
스웨인,원형질 안전벨트,45,42.22
스웨인,장화,45,22.22
스웨인,거인의 허리띠,41,34.15
스웨인,추적자의 팔목 보호대,37,29.73
스웨인,기괴한 가면,33,39.39
스웨인,정령의 형상,31,54.84
스웨인,운명의 재,30,40.0
스웨인,마법무효화의 망토,29,48.28
스웨인,충전형 물약,28,50.0
스웨인,종말의 겨울,23,60.87
스웨인,쓸데없이 큰 지팡이,22,40.91
스웨인,악의,21,42.86
스웨인,여신의 눈물,19,57.89
스웨인,방출의 마법봉,19,36.84
스웨인,얼어붙은 심장,16,56.25
스웨인,망령의 두건,15,46.67
스웨인,덤불 조끼,15,60.0
스웨인,모렐로노미콘,14,50.0
스웨인,음전자 망토,14,57.14
스웨인,암흑의 인장,12,58.33
스웨인,약간 신비한 신발,11,36.36
스웨인,사라진 양피지,10,50.0
스웨인,쇠사슬 조끼,10,60.0
스카너,밴들파이프,90,53.33
스카너,명석함의 아이오니아 장화,61,57.38
스카너,피의 노래,60,51.67
스카너,천상의 이의,59,40.68
스카너,점화석,57,52.63
스카너,지크의 융합,54,53.7
스카너,거대한 히드라,34,32.35
스카너,신속의 장화,29,55.17
스카너,천 갑옷,28,42.86
스카너,강철의 솔라리 펜던트,28,60.71
스카너,루비 수정,24,41.67
스카너,판금 장화,23,34.78
스카너,기사의 맹세,22,50.0
스카너,헤르메스의 발걸음,19,42.11
스카너,태양의 썰매,18,66.67
스카너,원형질 안전벨트,17,47.06
스카너,거인의 허리띠,15,73.33
스카너,마법무효화의 망토,14,50.0
스카너,덤불 조끼,12,50.0
신 짜오,피의 노래,10,20.0
신드라,자자크의 세계가시,19,36.84
신드라,폭풍 쇄도,11,54.55
신드라,명석함의 아이오니아 장화,10,50.0
신드라,루덴의 메아리,10,20.0
신드라,마법사의 신발,10,40.0
신지드,신속의 장화,14,50.0
신지드,천상의 이의,12,33.33
신지드,라일라이의 수정홀,10,50.0
쓰레쉬,강철의 솔라리 펜던트,4264,52.98
쓰레쉬,밴들파이프,3907,53.03
쓰레쉬,천상의 이의,3679,50.5
쓰레쉬,신속의 장화,3669,52.88
쓰레쉬,점화석,2901,49.64
쓰레쉬,태양의 썰매,2624,53.28
쓰레쉬,명석함의 아이오니아 장화,1545,50.87
쓰레쉬,기사의 맹세,1402,58.13
쓰레쉬,천 갑옷,1329,43.04
쓰레쉬,루비 수정,1070,52.71
쓰레쉬,미카엘의 축복,797,55.83
쓰레쉬,마법무효화의 망토,705,44.26
쓰레쉬,충전형 물약,672,49.11
쓰레쉬,헤르메스의 발걸음,604,51.16
쓰레쉬,원형질 안전벨트,594,55.39
쓰레쉬,지크의 융합,462,55.63
쓰레쉬,판금 장화,417,50.6
쓰레쉬,쇠사슬 조끼,387,51.42
쓰레쉬,구원,369,53.12
쓰레쉬,금지된 우상,309,48.87
쓰레쉬,빛나는 티끌,246,49.19
쓰레쉬,덤불 조끼,233,43.78
쓰레쉬,거인의 허리띠,226,49.56
쓰레쉬,악마의 마법서,154,51.3
쓰레쉬,장화,151,24.5
쓰레쉬,파수꾼의 갑옷,125,56.0
쓰레쉬,개척자,118,53.39
쓰레쉬,얼어붙은 심장,113,53.98
쓰레쉬,가시 갑옷,90,55.56
쓰레쉬,원기 회복의 구슬,79,44.3
쓰레쉬,음전자 망토,77,46.75
쓰레쉬,요정의 부적,70,57.14
쓰레쉬,얼음 방패,70,55.71
쓰레쉬,룬 나침반,61,19.67
쓰레쉬,증폭의 고서,59,45.76
쓰레쉬,비상의 월갑,51,66.67
쓰레쉬,굳건한 의지의 완전한 비스킷,43,51.16
쓰레쉬,심연의 가면,41,58.54
쓰레쉬,제어 와드,38,26.32
쓰레쉬,체력 물약,27,37.04
쓰레쉬,약간 신비한 신발,25,8.0
쓰레쉬,피의 노래,22,50.0
쓰레쉬,세계의 결실,18,16.67
쓰레쉬,란두인의 예언,17,41.18
쓰레쉬,케이닉 루컨,16,50.0
쓰레쉬,망령의 두건,15,73.33
쓰레쉬,슈렐리아의 군가,10,50.0
아무무,천상의 이의,81,50.62
아무무,강철의 솔라리 펜던트,45,57.78
아무무,밴들파이프,40,57.5
아무무,명석함의 아이오니아 장화,33,57.58
아무무,판금 장화,29,44.83
아무무,점화석,28,57.14
아무무,헤르메스의 발걸음,28,53.57
아무무,지크의 융합,24,45.83
아무무,천 갑옷,22,45.45
아무무,원형질 안전벨트,18,61.11
아무무,루비 수정,13,38.46
아무무,쇠사슬 조끼,12,58.33
아무무,망각의 구,12,50.0
아무무,태양의 썰매,12,58.33
아무무,가시 갑옷,12,75.0
아무무,덤불 조끼,10,40.0
아무무,심연의 가면,10,50.0
아무무,마법무효화의 망토,10,60.0
아이번,꿈 생성기,18,61.11
아이번,명석함의 아이오니아 장화,14,50.0
아이번,월석 재생기,13,76.92
아이번,헬리아의 메아리,10,90.0
아이번,구원,10,60.0
아크샨,피의 노래,10,30.0
알리스타,천상의 이의,3715,51.95
알리스타,밴들파이프,2432,53.58
알리스타,점화석,2084,50.86
알리스타,신속의 장화,2026,52.96
알리스타,강철의 솔라리 펜던트,1947,54.08
알리스타,지크의 융합,1859,54.44
알리스타,명석함의 아이오니아 장화,1482,53.58
알리스타,천 갑옷,1146,45.29
알리스타,원형질 안전벨트,999,57.96
알리스타,태양의 썰매,912,51.1
알리스타,루비 수정,874,51.14
알리스타,마법무효화의 망토,684,44.59
알리스타,판금 장화,517,49.32
알리스타,헤르메스의 발걸음,468,51.5
알리스타,덤불 조끼,454,54.41
알리스타,충전형 물약,416,49.76
알리스타,기사의 맹세,378,62.96
알리스타,쇠사슬 조끼,241,55.6
알리스타,거인의 허리띠,237,56.54
알리스타,장화,186,24.19
알리스타,가시 갑옷,169,50.89
알리스타,구원,147,57.82
알리스타,빛나는 티끌,140,48.57
알리스타,개척자,121,58.68
알리스타,미카엘의 축복,104,60.58
알리스타,금지된 우상,89,64.04
알리스타,음전자 망토,81,50.62
알리스타,악마의 마법서,79,50.63
알리스타,심연의 가면,73,54.79
알리스타,비상의 월갑,71,45.07
알리스타,슈렐리아의 군가,60,65.0
알리스타,파수꾼의 갑옷,53,47.17
알리스타,피의 노래,47,61.7
알리스타,암흑의 인장,47,59.57
알리스타,약간 신비한 신발,42,54.76
알리스타,증폭의 고서,39,43.59
알리스타,망각의 구,32,50.0
알리스타,룬 나침반,28,7.14
알리스타,얼어붙은 심장,27,62.96
알리스타,얼음 방패,19,31.58
알리스타,요정의 부적,18,50.0
알리스타,제어 와드,17,11.76
알리스타,자자크의 세계가시,14,28.57
알리스타,굳건한 의지의 완전한 비스킷,14,28.57
알리스타,란두인의 예언,12,75.0
알리스타,메자이의 영혼약탈자,11,81.82
알리스타,원기 회복의 구슬,11,36.36
애니비아,영겁의 지팡이,209,57.42
애니비아,자자크의 세계가시,120,53.33
애니비아,신속의 장화,115,57.39
애니비아,명석함의 아이오니아 장화,103,56.31
애니비아,천상의 이의,81,55.56
애니비아,증폭의 고서,73,52.05
애니비아,존야의 모래시계,66,62.12
애니비아,망각의 구,65,55.38
애니비아,밴들파이프,60,70.0
애니비아,태양의 썰매,47,55.32
애니비아,충전형 물약,30,53.33
애니비아,점화석,24,45.83
애니비아,부서진 팔목 보호대,22,36.36
애니비아,천 갑옷,19,47.37
애니비아,암흑의 인장,15,60.0
애니비아,장화,15,33.33
애니비아,리안드리의 고통,14,50.0
애니비아,억겁의 카탈리스트,13,38.46
애니비아,모렐로노미콘,13,61.54
애니비아,방출의 마법봉,13,53.85
애니비아,쓸데없이 큰 지팡이,11,63.64
애니비아,슈렐리아의 군가,10,30.0
애니비아,추적자의 팔목 보호대,10,80.0
애니비아,루비 수정,10,50.0
애쉬,명석함의 아이오니아 장화,54,53.7
애쉬,피의 노래,41,48.78
애쉬,그림자 검,35,60.0
애쉬,제국의 명령,33,69.7
애쉬,밴들파이프,31,67.74
애쉬,처형인의 대검,23,47.83
애쉬,천상의 이의,17,58.82
애쉬,신속의 장화,16,56.25
애쉬,태양의 썰매,13,46.15
애쉬,원칙의 원형낫,13,53.85
애쉬,콜필드의 전투 망치,12,58.33
애쉬,톱날 단검,11,27.27
애쉬,롱소드,11,9.09
애쉬,밤의 끝자락,10,40.0
애쉬,빛나는 티끌,10,50.0
에코,황혼과 새벽,11,54.55
에코,천상의 이의,11,63.64
에코,암흑의 인장,10,50.0
엘리스,피의 노래,1865,52.39
엘리스,마법사의 신발,1805,52.02
엘리스,폭풍 쇄도,1442,52.29
엘리스,마법공학 로켓 벨트,883,53.91
엘리스,증폭의 고서,741,51.28
엘리스,존야의 모래시계,508,56.89
엘리스,마법공학 교류 발전기,436,44.72
엘리스,그림자불꽃,420,53.33
엘리스,암흑의 인장,412,61.65
엘리스,망각의 구,355,49.58
엘리스,쓸데없이 큰 지팡이,279,53.05
엘리스,부서진 팔목 보호대,205,57.56
엘리스,충전형 물약,196,44.39
엘리스,천상의 이의,171,49.71
엘리스,자자크의 세계가시,170,47.65
엘리스,명석함의 아이오니아 장화,168,57.14
엘리스,역병의 보석,134,51.49
엘리스,추적자의 팔목 보호대,119,50.42
엘리스,장화,101,28.71
엘리스,신속의 장화,99,56.57
엘리스,에테르 환영,98,44.9
엘리스,악마의 마법서,86,48.84
엘리스,모렐로노미콘,83,55.42
엘리스,방출의 마법봉,76,48.68
엘리스,공허의 지팡이,75,44.0
엘리스,라일라이의 수정홀,65,64.62
엘리스,신록의 장벽,58,58.62
엘리스,점화석,55,63.64
엘리스,밴시의 장막,50,64.0
엘리스,천 갑옷,50,52.0
엘리스,루비 수정,49,51.02
엘리스,메자이의 영혼약탈자,37,91.89
엘리스,헤르메스의 발걸음,35,60.0
엘리스,밴들파이프,24,70.83
엘리스,라바돈의 죽음모자,23,47.83
엘리스,거인의 허리띠,23,47.83
엘리스,무덤꽃,20,45.0
엘리스,마법무효화의 망토,20,70.0
엘리스,빛나는 티끌,18,61.11
엘리스,구원,13,38.46
엘리스,슈렐리아의 군가,13,61.54
엘리스,음전자 망토,12,58.33
엘리스,강철의 솔라리 펜던트,12,66.67
엘리스,기괴한 가면,11,54.55
엘리스,심연의 가면,10,60.0
오공,피의 노래,26,42.31
오공,그림자 검,12,33.33
오공,롱소드,12,58.33
오공,벼락폭풍검,10,50.0
오리아나,꿈 생성기,18,50.0
오리아나,명석함의 아이오니아 장화,15,53.33
오리아나,구원,11,72.73
오리아나,밴들파이프,10,60.0
우디르,피의 노래,13,61.54
유미,꿈 생성기,1821,44.43
유미,월석 재생기,1402,47.08
유미,금지된 우상,984,48.07
유미,미카엘의 축복,874,45.19
유미,악곡의 왕관,574,44.77
유미,불타는 향로,470,47.02
유미,요정의 부적,313,39.94
유미,망각의 구,270,38.15
유미,구원,255,54.51
유미,빛나는 티끌,240,32.08
유미,점화석,234,41.45
유미,밴들유리 거울,213,38.5
유미,여신의 눈물,195,44.1
유미,증폭의 고서,184,42.39
유미,새벽심장,160,58.13
유미,루비 수정,128,46.88
유미,악마의 마법서,127,42.52
유미,흐르는 물의 지팡이,120,56.67
유미,에테르 환영,101,51.49
유미,헬리아의 메아리,68,47.06
유미,기사의 맹세,66,63.64
유미,제국의 명령,53,49.06
유미,방출의 마법봉,47,55.32
유미,슈렐리아의 군가,38,42.11
유미,속삭이는 머리띠,34,44.12
유미,암흑의 인장,30,43.33
유미,체력 물약,28,28.57
유미,룬 나침반,26,15.38
유미,자자크의 세계가시,25,32.0
유미,천 갑옷,20,45.0
유미,태양의 썰매,17,47.06
유미,실체화 장비,14,50.0
유미,쇠사슬 조끼,14,64.29
유미,밴들파이프,12,25.0
유미,명석함의 아이오니아 장화,11,63.64
유미,사라진 양피지,11,45.45
유미,제어 와드,10,10.0
자르반 4세,천상의 이의,56,57.14
자르반 4세,명석함의 아이오니아 장화,38,60.53
자르반 4세,피의 노래,30,43.33
자르반 4세,갈라진 하늘,28,42.86
자르반 4세,판금 장화,22,54.55
자르반 4세,그림자 검,20,55.0
자르반 4세,헤르메스의 발걸음,18,38.89
자르반 4세,밴들파이프,17,76.47
자르반 4세,롱소드,17,64.71
자르반 4세,월식,17,52.94
자르반 4세,루비 수정,14,28.57
자르반 4세,강철의 솔라리 펜던트,14,57.14
자르반 4세,충전형 물약,12,58.33
자이라,자자크의 세계가시,367,46.32
자이라,리안드리의 고통,286,48.95
자이라,망각의 구,216,49.54
자이라,라일라이의 수정홀,179,46.37
자이라,마법사의 신발,154,40.26
자이라,명석함의 아이오니아 장화,141,60.28
자이라,증폭의 고서,109,36.7
자이라,모렐로노미콘,50,50.0
자이라,무덤꽃,48,64.58
자이라,신속의 장화,46,52.17
자이라,충전형 물약,44,43.18
자이라,운명의 재,39,35.9
자이라,방출의 마법봉,38,57.89
자이라,장화,31,22.58
자이라,기괴한 가면,31,38.71
자이라,거인의 허리띠,28,46.43
자이라,존야의 모래시계,24,37.5
자이라,역병의 보석,23,47.83
자이라,어둠불꽃 횃불,22,59.09
자이라,점화석,19,47.37
자이라,부서진 팔목 보호대,19,63.16
자이라,루비 수정,18,44.44
자이라,악마의 마법서,17,41.18
자이라,천상의 이의,15,46.67
자크,천상의 이의,78,46.15
자크,밴들파이프,36,47.22
자크,명석함의 아이오니아 장화,35,40.0
자크,정령의 형상,31,45.16
자크,강철의 솔라리 펜던트,30,50.0
자크,판금 장화,29,37.93
자크,점화석,27,48.15
자크,루비 수정,25,32.0
자크,헤르메스의 발걸음,25,72.0
자크,원형질 안전벨트,23,43.48
자크,지크의 융합,22,45.45
자크,태양불꽃 방패,20,45.0
자크,태양의 썰매,17,58.82
자크,가시 갑옷,16,50.0
자크,덤불 조끼,14,57.14
자크,쇠사슬 조끼,10,60.0
자크,란두인의 예언,10,70.0
잔나,꿈 생성기,424,52.12
잔나,신속의 장화,340,49.12
잔나,구원,267,52.06
잔나,명석함의 아이오니아 장화,243,55.56
잔나,금지된 우상,219,49.77
잔나,월석 재생기,208,51.44
잔나,불타는 향로,201,61.19
잔나,태양의 썰매,119,56.3
잔나,슈렐리아의 군가,110,57.27
잔나,미카엘의 축복,107,60.75
잔나,점화석,101,47.52
잔나,밴들파이프,90,64.44
잔나,헬리아의 메아리,84,47.62
잔나,증폭의 고서,73,42.47
잔나,악마의 마법서,63,55.56
잔나,제국의 명령,58,53.45
잔나,요정의 부적,54,59.26
잔나,밴들유리 거울,54,64.81
잔나,천상의 이의,54,40.74
잔나,충전형 물약,50,44.0
잔나,새벽심장,46,60.87
잔나,빛나는 티끌,44,47.73
잔나,암흑의 인장,40,55.0
잔나,망각의 구,39,48.72
잔나,강철의 솔라리 펜던트,39,51.28
잔나,악곡의 왕관,38,55.26
잔나,자자크의 세계가시,34,55.88
잔나,에테르 환영,33,57.58
잔나,약간 신비한 신발,29,48.28
잔나,루비 수정,27,59.26
잔나,여신의 눈물,20,55.0
잔나,장화,17,52.94
잔나,천 갑옷,13,46.15
잔나,마법무효화의 망토,11,54.55
잭스,피의 노래,21,71.43
잭스,마법공학 로켓 벨트,11,72.73
제라스,자자크의 세계가시,317,42.27
제라스,루덴의 메아리,280,43.21
제라스,마법사의 신발,255,44.31
제라스,지평선의 초점,142,44.37
제라스,증폭의 고서,92,40.22
제라스,악마의 마법서,69,31.88
제라스,망각의 구,59,30.51
제라스,그림자불꽃,58,46.55
제라스,쓸데없이 큰 지팡이,54,31.48
제라스,마법공학 교류 발전기,49,34.69
제라스,암흑의 인장,37,43.24
제라스,장화,35,22.86
제라스,충전형 물약,30,46.67
제라스,메자이의 영혼약탈자,18,50.0
제라스,모렐로노미콘,16,31.25
제라스,사라진 양피지,16,31.25
제라스,라바돈의 죽음모자,15,53.33
제라스,존야의 모래시계,13,46.15
제라스,어둠불꽃 횃불,12,25.0
제라스,명석함의 아이오니아 장화,12,66.67
제라스,여신의 눈물,11,45.45
제라스,폭풍 쇄도,11,54.55
제이스,여신의 눈물,16,87.5
제이스,천상의 이의,15,86.67
제이스,요우무의 유령검,15,80.0
제이스,명석함의 아이오니아 장화,10,70.0
조이,자자크의 세계가시,149,52.35
조이,루덴의 메아리,119,50.42
조이,명석함의 아이오니아 장화,113,47.79
조이,지평선의 초점,108,58.33
조이,마법사의 신발,86,54.65
조이,증폭의 고서,78,42.31
조이,악마의 마법서,62,54.84
조이,천상의 이의,50,46.0
조이,망각의 구,39,51.28
조이,슈렐리아의 군가,34,52.94
조이,존야의 모래시계,25,52.0
조이,암흑의 인장,22,59.09
조이,쓸데없이 큰 지팡이,19,36.84
조이,충전형 물약,17,52.94
조이,마법공학 교류 발전기,16,43.75
조이,폭풍 쇄도,16,62.5
조이,구원,12,41.67
직스,자자크의 세계가시,10,40.0
질리언,명석함의 아이오니아 장화,403,52.36
질리언,슈렐리아의 군가,395,54.68
질리언,태양의 썰매,259,58.3
질리언,천상의 이의,237,47.68
질리언,밴들파이프,160,58.13
질리언,신속의 장화,118,53.39
질리언,점화석,112,57.14
질리언,증폭의 고서,94,46.81
질리언,구원,76,61.84
질리언,망각의 구,71,43.66
질리언,제국의 명령,69,59.42
질리언,충전형 물약,63,39.68
질리언,자자크의 세계가시,62,51.61
질리언,미카엘의 축복,56,57.14
질리언,존야의 모래시계,49,59.18
질리언,악마의 마법서,48,56.25
질리언,밴들유리 거울,43,37.21
질리언,강철의 솔라리 펜던트,40,55.0
질리언,천 갑옷,37,45.95
질리언,루비 수정,36,47.22
질리언,빛나는 티끌,35,42.86
질리언,여신의 눈물,35,48.57
질리언,금지된 우상,27,40.74
질리언,모렐로노미콘,25,52.0
질리언,마법무효화의 망토,24,54.17
질리언,에테르 환영,23,26.09
질리언,기사의 맹세,22,59.09
질리언,암흑의 인장,22,63.64
질리언,원형질 안전벨트,22,40.91
질리언,비상의 월갑,22,40.91
질리언,신록의 장벽,19,73.68
질리언,추적자의 팔목 보호대,17,64.71
질리언,우주의 추진력,17,58.82
질리언,마법공학 로켓 벨트,17,47.06
질리언,쇠사슬 조끼,16,50.0
질리언,루덴의 메아리,15,46.67
질리언,메자이의 영혼약탈자,14,85.71
질리언,헤르메스의 발걸음,14,50.0
질리언,장화,14,35.71
질리언,거인의 허리띠,13,46.15
질리언,약간 신비한 신발,13,23.08
질리언,꿈 생성기,13,23.08
질리언,개척자,13,69.23
질리언,영겁의 지팡이,12,66.67
질리언,판금 장화,11,63.64
질리언,악곡의 왕관,11,45.45
질리언,쓸데없이 큰 지팡이,10,50.0
질리언,얼어붙은 심장,10,60.0
카르마,명석함의 아이오니아 장화,4180,49.19
카르마,꿈 생성기,2909,48.78
카르마,월석 재생기,2445,49.86
카르마,구원,2385,50.65
카르마,금지된 우상,1057,51.18
카르마,슈렐리아의 군가,1009,52.73
카르마,미카엘의 축복,850,52.59
카르마,망각의 구,805,46.34
카르마,점화석,744,48.52
카르마,자자크의 세계가시,708,48.45
카르마,증폭의 고서,649,43.91
카르마,밴들유리 거울,584,46.4
카르마,헬리아의 메아리,526,54.37
카르마,악마의 마법서,524,47.71
카르마,천상의 이의,485,42.89
카르마,충전형 물약,451,41.24
카르마,태양의 썰매,393,49.62
카르마,악의,326,47.85
카르마,빛나는 티끌,318,43.4
카르마,요정의 부적,303,44.88
카르마,루비 수정,295,51.19
카르마,제국의 명령,280,49.64
카르마,에테르 환영,212,45.28
카르마,불타는 향로,167,49.1
카르마,밴들파이프,155,54.19
카르마,장화,150,26.0
카르마,새벽심장,149,57.05
카르마,모렐로노미콘,109,50.46
카르마,악곡의 왕관,101,49.5
카르마,강철의 솔라리 펜던트,99,50.51
카르마,암흑의 인장,77,57.14
카르마,방출의 마법봉,73,57.53
카르마,신속의 장화,61,40.98
카르마,약간 신비한 신발,49,32.65
카르마,천 갑옷,41,39.02
카르마,사라진 양피지,37,35.14
카르마,마법사의 신발,36,36.11
카르마,여신의 눈물,33,33.33
카르마,헤르메스의 발걸음,32,46.88
카르마,흐르는 물의 지팡이,32,50.0
카르마,메자이의 영혼약탈자,29,79.31
카르마,체력 물약,26,38.46
카르마,지평선의 초점,25,36.0
카르마,마법무효화의 망토,24,45.83
카르마,굳건한 의지의 완전한 비스킷,23,47.83
카르마,루덴의 메아리,23,26.09
카르마,룬 나침반,21,23.81
카르마,기사의 맹세,16,50.0
카르마,판금 장화,15,46.67
카르마,신록의 장벽,14,57.14
카르마,개척자,14,50.0
카르마,존야의 모래시계,13,76.92
카르마,제어 와드,12,8.33
카르마,세계의 결실,11,9.09
카르마,마법공학 교류 발전기,11,36.36
카르마,속삭이는 머리띠,11,36.36
카르마,공허의 지팡이,11,45.45
카르마,역병의 보석,11,45.45
카밀,피의 노래,198,48.99
카밀,갈라진 하늘,117,44.44
카밀,월식,92,47.83
카밀,판금 장화,73,46.58
카밀,롱소드,65,40.0
카밀,헤르메스의 발걸음,60,50.0
카밀,천상의 이의,58,53.45
카밀,스테락의 도전,57,56.14
카밀,명석함의 아이오니아 장화,57,50.88
카밀,루비 수정,51,37.25
카밀,땅굴 채굴기,47,51.06
카밀,장화,46,52.17
카밀,삼위일체,40,65.0
카밀,콜필드의 전투 망치,24,41.67
카밀,곡괭이,20,60.0
카밀,천 갑옷,18,44.44
카밀,실험적 마공학판,17,76.47
카밀,강철 인장,16,50.0
카밀,그림자 검,15,20.0
카밀,독사의 송곳니,15,40.0
카밀,죽음의 무도,15,53.33
카밀,처형인의 대검,14,35.71
카밀,발걸음 분쇄기,14,64.29
카밀,점화석,14,71.43
카밀,거대한 히드라,13,61.54
카밀,톱날 단검,13,53.85
카밀,충전형 물약,13,84.62
카밀,신속의 장화,12,50.0
카밀,밴들파이프,12,66.67
카밀,지크의 융합,11,54.55
카밀,마법무효화의 망토,11,72.73
카시오페아,천상의 이의,25,64.0
카시오페아,신속의 장화,22,68.18
카시오페아,루덴의 메아리,21,61.9
카시오페아,슈렐리아의 군가,15,60.0
케넨,마법공학 로켓 벨트,78,60.26
케넨,천상의 이의,46,63.04
케넨,마법사의 신발,43,65.12
케넨,증폭의 고서,37,72.97
케넨,자자크의 세계가시,36,58.33
케넨,폭풍 쇄도,35,48.57
케넨,약간 신비한 신발,19,57.89
케넨,마법공학 교류 발전기,18,44.44
케넨,존야의 모래시계,18,61.11
케넨,쓸데없이 큰 지팡이,14,64.29
케넨,충전형 물약,13,76.92
케넨,망각의 구,11,63.64
케넨,명석함의 아이오니아 장화,10,60.0
케이틀린,피의 노래,14,35.71
케이틀린,그림자 검,10,40.0
크산테,지크의 융합,41,36.59
크산테,피의 노래,37,43.24
크산테,밴들파이프,34,47.06
크산테,판금 장화,23,39.13
크산테,헤르메스의 발걸음,16,50.0
크산테,천 갑옷,15,26.67
크산테,쇠사슬 조끼,11,45.45
크산테,루비 수정,11,0.0
키아나,피의 노래,38,44.74
키아나,그림자 검,35,48.57
키아나,명석함의 아이오니아 장화,31,51.61
키아나,톱날 단검,18,55.56
키아나,롱소드,13,46.15
키아나,독사의 송곳니,13,30.77
키아나,원칙의 원형낫,13,38.46
키아나,밤의 끝자락,12,58.33
타릭,명석함의 아이오니아 장화,749,50.73
타릭,꿈 생성기,743,53.3
타릭,밴들파이프,495,53.74
타릭,여신의 눈물,484,47.93
타릭,점화석,416,47.6
타릭,강철의 솔라리 펜던트,390,52.56
타릭,악곡의 왕관,269,53.9
타릭,종말의 겨울,230,53.91
타릭,루비 수정,218,55.5
타릭,지크의 융합,174,54.6
타릭,천상의 이의,158,42.41
타릭,기사의 맹세,146,54.79
타릭,천 갑옷,142,40.85
타릭,태양의 썰매,97,41.24
타릭,판금 장화,94,50.0
타릭,신속의 장화,90,61.11
타릭,헤르메스의 발걸음,83,44.58
타릭,금지된 우상,77,54.55
타릭,마법무효화의 망토,66,28.79
타릭,구원,52,48.08
타릭,원형질 안전벨트,46,65.22
타릭,거인의 허리띠,41,51.22
타릭,미카엘의 축복,37,54.05
타릭,얼어붙은 심장,35,54.29
타릭,쇠사슬 조끼,33,57.58
타릭,피의 노래,28,75.0
타릭,빛나는 티끌,26,69.23
타릭,덤불 조끼,20,65.0
타릭,파수꾼의 갑옷,18,66.67
타릭,약간 신비한 신발,17,35.29
타릭,얼음 방패,17,64.71
타릭,개척자,15,66.67
타릭,충전형 물약,14,28.57
타릭,가시 갑옷,14,21.43
타릭,악마의 마법서,13,30.77
타릭,룬 나침반,12,16.67
타릭,불타는 향로,10,50.0
탈리야,명석함의 아이오니아 장화,59,52.54
탈리야,라일라이의 수정홀,43,53.49
탈리야,태양의 썰매,31,58.06
탈리야,천상의 이의,31,51.61
탈리야,충전형 물약,26,53.85
탈리야,루덴의 메아리,26,57.69
탈리야,존야의 모래시계,23,52.17
탈리야,망각의 구,21,57.14
탈리야,증폭의 고서,20,55.0
탈리야,자자크의 세계가시,13,46.15
탐 켄치,천상의 이의,164,48.17
탐 켄치,밴들파이프,139,52.52
탐 켄치,판금 장화,132,47.73
탐 켄치,강철의 솔라리 펜던트,108,49.07
탐 켄치,태양의 썰매,105,45.71
탐 켄치,점화석,98,47.96
탐 켄치,헤르메스의 발걸음,84,52.38
탐 켄치,강철심장,74,43.24
탐 켄치,원형질 안전벨트,68,52.94
탐 켄치,천 갑옷,65,44.62
탐 켄치,루비 수정,62,35.48
탐 켄치,덤불 조끼,37,40.54
탐 켄치,기사의 맹세,36,75.0
탐 켄치,거인의 허리띠,36,55.56
탐 켄치,신속의 장화,35,54.29
탐 켄치,마법무효화의 망토,30,46.67
탐 켄치,충전형 물약,24,50.0
탐 켄치,쇠사슬 조끼,21,52.38
탐 켄치,가시 갑옷,21,47.62
탐 켄치,장화,20,30.0
탐 켄치,피의 노래,16,56.25
탐 켄치,끝없는 절망,11,36.36
탐 켄치,음전자 망토,11,45.45
탐 켄치,미카엘의 축복,10,40.0
트런들,밴들파이프,13,46.15
트런들,강철의 솔라리 펜던트,11,45.45
트런들,피의 노래,10,50.0
트위스티드 페이트,고속 연사포,17,41.18
트위스티드 페이트,신속의 장화,17,47.06
트위스티드 페이트,피의 노래,13,38.46
트위스티드 페이트,슈렐리아의 군가,11,54.55
트위치,피의 노래,42,45.24
트위치,내셔의 이빨,34,47.06
트위치,광전사의 군화,30,40.0
트위치,천상의 이의,17,41.18
트위치,몰락한 왕의 검,17,41.18
트위치,라바돈의 죽음모자,16,43.75
트위치,쓸데없이 큰 지팡이,15,53.33
트위치,명석함의 아이오니아 장화,13,61.54
트위치,존야의 모래시계,12,41.67
트위치,암흑의 인장,12,58.33
트위치,악마사냥꾼의 화살,11,54.55
트위치,징수의 총,10,40.0
파이크,그림자 검,2457,49.74
파이크,천상의 이의,2091,50.02
파이크,신속의 장화,1493,49.3
파이크,밤의 끝자락,1169,51.15
파이크,롱소드,1094,47.35
파이크,톱날 단검,1021,43.19
파이크,명석함의 아이오니아 장화,842,53.09
파이크,피의 노래,758,49.74
파이크,요우무의 유령검,656,53.66
파이크,충전형 물약,345,51.3
파이크,헤르메스의 발걸음,308,47.73
파이크,땅굴 채굴기,276,45.29
파이크,얼어붙은 심장,206,52.91
파이크,콜필드의 전투 망치,177,36.72
파이크,수은 장식띠,151,52.32
파이크,판금 장화,143,56.64
파이크,벼락폭풍검,142,55.63
파이크,꽁지깃,138,47.83
파이크,강철 인장,136,55.88
파이크,천 갑옷,131,51.15
파이크,장화,122,23.77
파이크,주문포식자,115,53.04
파이크,루비 수정,101,46.53
파이크,기회,100,61.0
파이크,원칙의 원형낫,99,55.56
파이크,맬모셔스의 아귀,96,54.17
파이크,독사의 송곳니,92,56.52
파이크,마법무효화의 망토,86,53.49
파이크,파수꾼의 갑옷,83,48.19
파이크,야수화,76,63.16
파이크,수호 천사,68,58.82
파이크,밴들파이프,63,57.14
파이크,곡괭이,61,37.7
파이크,요새파괴자,61,62.3
파이크,B.F. 대검,52,61.54
파이크,태양의 썰매,49,40.82
파이크,처형인의 대검,42,52.38
파이크,빛나는 티끌,41,51.22
파이크,얼음 방패,36,36.11
파이크,점화석,34,47.06
파이크,룬 나침반,32,28.13
파이크,약간 신비한 신발,29,44.83
파이크,죽음의 무도,26,65.38
파이크,수당,22,90.91
파이크,미카엘의 축복,20,55.0
파이크,제어 와드,20,30.0
파이크,덤불 조끼,19,52.63
파이크,체력 물약,17,29.41
파이크,쇠사슬 조끼,13,61.54
파이크,란두인의 예언,13,84.62
파이크,강철의 솔라리 펜던트,13,38.46
파이크,음전자 망토,12,58.33
파이크,헤르메스의 시미터,12,75.0
파이크,거인의 허리띠,12,66.67
판테온,피의 노래,878,49.2
판테온,갈라진 하늘,657,51.75
판테온,칠흑의 양날 도끼,363,53.44
판테온,그림자 검,311,48.87
판테온,롱소드,296,42.57
판테온,판금 장화,289,53.63
판테온,신속의 장화,284,51.06
판테온,헤르메스의 발걸음,240,50.42
판테온,천상의 이의,186,46.24
판테온,루비 수정,185,51.35
판테온,장화,172,34.3
판테온,땅굴 채굴기,145,52.41
판테온,곡괭이,126,57.94
판테온,콜필드의 전투 망치,117,37.61
판테온,톱날 단검,115,35.65
판테온,탐식의 망치,113,47.79
판테온,월식,110,47.27
판테온,충전형 물약,107,44.86
판테온,요우무의 유령검,101,49.5
판테온,처형인의 대검,92,44.57
판테온,점화석,85,44.71
판테온,독사의 송곳니,75,45.33
판테온,밤의 끝자락,63,47.62
판테온,명석함의 아이오니아 장화,63,53.97
판테온,쇼진의 창,42,57.14
판테온,기회,30,50.0
판테온,화공 펑크 사슬검,30,50.0
판테온,천 갑옷,30,63.33
판테온,강철 인장,28,60.71
판테온,스테락의 도전,27,51.85
판테온,마법무효화의 망토,23,47.83
판테온,수호 천사,21,42.86
판테온,밴들파이프,21,47.62
판테온,빛나는 티끌,21,47.62
판테온,약간 신비한 신발,20,35.0
판테온,맬모셔스의 아귀,17,47.06
판테온,비상의 월갑,16,56.25
판테온,끝없는 갈망,13,53.85
판테온,주문포식자,13,76.92
판테온,거인의 허리띠,13,61.54
판테온,죽음의 무도,12,66.67
판테온,필멸자의 운명,11,45.45
판테온,꽁지깃,10,30.0
피들스틱,태양의 썰매,144,47.92
피들스틱,신속의 장화,135,50.37
피들스틱,개척자,106,50.0
피들스틱,마법사의 신발,93,45.16
피들스틱,존야의 모래시계,92,50.0
피들스틱,자자크의 세계가시,77,51.95
피들스틱,망각의 구,75,40.0
피들스틱,천상의 이의,64,43.75
피들스틱,증폭의 고서,62,33.87
피들스틱,리안드리의 고통,55,50.91
피들스틱,점화석,43,53.49
피들스틱,밴들파이프,40,45.0
피들스틱,명석함의 아이오니아 장화,39,48.72
피들스틱,충전형 물약,26,42.31
피들스틱,부서진 팔목 보호대,24,45.83
피들스틱,천 갑옷,23,52.17
피들스틱,루비 수정,20,55.0
피들스틱,악의,19,47.37
피들스틱,마법무효화의 망토,18,33.33
피들스틱,쇠사슬 조끼,18,61.11
피들스틱,기사의 맹세,17,64.71
피들스틱,모렐로노미콘,17,64.71
피들스틱,라일라이의 수정홀,17,47.06
피들스틱,비상의 월갑,16,43.75
피들스틱,추적자의 팔목 보호대,15,66.67
피들스틱,쓸데없이 큰 지팡이,13,69.23
피들스틱,운명의 재,12,8.33
피들스틱,마법공학 로켓 벨트,12,75.0
피들스틱,신록의 장벽,11,27.27
하이머딩거,자자크의 세계가시,118,49.15
하이머딩거,라일라이의 수정홀,82,48.78
하이머딩거,망각의 구,63,50.79
하이머딩거,명석함의 아이오니아 장화,55,49.09
하이머딩거,마법사의 신발,54,50.0
하이머딩거,어둠불꽃 횃불,44,54.55
하이머딩거,증폭의 고서,43,44.19
하이머딩거,리안드리의 고통,23,69.57
하이머딩거,존야의 모래시계,19,36.84
하이머딩거,충전형 물약,18,50.0
하이머딩거,슈렐리아의 군가,13,53.85
하이머딩거,장화,12,41.67
하이머딩거,천상의 이의,11,45.45
하이머딩거,부서진 팔목 보호대,11,36.36
하이머딩거,쓸데없이 큰 지팡이,10,70.0
흐웨이,자자크의 세계가시,95,55.79
흐웨이,명석함의 아이오니아 장화,65,53.85
흐웨이,어둠불꽃 횃불,42,52.38
흐웨이,지평선의 초점,27,70.37
흐웨이,증폭의 고서,26,46.15
흐웨이,마법사의 신발,23,56.52
흐웨이,루덴의 메아리,22,68.18
흐웨이,망각의 구,22,40.91
흐웨이,리안드리의 고통,19,73.68
흐웨이,대천사의 포옹,19,63.16
흐웨이,악마의 마법서,18,38.89
흐웨이,암흑의 인장,15,60.0
흐웨이,운명의 재,10,50.0
