position,champion,item_name,total_games,win_count,win_rate
BOTTOM,닐라,도란의 검,504,276,54.76
BOTTOM,닐라,도란의 방패,31,10,32.26
BOTTOM,닐라,롱소드,153,84,54.9
BOTTOM,닐라,마법무효화의 망토,23,16,69.57
BOTTOM,닐라,수확의 낫,53,20,37.74
BOTTOM,닐라,장화,17,0,0.0
BOTTOM,드레이븐,도란의 검,1067,539,50.52
BOTTOM,드레이븐,롱소드,320,122,38.12
BOTTOM,드레이븐,마법무효화의 망토,13,10,76.92
BOTTOM,드레이븐,수확의 낫,18,6,33.33
BOTTOM,드레이븐,장화,28,0,0.0
BOTTOM,렝가,도란의 검,7,7,100.0
BOTTOM,루시안,도란의 검,5922,2812,47.48
BOTTOM,루시안,롱소드,1318,534,40.52
BOTTOM,루시안,마법무효화의 망토,80,53,66.25
BOTTOM,루시안,수확의 낫,215,88,40.93
BOTTOM,루시안,장화,118,2,1.69
BOTTOM,멜,도란의 반지,147,68,46.26
BOTTOM,멜,암흑의 인장,54,23,42.59
BOTTOM,멜,증폭의 고서,80,40,50.0
BOTTOM,미스 포츈,도란의 검,2892,1469,50.8
BOTTOM,미스 포츈,롱소드,1008,441,43.75
BOTTOM,미스 포츈,마법무효화의 망토,17,11,64.71
BOTTOM,미스 포츈,수확의 낫,182,78,42.86
BOTTOM,미스 포츈,여신의 눈물,5,4,80.0
BOTTOM,미스 포츈,장화,73,4,5.48
BOTTOM,바루스,도란의 검,1601,754,47.1
BOTTOM,바루스,롱소드,724,316,43.65
BOTTOM,바루스,마법무효화의 망토,11,6,54.55
BOTTOM,바루스,수확의 낫,20,9,45.0
BOTTOM,바루스,여신의 눈물,297,115,38.72
BOTTOM,바루스,장화,22,1,4.55
BOTTOM,바루스,증폭의 고서,73,33,45.21
BOTTOM,베이가,도란의 반지,66,40,60.61
BOTTOM,베이가,암흑의 인장,9,6,66.67
BOTTOM,베이가,여신의 눈물,9,6,66.67
BOTTOM,베이가,증폭의 고서,18,8,44.44
BOTTOM,베인,도란의 검,233,96,41.2
BOTTOM,베인,롱소드,45,16,35.56
BOTTOM,베인,마법무효화의 망토,5,2,40.0
BOTTOM,베인,수확의 낫,13,5,38.46
BOTTOM,벨코즈,도란의 반지,241,134,55.6
BOTTOM,벨코즈,암흑의 인장,95,50,52.63
BOTTOM,벨코즈,증폭의 고서,125,56,44.8
BOTTOM,브랜드,도란의 반지,9,7,77.78
BOTTOM,브랜드,증폭의 고서,5,4,80.0
BOTTOM,비에고,도란의 검,10,5,50.0
BOTTOM,빅토르,도란의 반지,48,31,64.58
BOTTOM,빅토르,암흑의 인장,13,11,84.62
BOTTOM,빅토르,증폭의 고서,17,11,64.71
BOTTOM,사미라,도란의 검,439,212,48.29
BOTTOM,사미라,롱소드,145,59,40.69
BOTTOM,사미라,마법무효화의 망토,8,4,50.0
BOTTOM,사미라,수확의 낫,5,4,80.0
BOTTOM,사미라,장화,15,1,6.67
BOTTOM,세나,도란의 검,27,9,33.33
BOTTOM,세라핀,도란의 반지,49,22,44.9
BOTTOM,세라핀,암흑의 인장,5,3,60.0
BOTTOM,세라핀,여신의 눈물,17,7,41.18
BOTTOM,세라핀,증폭의 고서,7,1,14.29
BOTTOM,스몰더,도란의 검,919,470,51.14
BOTTOM,스몰더,롱소드,145,69,47.59
BOTTOM,스몰더,마법무효화의 망토,9,3,33.33
BOTTOM,스몰더,수확의 낫,74,34,45.95
BOTTOM,스몰더,장화,13,0,0.0
BOTTOM,스몰더,증폭의 고서,5,4,80.0
BOTTOM,스웨인,도란의 반지,544,308,56.62
BOTTOM,스웨인,마법무효화의 망토,18,11,61.11
BOTTOM,스웨인,암흑의 인장,110,53,48.18
BOTTOM,스웨인,여신의 눈물,15,6,40.0
BOTTOM,스웨인,장화,6,0,0.0
BOTTOM,스웨인,증폭의 고서,176,96,54.55
BOTTOM,시비르,도란의 검,2539,1321,52.03
BOTTOM,시비르,롱소드,538,273,50.74
BOTTOM,시비르,마법무효화의 망토,16,11,68.75
BOTTOM,시비르,수확의 낫,367,159,43.32
BOTTOM,시비르,장화,35,1,2.86
BOTTOM,신드라,도란의 반지,14,8,57.14
BOTTOM,신드라,암흑의 인장,6,5,83.33
BOTTOM,신드라,증폭의 고서,8,5,62.5
BOTTOM,신지드,도란의 반지,51,30,58.82
BOTTOM,신지드,암흑의 인장,95,44,46.32
BOTTOM,신지드,증폭의 고서,44,25,56.82
BOTTOM,아우렐리온 솔,도란의 반지,110,53,48.18
BOTTOM,아우렐리온 솔,암흑의 인장,134,70,52.24
BOTTOM,아우렐리온 솔,증폭의 고서,32,13,40.62
BOTTOM,아지르,도란의 반지,6,4,66.67
BOTTOM,아펠리오스,도란의 검,10246,5005,48.85
BOTTOM,아펠리오스,롱소드,2898,1246,43.0
BOTTOM,아펠리오스,마법무효화의 망토,98,66,67.35
BOTTOM,아펠리오스,수확의 낫,931,353,37.92
BOTTOM,아펠리오스,장화,213,3,1.41
BOTTOM,애니비아,도란의 반지,13,7,53.85
BOTTOM,애니비아,증폭의 고서,7,2,28.57
BOTTOM,애쉬,도란의 검,1453,687,47.28
BOTTOM,애쉬,롱소드,295,129,43.73
BOTTOM,애쉬,마법무효화의 망토,7,5,71.43
BOTTOM,애쉬,수확의 낫,60,27,45.0
BOTTOM,애쉬,장화,14,0,0.0
BOTTOM,야스오,도란의 검,172,95,55.23
BOTTOM,야스오,도란의 방패,77,38,49.35
BOTTOM,야스오,롱소드,75,45,60.0
BOTTOM,오로라,도란의 반지,6,1,16.67
BOTTOM,요네,도란의 방패,6,2,33.33
BOTTOM,유나라,도란의 검,6169,2964,48.05
BOTTOM,유나라,롱소드,1105,474,42.9
BOTTOM,유나라,마법무효화의 망토,72,40,55.56
BOTTOM,유나라,수확의 낫,733,307,41.88
BOTTOM,유나라,장화,84,2,2.38
BOTTOM,이즈리얼,도란의 검,6529,3029,46.39
BOTTOM,이즈리얼,롱소드,2998,1243,41.46
BOTTOM,이즈리얼,마법무효화의 망토,68,43,63.24
BOTTOM,이즈리얼,사파이어 수정,23,17,73.91
BOTTOM,이즈리얼,수확의 낫,92,31,33.7
BOTTOM,이즈리얼,여신의 눈물,1785,625,35.01
BOTTOM,이즈리얼,장화,89,2,2.25
BOTTOM,이즈리얼,증폭의 고서,195,98,50.26
BOTTOM,자야,도란의 검,833,437,52.46
BOTTOM,자야,롱소드,190,101,53.16
BOTTOM,자야,마법무효화의 망토,10,6,60.0
BOTTOM,자야,수확의 낫,66,35,53.03
BOTTOM,자이라,도란의 반지,12,6,50.0
BOTTOM,제라스,도란의 반지,81,36,44.44
BOTTOM,제라스,암흑의 인장,34,11,32.35
BOTTOM,제라스,증폭의 고서,35,14,40.0
BOTTOM,제리,도란의 검,1071,463,43.23
BOTTOM,제리,롱소드,276,99,35.87
BOTTOM,제리,마법무효화의 망토,7,7,100.0
BOTTOM,제리,수확의 낫,113,32,28.32
BOTTOM,제리,장화,11,0,0.0
BOTTOM,직스,도란의 반지,416,226,54.33
BOTTOM,직스,암흑의 인장,133,78,58.65
BOTTOM,직스,여신의 눈물,56,23,41.07
BOTTOM,직스,장화,6,0,0.0
BOTTOM,직스,증폭의 고서,182,93,51.1
BOTTOM,진,도란의 검,3920,1839,46.91
BOTTOM,진,롱소드,876,334,38.13
BOTTOM,진,마법무효화의 망토,24,13,54.17
BOTTOM,진,수확의 낫,101,39,38.61
BOTTOM,진,장화,52,1,1.92
BOTTOM,징크스,도란의 검,3731,1971,52.83
BOTTOM,징크스,롱소드,823,417,50.67
BOTTOM,징크스,마법무효화의 망토,37,20,54.05
BOTTOM,징크스,수확의 낫,404,178,44.06
BOTTOM,징크스,장화,45,1,2.22
BOTTOM,초가스,도란의 반지,19,12,63.16
BOTTOM,초가스,암흑의 인장,17,10,58.82
BOTTOM,초가스,증폭의 고서,7,4,57.14
BOTTOM,카서스,도란의 반지,67,40,59.7
BOTTOM,카서스,암흑의 인장,7,3,42.86
BOTTOM,카서스,증폭의 고서,32,16,50.0
BOTTOM,카시오페아,도란의 반지,410,234,57.07
BOTTOM,카시오페아,사파이어 수정,6,1,16.67
BOTTOM,카시오페아,암흑의 인장,205,110,53.66
BOTTOM,카시오페아,여신의 눈물,37,19,51.35
BOTTOM,카시오페아,증폭의 고서,146,81,55.48
BOTTOM,카이사,도란의 검,6414,3055,47.63
BOTTOM,카이사,롱소드,376,171,45.48
BOTTOM,카이사,마법무효화의 망토,27,15,55.56
BOTTOM,카이사,수확의 낫,1534,689,44.92
BOTTOM,카이사,암흑의 인장,15,10,66.67
BOTTOM,카이사,장화,116,4,3.45
BOTTOM,카이사,증폭의 고서,1242,573,46.14
BOTTOM,칼리스타,도란의 검,337,190,56.38
BOTTOM,칼리스타,롱소드,31,18,58.06
BOTTOM,칼리스타,마법무효화의 망토,13,9,69.23
BOTTOM,칼리스타,증폭의 고서,23,13,56.52
BOTTOM,케이틀린,도란의 검,3954,1954,49.42
BOTTOM,케이틀린,롱소드,894,404,45.19
BOTTOM,케이틀린,마법무효화의 망토,30,15,50.0
BOTTOM,케이틀린,수확의 낫,247,105,42.51
BOTTOM,케이틀린,장화,37,2,5.41
BOTTOM,코그모,도란의 검,196,109,55.61
BOTTOM,코그모,도란의 반지,15,7,46.67
BOTTOM,코그모,롱소드,14,8,57.14
BOTTOM,코그모,마법무효화의 망토,5,2,40.0
BOTTOM,코그모,수확의 낫,9,5,55.56
BOTTOM,코그모,암흑의 인장,6,2,33.33
BOTTOM,코그모,여신의 눈물,11,5,45.45
BOTTOM,코그모,증폭의 고서,11,8,72.73
BOTTOM,코르키,도란의 검,821,394,47.99
BOTTOM,코르키,롱소드,258,92,35.66
BOTTOM,코르키,마법무효화의 망토,10,5,50.0
BOTTOM,코르키,수확의 낫,27,17,62.96
BOTTOM,코르키,여신의 눈물,119,40,33.61
BOTTOM,코르키,장화,25,1,4.0
BOTTOM,키아나,도란의 검,18,9,50.0
BOTTOM,키아나,롱소드,12,3,25.0
BOTTOM,킨드레드,도란의 검,5,3,60.0
BOTTOM,탈리야,도란의 반지,10,5,50.0
BOTTOM,탈리야,암흑의 인장,8,5,62.5
BOTTOM,탈리야,증폭의 고서,8,4,50.0
BOTTOM,트리스타나,도란의 검,1815,923,50.85
BOTTOM,트리스타나,롱소드,390,196,50.26
BOTTOM,트리스타나,마법무효화의 망토,21,9,42.86
BOTTOM,트리스타나,수확의 낫,101,47,46.53
BOTTOM,트리스타나,장화,26,4,15.38
BOTTOM,트위스티드 페이트,도란의 검,5,4,80.0
BOTTOM,트위치,도란의 검,441,211,47.85
BOTTOM,트위치,도란의 반지,12,7,58.33
BOTTOM,트위치,롱소드,104,42,40.38
BOTTOM,트위치,마법무효화의 망토,6,4,66.67
BOTTOM,트위치,수확의 낫,20,6,30.0
BOTTOM,트위치,암흑의 인장,7,3,42.86
BOTTOM,트위치,장화,8,0,0.0
BOTTOM,트위치,증폭의 고서,5,3,60.0
BOTTOM,하이머딩거,도란의 반지,66,38,57.58
BOTTOM,하이머딩거,암흑의 인장,32,18,56.25
BOTTOM,하이머딩거,증폭의 고서,38,20,52.63
BOTTOM,흐웨이,도란의 반지,57,30,52.63
BOTTOM,흐웨이,암흑의 인장,23,10,43.48
BOTTOM,흐웨이,증폭의 고서,29,17,58.62
JUNGLE,그라가스,암흑의 인장,39,17,43.59
JUNGLE,그라가스,장화,5,2,40.0
JUNGLE,그라가스,증폭의 고서,26,10,38.46
JUNGLE,그레이브즈,롱소드,316,110,34.81
JUNGLE,그레이브즈,마법무효화의 망토,26,12,46.15
JUNGLE,그레이브즈,새끼 바람돌이,7,0,0.0
JUNGLE,그레이브즈,새끼 화염발톱,34,4,11.76
JUNGLE,그레이브즈,장화,332,129,38.86
JUNGLE,그웬,마법무효화의 망토,21,9,42.86
JUNGLE,그웬,새끼 바람돌이,27,1,3.7
JUNGLE,그웬,새끼 화염발톱,26,2,7.69
JUNGLE,그웬,암흑의 인장,530,281,53.02
JUNGLE,그웬,장화,270,86,31.85
JUNGLE,그웬,증폭의 고서,410,161,39.27
JUNGLE,나피리,롱소드,104,41,39.42
JUNGLE,나피리,마법무효화의 망토,9,4,44.44
JUNGLE,나피리,새끼 화염발톱,12,3,25.0
JUNGLE,나피리,장화,45,16,35.56
JUNGLE,녹턴,롱소드,109,55,50.46
JUNGLE,녹턴,마법무효화의 망토,10,5,50.0
JUNGLE,녹턴,새끼 화염발톱,17,0,0.0
JUNGLE,녹턴,장화,132,55,41.67
JUNGLE,누누와 윌럼프,마법무효화의 망토,111,54,48.65
JUNGLE,누누와 윌럼프,새끼 바람돌이,54,12,22.22
JUNGLE,누누와 윌럼프,새끼 화염발톱,15,3,20.0
JUNGLE,누누와 윌럼프,암흑의 인장,569,292,51.32
JUNGLE,누누와 윌럼프,장화,113,45,39.82
JUNGLE,누누와 윌럼프,증폭의 고서,99,54,54.55
JUNGLE,니달리,마법무효화의 망토,12,7,58.33
JUNGLE,니달리,새끼 바람돌이,9,1,11.11
JUNGLE,니달리,새끼 화염발톱,79,14,17.72
JUNGLE,니달리,암흑의 인장,1346,667,49.55
JUNGLE,니달리,장화,144,69,47.92
JUNGLE,니달리,증폭의 고서,863,371,42.99
JUNGLE,니코,암흑의 인장,7,1,14.29
JUNGLE,니코,증폭의 고서,9,5,55.56
JUNGLE,다이애나,마법무효화의 망토,10,5,50.0
JUNGLE,다이애나,새끼 바람돌이,8,0,0.0
JUNGLE,다이애나,새끼 화염발톱,21,0,0.0
JUNGLE,다이애나,암흑의 인장,363,185,50.96
JUNGLE,다이애나,장화,51,17,33.33
JUNGLE,다이애나,증폭의 고서,332,118,35.54
JUNGLE,람머스,마법무효화의 망토,26,13,50.0
JUNGLE,람머스,새끼 바람돌이,10,2,20.0
JUNGLE,람머스,장화,29,11,37.93
JUNGLE,럼블,암흑의 인장,8,2,25.0
JUNGLE,럼블,증폭의 고서,10,3,30.0
JUNGLE,렉사이,롱소드,540,263,48.7
JUNGLE,렉사이,마법무효화의 망토,81,51,62.96
JUNGLE,렉사이,새끼 바람돌이,21,5,23.81
JUNGLE,렉사이,새끼 화염발톱,72,15,20.83
JUNGLE,렉사이,장화,42,15,35.71
JUNGLE,렝가,롱소드,235,79,33.62
JUNGLE,렝가,새끼 바람돌이,15,2,13.33
JUNGLE,렝가,장화,116,29,25.0
JUNGLE,리 신,롱소드,1998,828,41.44
JUNGLE,리 신,마법무효화의 망토,248,134,54.03
JUNGLE,리 신,새끼 바람돌이,124,12,9.68
JUNGLE,리 신,새끼 화염발톱,189,24,12.7
JUNGLE,리 신,장화,157,79,50.32
JUNGLE,리븐,롱소드,11,2,18.18
JUNGLE,릴리아,마법무효화의 망토,21,16,76.19
JUNGLE,릴리아,새끼 바람돌이,27,2,7.41
JUNGLE,릴리아,새끼 화염발톱,6,1,16.67
JUNGLE,릴리아,암흑의 인장,433,233,53.81
JUNGLE,릴리아,장화,33,14,42.42
JUNGLE,릴리아,증폭의 고서,325,127,39.08
JUNGLE,마스터 이,롱소드,92,38,41.3
JUNGLE,마스터 이,마법무효화의 망토,20,6,30.0
JUNGLE,마스터 이,새끼 바람돌이,10,1,10.0
JUNGLE,마스터 이,장화,124,57,45.97
JUNGLE,마스터 이,증폭의 고서,19,6,31.58
JUNGLE,마오카이,암흑의 인장,5,3,60.0
JUNGLE,말파이트,마법무효화의 망토,309,101,32.69
JUNGLE,말파이트,사파이어 수정,16,4,25.0
JUNGLE,말파이트,새끼 바람돌이,30,4,13.33
JUNGLE,말파이트,새끼 화염발톱,52,6,11.54
JUNGLE,말파이트,암흑의 인장,171,85,49.71
JUNGLE,말파이트,장화,66,19,28.79
JUNGLE,말파이트,증폭의 고서,37,19,51.35
JUNGLE,모르가나,암흑의 인장,22,6,27.27
JUNGLE,모르가나,증폭의 고서,17,9,52.94
JUNGLE,문도 박사,마법무효화의 망토,24,6,25.0
JUNGLE,문도 박사,새끼 바람돌이,10,1,10.0
JUNGLE,문도 박사,새끼 화염발톱,6,0,0.0
JUNGLE,문도 박사,장화,8,1,12.5
JUNGLE,바이,롱소드,612,236,38.56
JUNGLE,바이,마법무효화의 망토,99,44,44.44
JUNGLE,바이,새끼 바람돌이,97,3,3.09
JUNGLE,바이,새끼 화염발톱,20,1,5.0
JUNGLE,바이,장화,36,9,25.0
JUNGLE,벨베스,롱소드,266,113,42.48
JUNGLE,벨베스,마법무효화의 망토,67,29,43.28
JUNGLE,벨베스,새끼 바람돌이,41,8,19.51
JUNGLE,벨베스,암흑의 인장,12,8,66.67
JUNGLE,벨베스,장화,92,46,50.0
JUNGLE,브라이어,롱소드,57,27,47.37
JUNGLE,브라이어,새끼 화염발톱,5,0,0.0
JUNGLE,브라이어,장화,59,18,30.51
JUNGLE,브랜드,암흑의 인장,8,5,62.5
JUNGLE,브랜드,장화,7,2,28.57
JUNGLE,브랜드,증폭의 고서,32,11,34.38
JUNGLE,비에고,롱소드,972,347,35.7
JUNGLE,비에고,마법무효화의 망토,56,33,58.93
JUNGLE,비에고,새끼 바람돌이,96,8,8.33
JUNGLE,비에고,새끼 화염발톱,14,1,7.14
JUNGLE,비에고,장화,503,223,44.33
JUNGLE,뽀삐,롱소드,23,8,34.78
JUNGLE,뽀삐,마법무효화의 망토,13,6,46.15
JUNGLE,뽀삐,새끼 바람돌이,15,1,6.67
JUNGLE,뽀삐,장화,16,9,56.25
JUNGLE,사일러스,마법무효화의 망토,26,8,30.77
JUNGLE,사일러스,새끼 바람돌이,59,11,18.64
JUNGLE,사일러스,새끼 화염발톱,77,8,10.39
JUNGLE,사일러스,암흑의 인장,1061,533,50.24
JUNGLE,사일러스,장화,74,27,36.49
JUNGLE,사일러스,증폭의 고서,723,299,41.36
JUNGLE,샤코,롱소드,191,79,41.36
JUNGLE,샤코,새끼 바람돌이,17,2,11.76
JUNGLE,샤코,암흑의 인장,8,3,37.5
JUNGLE,샤코,장화,38,9,23.68
JUNGLE,샤코,증폭의 고서,23,8,34.78
JUNGLE,세주아니,마법무효화의 망토,39,16,41.03
JUNGLE,세주아니,새끼 바람돌이,12,4,33.33
JUNGLE,세주아니,새끼 화염발톱,6,2,33.33
JUNGLE,세주아니,암흑의 인장,7,4,57.14
JUNGLE,세주아니,장화,49,18,36.73
JUNGLE,쉬바나,증폭의 고서,5,2,40.0
JUNGLE,스카너,롱소드,6,3,50.0
JUNGLE,스카너,마법무효화의 망토,31,9,29.03
JUNGLE,스카너,새끼 바람돌이,9,1,11.11
JUNGLE,스카너,장화,7,2,28.57
JUNGLE,신 짜오,롱소드,485,206,42.47
JUNGLE,신 짜오,마법무효화의 망토,59,32,54.24
JUNGLE,신 짜오,새끼 바람돌이,53,7,13.21
JUNGLE,신 짜오,새끼 화염발톱,37,9,24.32
JUNGLE,신 짜오,수확의 낫,5,0,0.0
JUNGLE,신 짜오,장화,24,9,37.5
JUNGLE,아무무,마법무효화의 망토,6,1,16.67
JUNGLE,아무무,암흑의 인장,12,6,50.0
JUNGLE,아무무,장화,12,7,58.33
JUNGLE,아무무,증폭의 고서,5,1,20.0
JUNGLE,아이번,새끼 바람돌이,27,1,3.7
JUNGLE,아이번,암흑의 인장,184,88,47.83
JUNGLE,아이번,여신의 눈물,16,4,25.0
JUNGLE,아이번,증폭의 고서,83,41,49.4
JUNGLE,아트록스,롱소드,104,40,38.46
JUNGLE,아트록스,새끼 바람돌이,5,0,0.0
JUNGLE,아트록스,새끼 화염발톱,6,2,33.33
JUNGLE,아트록스,장화,13,5,38.46
JUNGLE,암베사,롱소드,841,290,34.48
JUNGLE,암베사,마법무효화의 망토,81,39,48.15
JUNGLE,암베사,새끼 바람돌이,18,1,5.56
JUNGLE,암베사,새끼 화염발톱,46,0,0.0
JUNGLE,암베사,장화,337,112,33.23
JUNGLE,에코,마법무효화의 망토,31,20,64.52
JUNGLE,에코,새끼 바람돌이,31,5,16.13
JUNGLE,에코,새끼 화염발톱,116,8,6.9
JUNGLE,에코,암흑의 인장,1803,903,50.08
JUNGLE,에코,장화,301,129,42.86
JUNGLE,에코,증폭의 고서,1167,545,46.7
JUNGLE,엘리스,마법무효화의 망토,5,3,60.0
JUNGLE,엘리스,새끼 바람돌이,12,3,25.0
JUNGLE,엘리스,새끼 화염발톱,45,17,37.78
JUNGLE,엘리스,암흑의 인장,302,134,44.37
JUNGLE,엘리스,장화,28,6,21.43
JUNGLE,엘리스,증폭의 고서,257,113,43.97
JUNGLE,오공,롱소드,209,84,40.19
JUNGLE,오공,마법무효화의 망토,29,8,27.59
JUNGLE,오공,새끼 바람돌이,15,3,20.0
JUNGLE,오공,새끼 화염발톱,7,1,14.29
JUNGLE,오공,장화,13,1,7.69
JUNGLE,올라프,롱소드,25,9,36.0
JUNGLE,우디르,롱소드,17,9,52.94
JUNGLE,우디르,마법무효화의 망토,11,3,27.27
JUNGLE,우디르,암흑의 인장,159,94,59.12
JUNGLE,우디르,장화,15,4,26.67
JUNGLE,우디르,증폭의 고서,36,19,52.78
JUNGLE,워윅,롱소드,34,21,61.76
JUNGLE,워윅,마법무효화의 망토,20,11,55.0
JUNGLE,워윅,새끼 바람돌이,10,3,30.0
JUNGLE,워윅,장화,21,11,52.38
JUNGLE,이블린,마법무효화의 망토,5,3,60.0
JUNGLE,이블린,새끼 바람돌이,21,2,9.52
JUNGLE,이블린,암흑의 인장,468,227,48.5
JUNGLE,이블린,장화,53,30,56.6
JUNGLE,이블린,증폭의 고서,173,75,43.35
JUNGLE,자르반 4세,롱소드,336,163,48.51
JUNGLE,자르반 4세,마법무효화의 망토,96,45,46.88
JUNGLE,자르반 4세,새끼 바람돌이,32,9,28.12
JUNGLE,자르반 4세,새끼 화염발톱,83,20,24.1
JUNGLE,자르반 4세,장화,38,12,31.58
JUNGLE,자이라,마법무효화의 망토,6,5,83.33
JUNGLE,자이라,새끼 화염발톱,17,1,5.88
JUNGLE,자이라,암흑의 인장,342,207,60.53
JUNGLE,자이라,장화,112,51,45.54
JUNGLE,자이라,증폭의 고서,287,127,44.25
JUNGLE,자크,마법무효화의 망토,66,30,45.45
JUNGLE,자크,새끼 화염발톱,57,9,15.79
JUNGLE,자크,암흑의 인장,792,426,53.79
JUNGLE,자크,장화,14,7,50.0
JUNGLE,자크,증폭의 고서,52,22,42.31
JUNGLE,자헨,롱소드,18,9,50.0
JUNGLE,잭스,롱소드,23,6,26.09
JUNGLE,잭스,마법무효화의 망토,7,2,28.57
JUNGLE,잭스,새끼 바람돌이,5,1,20.0
JUNGLE,잭스,장화,13,3,23.08
JUNGLE,잭스,증폭의 고서,29,13,44.83
JUNGLE,제드,롱소드,686,271,39.5
JUNGLE,제드,마법무효화의 망토,14,9,64.29
JUNGLE,제드,새끼 바람돌이,7,1,14.29
JUNGLE,제드,새끼 화염발톱,30,0,0.0
JUNGLE,제드,장화,258,92,35.66
JUNGLE,제이스,롱소드,2452,963,39.27
JUNGLE,제이스,마법무효화의 망토,28,16,57.14
JUNGLE,제이스,새끼 바람돌이,9,1,11.11
JUNGLE,제이스,새끼 화염발톱,193,13,6.74
JUNGLE,제이스,여신의 눈물,5,0,0.0
JUNGLE,제이스,장화,1404,508,36.18
JUNGLE,초가스,마법무효화의 망토,6,3,50.0
JUNGLE,초가스,암흑의 인장,37,18,48.65
JUNGLE,카서스,새끼 화염발톱,40,4,10.0
JUNGLE,카서스,암흑의 인장,541,320,59.15
JUNGLE,카서스,장화,117,38,32.48
JUNGLE,카서스,증폭의 고서,408,186,45.59
JUNGLE,카이사,롱소드,5,0,0.0
JUNGLE,카직스,롱소드,795,316,39.75
JUNGLE,카직스,새끼 바람돌이,47,4,8.51
JUNGLE,카직스,새끼 화염발톱,15,1,6.67
JUNGLE,카직스,장화,486,198,40.74
JUNGLE,케인,롱소드,145,62,42.76
JUNGLE,케인,마법무효화의 망토,16,7,43.75
JUNGLE,케인,새끼 바람돌이,9,0,0.0
JUNGLE,케인,새끼 화염발톱,8,0,0.0
JUNGLE,케인,장화,77,30,38.96
JUNGLE,키아나,롱소드,1146,440,38.39
JUNGLE,키아나,마법무효화의 망토,11,3,27.27
JUNGLE,키아나,새끼 바람돌이,47,5,10.64
JUNGLE,키아나,새끼 화염발톱,13,0,0.0
JUNGLE,키아나,장화,560,203,36.25
JUNGLE,킨드레드,도란의 검,10,6,60.0
JUNGLE,킨드레드,롱소드,242,103,42.56
JUNGLE,킨드레드,마법무효화의 망토,22,11,50.0
JUNGLE,킨드레드,새끼 바람돌이,6,0,0.0
JUNGLE,킨드레드,새끼 화염발톱,40,4,10.0
JUNGLE,킨드레드,장화,121,42,34.71
JUNGLE,탈론,롱소드,634,258,40.69
JUNGLE,탈론,새끼 바람돌이,29,3,10.34
JUNGLE,탈론,새끼 화염발톱,7,0,0.0
JUNGLE,탈론,장화,418,166,39.71
JUNGLE,탈리야,새끼 화염발톱,9,0,0.0
JUNGLE,탈리야,암흑의 인장,308,167,54.22
JUNGLE,탈리야,장화,28,15,53.57
JUNGLE,탈리야,증폭의 고서,146,61,41.78
JUNGLE,트런들,마법무효화의 망토,9,3,33.33
JUNGLE,트런들,새끼 바람돌이,8,0,0.0
JUNGLE,판테온,롱소드,76,24,31.58
JUNGLE,판테온,새끼 바람돌이,6,0,0.0
JUNGLE,판테온,새끼 화염발톱,10,1,10.0
JUNGLE,판테온,장화,17,3,17.65
JUNGLE,피들스틱,마법무효화의 망토,8,5,62.5
JUNGLE,피들스틱,새끼 바람돌이,18,4,22.22
JUNGLE,피들스틱,암흑의 인장,195,117,60.0
JUNGLE,피들스틱,장화,30,15,50.0
JUNGLE,피들스틱,증폭의 고서,181,86,47.51
JUNGLE,헤카림,롱소드,722,299,41.41
JUNGLE,헤카림,마법무효화의 망토,88,46,52.27
JUNGLE,헤카림,새끼 바람돌이,40,3,7.5
JUNGLE,헤카림,여신의 눈물,8,1,12.5
JUNGLE,헤카림,장화,28,9,32.14
MIDDLE,가렌,도란의 검,5,2,40.0
MIDDLE,가렌,도란의 방패,36,15,41.67
MIDDLE,가렌,롱소드,7,2,28.57
MIDDLE,갈리오,도란의 반지,2447,1112,45.44
MIDDLE,갈리오,도란의 방패,118,45,38.14
MIDDLE,갈리오,마법무효화의 망토,34,9,26.47
MIDDLE,갈리오,암흑의 인장,1847,930,50.35
MIDDLE,갈리오,장화,224,30,13.39
MIDDLE,갈리오,증폭의 고서,966,414,42.86
MIDDLE,갱플랭크,도란의 검,13,4,30.77
MIDDLE,갱플랭크,도란의 방패,16,5,31.25
MIDDLE,갱플랭크,롱소드,12,6,50.0
MIDDLE,갱플랭크,장화,13,5,38.46
MIDDLE,그라가스,도란의 반지,116,71,61.21
MIDDLE,그라가스,암흑의 인장,20,13,65.0
MIDDLE,그라가스,여신의 눈물,52,28,53.85
MIDDLE,그라가스,증폭의 고서,66,30,45.45
MIDDLE,그레이브즈,도란의 검,10,4,40.0
MIDDLE,그웬,도란의 반지,7,5,71.43
MIDDLE,그웬,도란의 방패,6,3,50.0
MIDDLE,그웬,암흑의 인장,5,4,80.0
MIDDLE,나르,도란의 검,6,3,50.0
MIDDLE,나서스,도란의 방패,21,13,61.9
MIDDLE,나피리,도란의 검,245,122,49.8
MIDDLE,나피리,도란의 방패,24,13,54.17
MIDDLE,나피리,롱소드,242,120,49.59
MIDDLE,나피리,마법무효화의 망토,8,3,37.5
MIDDLE,나피리,장화,56,13,23.21
MIDDLE,노틸러스,도란의 반지,5,2,40.0
MIDDLE,녹턴,도란의 검,14,9,64.29
MIDDLE,녹턴,도란의 방패,10,4,40.0
MIDDLE,녹턴,롱소드,12,7,58.33
MIDDLE,녹턴,장화,6,3,50.0
MIDDLE,누누와 윌럼프,도란의 반지,161,89,55.28
MIDDLE,누누와 윌럼프,암흑의 인장,186,98,52.69
MIDDLE,누누와 윌럼프,장화,5,1,20.0
MIDDLE,누누와 윌럼프,증폭의 고서,69,28,40.58
MIDDLE,니코,도란의 반지,229,124,54.15
MIDDLE,니코,암흑의 인장,175,98,56.0
MIDDLE,니코,장화,11,3,27.27
MIDDLE,니코,증폭의 고서,125,74,59.2
MIDDLE,다이애나,도란의 반지,535,238,44.49
MIDDLE,다이애나,암흑의 인장,470,232,49.36
MIDDLE,다이애나,장화,47,3,6.38
MIDDLE,다이애나,증폭의 고서,269,106,39.41
MIDDLE,드레이븐,도란의 검,12,5,41.67
MIDDLE,라이즈,도란의 반지,2282,1074,47.06
MIDDLE,라이즈,마법무효화의 망토,33,8,24.24
MIDDLE,라이즈,사파이어 수정,131,57,43.51
MIDDLE,라이즈,암흑의 인장,297,151,50.84
MIDDLE,라이즈,여신의 눈물,790,282,35.7
MIDDLE,라이즈,장화,171,28,16.37
MIDDLE,라이즈,증폭의 고서,849,377,44.41
MIDDLE,럭스,도란의 반지,202,103,50.99
MIDDLE,럭스,암흑의 인장,143,52,36.36
MIDDLE,럭스,장화,5,1,20.0
MIDDLE,럭스,증폭의 고서,81,33,40.74
MIDDLE,럼블,도란의 반지,40,21,52.5
MIDDLE,럼블,도란의 방패,7,4,57.14
MIDDLE,럼블,암흑의 인장,37,13,35.14
MIDDLE,럼블,증폭의 고서,28,13,46.43
MIDDLE,레넥톤,도란의 검,78,41,52.56
MIDDLE,레넥톤,도란의 방패,73,38,52.05
MIDDLE,레넥톤,롱소드,36,18,50.0
MIDDLE,레넥톤,마법무효화의 망토,6,2,33.33
MIDDLE,레넥톤,장화,17,4,23.53
MIDDLE,루시안,도란의 검,78,36,46.15
MIDDLE,루시안,롱소드,24,7,29.17
MIDDLE,루시안,장화,8,4,50.0
MIDDLE,룰루,도란의 반지,24,9,37.5
MIDDLE,룰루,암흑의 인장,14,5,35.71
MIDDLE,룰루,증폭의 고서,7,3,42.86
MIDDLE,르블랑,도란의 검,5,4,80.0
MIDDLE,르블랑,도란의 반지,1193,575,48.2
MIDDLE,르블랑,마법무효화의 망토,13,5,38.46
MIDDLE,르블랑,암흑의 인장,1162,546,46.99
MIDDLE,르블랑,장화,81,17,20.99
MIDDLE,르블랑,증폭의 고서,558,275,49.28
MIDDLE,리 신,도란의 검,27,12,44.44
MIDDLE,리 신,도란의 방패,20,14,70.0
MIDDLE,리 신,롱소드,11,4,36.36
MIDDLE,리 신,장화,10,3,30.0
MIDDLE,리븐,도란의 검,71,47,66.2
MIDDLE,리븐,도란의 방패,7,3,42.86
MIDDLE,리븐,롱소드,34,19,55.88
MIDDLE,리산드라,도란의 반지,576,289,50.17
MIDDLE,리산드라,마법무효화의 망토,8,5,62.5
MIDDLE,리산드라,암흑의 인장,289,165,57.09
MIDDLE,리산드라,장화,23,3,13.04
MIDDLE,리산드라,증폭의 고서,295,133,45.08
MIDDLE,마스터 이,도란의 검,19,8,42.11
MIDDLE,마스터 이,롱소드,6,1,16.67
MIDDLE,마스터 이,장화,9,3,33.33
MIDDLE,말자하,도란의 반지,348,141,40.52
MIDDLE,말자하,암흑의 인장,75,38,50.67
MIDDLE,말자하,여신의 눈물,9,2,22.22
MIDDLE,말자하,장화,8,1,12.5
MIDDLE,말자하,증폭의 고서,201,77,38.31
MIDDLE,말파이트,도란의 반지,54,28,51.85
MIDDLE,말파이트,도란의 방패,10,6,60.0
MIDDLE,말파이트,마법무효화의 망토,8,3,37.5
MIDDLE,말파이트,암흑의 인장,11,7,63.64
MIDDLE,말파이트,증폭의 고서,6,3,50.0
MIDDLE,멜,도란의 반지,605,225,37.19
MIDDLE,멜,암흑의 인장,273,119,43.59
MIDDLE,멜,여신의 눈물,12,2,16.67
MIDDLE,멜,장화,38,2,5.26
MIDDLE,멜,증폭의 고서,259,85,32.82
MIDDLE,모데카이저,도란의 반지,31,18,58.06
MIDDLE,모데카이저,도란의 방패,9,2,22.22
MIDDLE,모데카이저,마법무효화의 망토,6,1,16.67
MIDDLE,모데카이저,암흑의 인장,30,17,56.67
MIDDLE,모데카이저,증폭의 고서,8,3,37.5
MIDDLE,모르가나,도란의 반지,105,48,45.71
MIDDLE,모르가나,암흑의 인장,54,30,55.56
MIDDLE,모르가나,장화,8,1,12.5
MIDDLE,모르가나,증폭의 고서,52,24,46.15
MIDDLE,바루스,도란의 검,103,67,65.05
MIDDLE,바루스,롱소드,5,1,20.0
MIDDLE,바루스,장화,6,1,16.67
MIDDLE,바루스,증폭의 고서,37,21,56.76
MIDDLE,베이가,도란의 반지,169,83,49.11
MIDDLE,베이가,암흑의 인장,40,16,40.0
MIDDLE,베이가,여신의 눈물,24,6,25.0
MIDDLE,베이가,장화,10,4,40.0
MIDDLE,베이가,증폭의 고서,76,37,48.68
MIDDLE,베인,도란의 검,21,10,47.62
MIDDLE,벡스,도란의 반지,586,302,51.54
MIDDLE,벡스,암흑의 인장,511,292,57.14
MIDDLE,벡스,장화,41,6,14.63
MIDDLE,벡스,증폭의 고서,291,134,46.05
MIDDLE,벨코즈,도란의 반지,67,28,41.79
MIDDLE,벨코즈,암흑의 인장,23,6,26.09
MIDDLE,벨코즈,증폭의 고서,30,11,36.67
MIDDLE,브라이어,도란의 검,5,3,60.0
MIDDLE,브라이어,롱소드,6,2,33.33
MIDDLE,브랜드,도란의 반지,33,13,39.39
MIDDLE,브랜드,암흑의 인장,7,2,28.57
MIDDLE,브랜드,증폭의 고서,14,7,50.0
MIDDLE,블라디미르,도란의 반지,350,157,44.86
MIDDLE,블라디미르,도란의 방패,5,2,40.0
MIDDLE,블라디미르,암흑의 인장,381,190,49.87
MIDDLE,블라디미르,장화,13,1,7.69
MIDDLE,블라디미르,증폭의 고서,157,66,42.04
MIDDLE,비에고,도란의 검,50,24,48.0
MIDDLE,비에고,도란의 방패,81,41,50.62
MIDDLE,비에고,롱소드,49,17,34.69
MIDDLE,비에고,마법무효화의 망토,6,1,16.67
MIDDLE,비에고,수확의 낫,8,2,25.0
MIDDLE,비에고,장화,19,4,21.05
MIDDLE,빅토르,도란의 반지,1676,724,43.2
MIDDLE,빅토르,마법무효화의 망토,12,3,25.0
MIDDLE,빅토르,사파이어 수정,7,1,14.29
MIDDLE,빅토르,암흑의 인장,776,364,46.91
MIDDLE,빅토르,장화,97,10,10.31
MIDDLE,빅토르,증폭의 고서,731,280,38.3
MIDDLE,뽀삐,도란의 방패,10,7,70.0
MIDDLE,뽀삐,여신의 눈물,8,5,62.5
MIDDLE,사이온,도란의 반지,7,4,57.14
MIDDLE,사이온,도란의 방패,200,100,50.0
MIDDLE,사이온,롱소드,5,3,60.0
MIDDLE,사이온,마법무효화의 망토,26,14,53.85
MIDDLE,사이온,수확의 낫,10,5,50.0
MIDDLE,사이온,장화,10,2,20.0
MIDDLE,사일러스,도란의 반지,2085,945,45.32
MIDDLE,사일러스,도란의 방패,143,73,51.05
MIDDLE,사일러스,마법무효화의 망토,28,12,42.86
MIDDLE,사일러스,암흑의 인장,1927,968,50.23
MIDDLE,사일러스,장화,225,43,19.11
MIDDLE,사일러스,증폭의 고서,1093,441,40.35
MIDDLE,세라핀,도란의 반지,31,10,32.26
MIDDLE,세라핀,여신의 눈물,12,4,33.33
MIDDLE,세라핀,증폭의 고서,10,3,30.0
MIDDLE,세트,도란의 검,14,8,57.14
MIDDLE,세트,도란의 방패,15,7,46.67
MIDDLE,세트,롱소드,7,4,57.14
MIDDLE,쉔,도란의 방패,12,9,75.0
MIDDLE,스몰더,도란의 검,171,73,42.69
MIDDLE,스몰더,롱소드,30,9,30.0
MIDDLE,스몰더,수확의 낫,8,6,75.0
MIDDLE,스몰더,장화,15,2,13.33
MIDDLE,스웨인,도란의 반지,199,98,49.25
MIDDLE,스웨인,마법무효화의 망토,9,4,44.44
MIDDLE,스웨인,암흑의 인장,70,40,57.14
MIDDLE,스웨인,여신의 눈물,7,2,28.57
MIDDLE,스웨인,장화,20,5,25.0
MIDDLE,스웨인,증폭의 고서,96,44,45.83
MIDDLE,시비르,도란의 검,9,2,22.22
MIDDLE,신 짜오,도란의 검,14,5,35.71
MIDDLE,신 짜오,롱소드,10,3,30.0
MIDDLE,신 짜오,장화,5,1,20.0
MIDDLE,신드라,도란의 반지,1344,632,47.02
MIDDLE,신드라,마법무효화의 망토,9,6,66.67
MIDDLE,신드라,암흑의 인장,732,355,48.5
MIDDLE,신드라,여신의 눈물,8,2,25.0
MIDDLE,신드라,장화,51,6,11.76
MIDDLE,신드라,증폭의 고서,581,243,41.82
MIDDLE,신지드,도란의 반지,50,26,52.0
MIDDLE,신지드,암흑의 인장,117,53,45.3
MIDDLE,신지드,증폭의 고서,20,9,45.0
MIDDLE,아리,도란의 반지,1112,511,45.95
MIDDLE,아리,마법무효화의 망토,5,2,40.0
MIDDLE,아리,사파이어 수정,5,0,0.0
MIDDLE,아리,암흑의 인장,823,427,51.88
MIDDLE,아리,장화,54,10,18.52
MIDDLE,아리,증폭의 고서,519,197,37.96
MIDDLE,아우렐리온 솔,도란의 반지,399,186,46.62
MIDDLE,아우렐리온 솔,마법무효화의 망토,7,3,42.86
MIDDLE,아우렐리온 솔,사파이어 수정,57,31,54.39
MIDDLE,아우렐리온 솔,암흑의 인장,219,123,56.16
MIDDLE,아우렐리온 솔,여신의 눈물,15,4,26.67
MIDDLE,아우렐리온 솔,장화,74,19,25.68
MIDDLE,아우렐리온 솔,증폭의 고서,184,69,37.5
MIDDLE,아이번,도란의 반지,8,1,12.5
MIDDLE,아이번,증폭의 고서,8,4,50.0
MIDDLE,아지르,도란의 반지,743,325,43.74
MIDDLE,아지르,마법무효화의 망토,12,1,8.33
MIDDLE,아지르,암흑의 인장,196,96,48.98
MIDDLE,아지르,장화,75,9,12.0
MIDDLE,아지르,증폭의 고서,353,147,41.64
MIDDLE,아칼리,도란의 검,12,4,33.33
MIDDLE,아칼리,도란의 반지,1363,653,47.91
MIDDLE,아칼리,도란의 방패,1407,652,46.34
MIDDLE,아칼리,롱소드,9,1,11.11
MIDDLE,아칼리,마법무효화의 망토,21,9,42.86
MIDDLE,아칼리,암흑의 인장,2161,1062,49.14
MIDDLE,아칼리,장화,276,54,19.57
MIDDLE,아칼리,증폭의 고서,1680,715,42.56
MIDDLE,아크샨,도란의 검,644,330,51.24
MIDDLE,아크샨,롱소드,180,67,37.22
MIDDLE,아크샨,마법무효화의 망토,6,3,50.0
MIDDLE,아크샨,수확의 낫,30,15,50.0
MIDDLE,아크샨,장화,85,23,27.06
MIDDLE,아트록스,도란의 검,27,14,51.85
MIDDLE,아트록스,도란의 방패,64,34,53.12
MIDDLE,아트록스,롱소드,58,26,44.83
MIDDLE,아트록스,장화,11,3,27.27
MIDDLE,아펠리오스,도란의 검,6,2,33.33
MIDDLE,암베사,도란의 검,71,46,64.79
MIDDLE,암베사,도란의 방패,155,82,52.9
MIDDLE,암베사,롱소드,114,51,44.74
MIDDLE,암베사,마법무효화의 망토,11,5,45.45
MIDDLE,암베사,장화,35,11,31.43
MIDDLE,애니,도란의 반지,117,54,46.15
MIDDLE,애니,암흑의 인장,95,38,40.0
MIDDLE,애니,장화,6,1,16.67
MIDDLE,애니,증폭의 고서,57,19,33.33
MIDDLE,애니비아,도란의 반지,664,355,53.46
MIDDLE,애니비아,마법무효화의 망토,6,2,33.33
MIDDLE,애니비아,사파이어 수정,18,8,44.44
MIDDLE,애니비아,암흑의 인장,280,166,59.29
MIDDLE,애니비아,여신의 눈물,140,69,49.29
MIDDLE,애니비아,장화,61,18,29.51
MIDDLE,애니비아,증폭의 고서,291,135,46.39
MIDDLE,야스오,도란의 검,913,471,51.59
MIDDLE,야스오,도란의 방패,456,219,48.03
MIDDLE,야스오,롱소드,313,127,40.58
MIDDLE,야스오,마법무효화의 망토,23,12,52.17
MIDDLE,야스오,장화,11,1,9.09
MIDDLE,에코,도란의 반지,860,413,48.02
MIDDLE,에코,마법무효화의 망토,15,6,40.0
MIDDLE,에코,암흑의 인장,1251,609,48.68
MIDDLE,에코,장화,151,49,32.45
MIDDLE,에코,증폭의 고서,329,164,49.85
MIDDLE,오로라,도란의 반지,942,411,43.63
MIDDLE,오로라,마법무효화의 망토,5,2,40.0
MIDDLE,오로라,암흑의 인장,851,403,47.36
MIDDLE,오로라,장화,76,11,14.47
MIDDLE,오로라,증폭의 고서,439,170,38.72
MIDDLE,오른,도란의 방패,11,5,45.45
MIDDLE,오리아나,도란의 반지,3246,1519,46.8
MIDDLE,오리아나,마법무효화의 망토,25,10,40.0
MIDDLE,오리아나,사파이어 수정,12,1,8.33
MIDDLE,오리아나,암흑의 인장,1838,943,51.31
MIDDLE,오리아나,여신의 눈물,107,30,28.04
MIDDLE,오리아나,장화,136,13,9.56
MIDDLE,오리아나,증폭의 고서,1364,586,42.96
MIDDLE,올라프,도란의 검,5,3,60.0
MIDDLE,요네,도란의 검,411,201,48.91
MIDDLE,요네,도란의 방패,844,360,42.65
MIDDLE,요네,롱소드,279,115,41.22
MIDDLE,요네,마법무효화의 망토,74,36,48.65
MIDDLE,요네,수확의 낫,9,1,11.11
MIDDLE,요네,장화,26,5,19.23
MIDDLE,요릭,도란의 방패,10,3,30.0
MIDDLE,우르곳,도란의 검,20,13,65.0
MIDDLE,우르곳,롱소드,7,1,14.29
MIDDLE,워윅,도란의 검,12,2,16.67
MIDDLE,워윅,도란의 반지,9,7,77.78
MIDDLE,워윅,롱소드,7,3,42.86
MIDDLE,워윅,장화,8,3,37.5
MIDDLE,유나라,도란의 검,17,7,41.18
MIDDLE,이렐리아,도란의 검,745,393,52.75
MIDDLE,이렐리아,도란의 방패,48,21,43.75
MIDDLE,이렐리아,롱소드,146,67,45.89
MIDDLE,이렐리아,마법무효화의 망토,49,26,53.06
MIDDLE,이렐리아,수확의 낫,16,8,50.0
MIDDLE,이렐리아,장화,72,18,25.0
MIDDLE,이즈리얼,도란의 검,33,14,42.42
MIDDLE,이즈리얼,롱소드,14,7,50.0
MIDDLE,이즈리얼,여신의 눈물,12,1,8.33
MIDDLE,자이라,도란의 반지,20,7,35.0
MIDDLE,자이라,증폭의 고서,9,4,44.44
MIDDLE,자크,도란의 방패,111,51,45.95
MIDDLE,자크,마법무효화의 망토,7,1,14.29
MIDDLE,자크,암흑의 인장,96,53,55.21
MIDDLE,자크,장화,13,1,7.69
MIDDLE,자크,증폭의 고서,7,3,42.86
MIDDLE,자헨,도란의 검,20,4,20.0
MIDDLE,자헨,도란의 방패,31,14,45.16
MIDDLE,자헨,롱소드,29,13,44.83
MIDDLE,자헨,장화,7,0,0.0
MIDDLE,잭스,도란의 방패,5,1,20.0
MIDDLE,제드,도란의 검,548,292,53.28
MIDDLE,제드,도란의 방패,421,221,52.49
MIDDLE,제드,롱소드,1024,468,45.7
MIDDLE,제드,마법무효화의 망토,12,4,33.33
MIDDLE,제드,장화,145,31,21.38
MIDDLE,제라스,도란의 반지,479,231,48.23
MIDDLE,제라스,암흑의 인장,261,118,45.21
MIDDLE,제라스,장화,32,4,12.5
MIDDLE,제라스,증폭의 고서,211,100,47.39
MIDDLE,제리,도란의 검,30,14,46.67
MIDDLE,제리,롱소드,6,3,50.0
MIDDLE,제이스,도란의 검,150,74,49.33
MIDDLE,제이스,롱소드,74,24,32.43
MIDDLE,제이스,여신의 눈물,29,6,20.69
MIDDLE,제이스,장화,11,1,9.09
MIDDLE,조이,도란의 반지,1501,764,50.9
MIDDLE,조이,암흑의 인장,1359,692,50.92
MIDDLE,조이,장화,41,4,9.76
MIDDLE,조이,증폭의 고서,637,330,51.81
MIDDLE,직스,도란의 반지,83,41,49.4
MIDDLE,직스,암흑의 인장,26,17,65.38
MIDDLE,직스,여신의 눈물,9,5,55.56
MIDDLE,직스,증폭의 고서,43,17,39.53
MIDDLE,질리언,도란의 반지,34,17,50.0
MIDDLE,질리언,암흑의 인장,19,10,52.63
MIDDLE,질리언,증폭의 고서,5,2,40.0
MIDDLE,초가스,도란의 반지,40,16,40.0
MIDDLE,초가스,암흑의 인장,20,4,20.0
MIDDLE,초가스,증폭의 고서,9,4,44.44
MIDDLE,카르마,도란의 반지,76,30,39.47
MIDDLE,카르마,암흑의 인장,33,14,42.42
MIDDLE,카르마,여신의 눈물,11,6,54.55
MIDDLE,카르마,증폭의 고서,20,9,45.0
MIDDLE,카밀,도란의 검,11,4,36.36
MIDDLE,카밀,도란의 방패,14,3,21.43
MIDDLE,카밀,롱소드,13,4,30.77
MIDDLE,카사딘,도란의 반지,18,3,16.67
MIDDLE,카사딘,도란의 방패,36,16,44.44
MIDDLE,카사딘,사파이어 수정,18,9,50.0
MIDDLE,카사딘,암흑의 인장,201,103,51.24
MIDDLE,카사딘,여신의 눈물,98,38,38.78
MIDDLE,카사딘,장화,49,11,22.45
MIDDLE,카사딘,증폭의 고서,92,33,35.87
MIDDLE,카서스,도란의 반지,20,6,30.0
MIDDLE,카서스,증폭의 고서,7,3,42.86
MIDDLE,카시오페아,도란의 반지,446,214,47.98
MIDDLE,카시오페아,마법무효화의 망토,9,3,33.33
MIDDLE,카시오페아,사파이어 수정,8,2,25.0
MIDDLE,카시오페아,암흑의 인장,95,43,45.26
MIDDLE,카시오페아,여신의 눈물,111,39,35.14
MIDDLE,카시오페아,장화,49,6,12.24
MIDDLE,카시오페아,증폭의 고서,172,79,45.93
MIDDLE,카이사,도란의 검,20,5,25.0
MIDDLE,카타리나,도란의 검,423,206,48.7
MIDDLE,카타리나,도란의 반지,81,53,65.43
MIDDLE,카타리나,도란의 방패,284,156,54.93
MIDDLE,카타리나,롱소드,56,19,33.93
MIDDLE,카타리나,마법무효화의 망토,12,6,50.0
MIDDLE,카타리나,암흑의 인장,1662,858,51.62
MIDDLE,카타리나,장화,178,51,28.65
MIDDLE,카타리나,증폭의 고서,695,294,42.3
MIDDLE,케넨,도란의 검,32,19,59.38
MIDDLE,케넨,도란의 반지,22,16,72.73
MIDDLE,케넨,암흑의 인장,42,26,61.9
MIDDLE,케넨,증폭의 고서,22,10,45.45
MIDDLE,케일,도란의 검,5,2,40.0
MIDDLE,케일,도란의 방패,9,4,44.44
MIDDLE,케일,암흑의 인장,12,4,33.33
MIDDLE,코그모,도란의 반지,6,3,50.0
MIDDLE,코그모,증폭의 고서,6,4,66.67
MIDDLE,코르키,도란의 검,433,205,47.34
MIDDLE,코르키,롱소드,106,28,26.42
MIDDLE,코르키,마법무효화의 망토,9,7,77.78
MIDDLE,코르키,수확의 낫,9,4,44.44
MIDDLE,코르키,여신의 눈물,114,35,30.7
MIDDLE,코르키,장화,84,22,26.19
MIDDLE,퀸,도란의 검,33,10,30.3
MIDDLE,퀸,롱소드,8,3,37.5
MIDDLE,퀸,장화,5,0,0.0
MIDDLE,크산테,도란의 방패,49,23,46.94
MIDDLE,크산테,마법무효화의 망토,9,5,55.56
MIDDLE,클레드,도란의 검,62,31,50.0
MIDDLE,클레드,도란의 방패,22,11,50.0
MIDDLE,클레드,롱소드,30,10,33.33
MIDDLE,클레드,장화,24,8,33.33
MIDDLE,키아나,도란의 검,956,505,52.82
MIDDLE,키아나,도란의 방패,12,4,33.33
MIDDLE,키아나,롱소드,593,259,43.68
MIDDLE,키아나,마법무효화의 망토,7,4,57.14
MIDDLE,키아나,장화,127,39,30.71
MIDDLE,탈론,도란의 검,882,478,54.2
MIDDLE,탈론,롱소드,571,259,45.36
MIDDLE,탈론,마법무효화의 망토,9,6,66.67
MIDDLE,탈론,장화,247,75,30.36
MIDDLE,탈리야,도란의 반지,1268,578,45.58
MIDDLE,탈리야,마법무효화의 망토,7,4,57.14
MIDDLE,탈리야,사파이어 수정,5,1,20.0
MIDDLE,탈리야,암흑의 인장,481,245,50.94
MIDDLE,탈리야,여신의 눈물,56,7,12.5
MIDDLE,탈리야,장화,31,0,0.0
MIDDLE,탈리야,증폭의 고서,584,240,41.1
MIDDLE,트리스타나,도란의 검,280,132,47.14
MIDDLE,트리스타나,롱소드,42,11,26.19
MIDDLE,트리스타나,수확의 낫,21,8,38.1
MIDDLE,트리스타나,장화,21,6,28.57
MIDDLE,트린다미어,도란의 검,57,26,45.61
MIDDLE,트린다미어,도란의 방패,32,12,37.5
MIDDLE,트린다미어,롱소드,32,10,31.25
MIDDLE,트린다미어,장화,9,1,11.11
MIDDLE,트위스티드 페이트,도란의 검,18,8,44.44
MIDDLE,트위스티드 페이트,도란의 반지,1682,827,49.17
MIDDLE,트위스티드 페이트,마법무효화의 망토,14,7,50.0
MIDDLE,트위스티드 페이트,암흑의 인장,1484,746,50.27
MIDDLE,트위스티드 페이트,장화,35,4,11.43
MIDDLE,트위스티드 페이트,증폭의 고서,444,198,44.59
MIDDLE,트위치,도란의 검,13,8,61.54
MIDDLE,트위치,도란의 반지,7,4,57.14
MIDDLE,트위치,암흑의 인장,9,4,44.44
MIDDLE,티모,도란의 반지,5,2,40.0
MIDDLE,판테온,도란의 검,270,164,60.74
MIDDLE,판테온,도란의 방패,62,34,54.84
MIDDLE,판테온,롱소드,176,95,53.98
MIDDLE,판테온,마법무효화의 망토,8,4,50.0
MIDDLE,판테온,장화,47,15,31.91
MIDDLE,피들스틱,도란의 반지,27,12,44.44
MIDDLE,피들스틱,장화,5,0,0.0
MIDDLE,피들스틱,증폭의 고서,17,5,29.41
MIDDLE,피오라,도란의 검,10,5,50.0
MIDDLE,피오라,롱소드,7,5,71.43
MIDDLE,피즈,도란의 반지,235,114,48.51
MIDDLE,피즈,암흑의 인장,349,170,48.71
MIDDLE,피즈,장화,23,4,17.39
MIDDLE,피즈,증폭의 고서,110,48,43.64
MIDDLE,하이머딩거,도란의 반지,18,10,55.56
MIDDLE,하이머딩거,암흑의 인장,5,3,60.0
MIDDLE,하이머딩거,증폭의 고서,13,8,61.54
MIDDLE,흐웨이,도란의 반지,612,264,43.14
MIDDLE,흐웨이,암흑의 인장,256,120,46.88
MIDDLE,흐웨이,여신의 눈물,17,7,41.18
MIDDLE,흐웨이,장화,31,5,16.13
MIDDLE,흐웨이,증폭의 고서,302,133,44.04
TOP,가렌,도란의 검,41,19,46.34
TOP,가렌,도란의 방패,329,149,45.29
TOP,가렌,롱소드,75,30,40.0
TOP,가렌,마법무효화의 망토,6,3,50.0
TOP,가렌,장화,34,10,29.41
TOP,갈리오,도란의 반지,154,89,57.79
TOP,갈리오,도란의 방패,12,6,50.0
TOP,갈리오,마법무효화의 망토,11,6,54.55
TOP,갈리오,암흑의 인장,78,46,58.97
TOP,갈리오,장화,20,8,40.0
TOP,갈리오,증폭의 고서,42,29,69.05
TOP,갱플랭크,도란의 검,743,387,52.09
TOP,갱플랭크,도란의 방패,339,160,47.2
TOP,갱플랭크,롱소드,359,168,46.8
TOP,갱플랭크,마법무효화의 망토,12,5,41.67
TOP,갱플랭크,수확의 낫,21,10,47.62
TOP,갱플랭크,장화,358,128,35.75
TOP,그라가스,도란의 반지,607,281,46.29
TOP,그라가스,마법무효화의 망토,11,8,72.73
TOP,그라가스,사파이어 수정,8,2,25.0
TOP,그라가스,암흑의 인장,56,33,58.93
TOP,그라가스,여신의 눈물,157,54,34.39
TOP,그라가스,장화,57,18,31.58
TOP,그라가스,증폭의 고서,231,109,47.19
TOP,그레이브즈,도란의 검,19,4,21.05
TOP,그레이브즈,롱소드,5,0,0.0
TOP,그웬,도란의 검,9,3,33.33
TOP,그웬,도란의 반지,775,411,53.03
TOP,그웬,도란의 방패,65,31,47.69
TOP,그웬,마법무효화의 망토,16,5,31.25
TOP,그웬,암흑의 인장,197,115,58.38
TOP,그웬,장화,192,70,36.46
TOP,그웬,증폭의 고서,357,165,46.22
TOP,나르,도란의 검,1007,504,50.05
TOP,나르,도란의 방패,316,131,41.46
TOP,나르,롱소드,177,58,32.77
TOP,나르,마법무효화의 망토,83,39,46.99
TOP,나르,수확의 낫,29,10,34.48
TOP,나르,장화,82,23,28.05
TOP,나서스,도란의 검,25,16,64.0
TOP,나서스,도란의 반지,48,19,39.58
TOP,나서스,도란의 방패,99,43,43.43
TOP,나서스,롱소드,12,5,41.67
TOP,나서스,마법무효화의 망토,24,7,29.17
TOP,나서스,장화,13,2,15.38
TOP,나피리,도란의 검,29,17,58.62
TOP,나피리,도란의 방패,6,5,83.33
TOP,나피리,롱소드,20,10,50.0
TOP,나피리,장화,17,11,64.71
TOP,녹턴,도란의 검,112,61,54.46
TOP,녹턴,도란의 방패,15,5,33.33
TOP,녹턴,롱소드,13,3,23.08
TOP,녹턴,마법무효화의 망토,15,5,33.33
TOP,녹턴,장화,33,10,30.3
TOP,니달리,도란의 검,133,67,50.38
TOP,니달리,롱소드,23,11,47.83
TOP,니달리,장화,22,6,27.27
TOP,니코,도란의 검,6,2,33.33
TOP,니코,도란의 반지,37,17,45.95
TOP,니코,암흑의 인장,16,9,56.25
TOP,니코,장화,5,1,20.0
TOP,니코,증폭의 고서,16,7,43.75
TOP,다리우스,도란의 검,545,256,46.97
TOP,다리우스,도란의 방패,342,164,47.95
TOP,다리우스,롱소드,164,64,39.02
TOP,다리우스,마법무효화의 망토,40,16,40.0
TOP,다리우스,수확의 낫,5,2,40.0
TOP,다리우스,장화,59,17,28.81
TOP,다이애나,도란의 반지,22,13,59.09
TOP,다이애나,암흑의 인장,25,14,56.0
TOP,다이애나,장화,5,2,40.0
TOP,다이애나,증폭의 고서,6,5,83.33
TOP,드레이븐,도란의 검,134,68,50.75
TOP,드레이븐,롱소드,25,8,32.0
TOP,드레이븐,장화,10,2,20.0
TOP,라이즈,도란의 반지,504,238,47.22
TOP,라이즈,마법무효화의 망토,11,3,27.27
TOP,라이즈,사파이어 수정,47,22,46.81
TOP,라이즈,암흑의 인장,32,20,62.5
TOP,라이즈,여신의 눈물,238,92,38.66
TOP,라이즈,장화,121,37,30.58
TOP,라이즈,증폭의 고서,236,100,42.37
TOP,람머스,도란의 방패,10,6,60.0
TOP,람머스,마법무효화의 망토,5,4,80.0
TOP,럼블,도란의 반지,2508,1247,49.72
TOP,럼블,도란의 방패,40,26,65.0
TOP,럼블,마법무효화의 망토,16,7,43.75
TOP,럼블,암흑의 인장,886,486,54.85
TOP,럼블,장화,164,40,24.39
TOP,럼블,증폭의 고서,1275,589,46.2
TOP,레넥톤,도란의 검,1186,588,49.58
TOP,레넥톤,도란의 방패,1116,508,45.52
TOP,레넥톤,롱소드,714,296,41.46
TOP,레넥톤,마법무효화의 망토,96,34,35.42
TOP,레넥톤,수확의 낫,16,7,43.75
TOP,레넥톤,장화,352,108,30.68
TOP,렉사이,도란의 검,19,9,47.37
TOP,렉사이,도란의 방패,278,139,50.0
TOP,렉사이,롱소드,35,11,31.43
TOP,렉사이,마법무효화의 망토,14,6,42.86
TOP,렉사이,장화,35,11,31.43
TOP,렝가,도란의 검,336,175,52.08
TOP,렝가,도란의 방패,71,34,47.89
TOP,렝가,롱소드,206,90,43.69
TOP,렝가,마법무효화의 망토,8,5,62.5
TOP,렝가,수확의 낫,5,3,60.0
TOP,렝가,장화,104,48,46.15
TOP,루시안,도란의 검,37,17,45.95
TOP,루시안,롱소드,6,1,16.67
TOP,루시안,장화,11,0,0.0
TOP,룰루,도란의 반지,92,49,53.26
TOP,룰루,암흑의 인장,24,15,62.5
TOP,룰루,증폭의 고서,26,10,38.46
TOP,르블랑,도란의 반지,15,10,66.67
TOP,르블랑,암흑의 인장,16,8,50.0
TOP,리 신,도란의 검,77,36,46.75
TOP,리 신,도란의 방패,17,8,47.06
TOP,리 신,롱소드,33,8,24.24
TOP,리 신,마법무효화의 망토,6,2,33.33
TOP,리 신,장화,31,13,41.94
TOP,리븐,도란의 검,735,377,51.29
TOP,리븐,도란의 방패,43,15,34.88
TOP,리븐,롱소드,349,157,44.99
TOP,리븐,마법무효화의 망토,29,18,62.07
TOP,리븐,수확의 낫,5,1,20.0
TOP,리븐,장화,127,42,33.07
TOP,리산드라,도란의 반지,94,49,52.13
TOP,리산드라,암흑의 인장,25,16,64.0
TOP,리산드라,증폭의 고서,41,24,58.54
TOP,마스터 이,도란의 검,54,26,48.15
TOP,마스터 이,롱소드,18,7,38.89
TOP,마스터 이,장화,30,13,43.33
TOP,마오카이,도란의 반지,11,4,36.36
TOP,마오카이,도란의 방패,85,41,48.24
TOP,마오카이,마법무효화의 망토,15,5,33.33
TOP,마오카이,여신의 눈물,22,5,22.73
TOP,마오카이,장화,17,6,35.29
TOP,말자하,도란의 반지,22,7,31.82
TOP,말자하,증폭의 고서,13,4,30.77
TOP,말파이트,도란의 반지,603,316,52.4
TOP,말파이트,도란의 방패,238,110,46.22
TOP,말파이트,마법무효화의 망토,95,40,42.11
TOP,말파이트,암흑의 인장,42,20,47.62
TOP,말파이트,여신의 눈물,10,5,50.0
TOP,말파이트,장화,100,27,27.0
TOP,말파이트,증폭의 고서,28,15,53.57
TOP,모데카이저,도란의 반지,316,150,47.47
TOP,모데카이저,도란의 방패,137,68,49.64
TOP,모데카이저,롱소드,30,14,46.67
TOP,모데카이저,마법무효화의 망토,18,11,61.11
TOP,모데카이저,암흑의 인장,59,41,69.49
TOP,모데카이저,장화,83,28,33.73
TOP,모데카이저,증폭의 고서,129,52,40.31
TOP,문도 박사,도란의 방패,579,250,43.18
TOP,문도 박사,롱소드,7,3,42.86
TOP,문도 박사,마법무효화의 망토,60,24,40.0
TOP,문도 박사,장화,102,36,35.29
TOP,바루스,도란의 검,619,308,49.76
TOP,바루스,롱소드,23,8,34.78
TOP,바루스,마법무효화의 망토,12,5,41.67
TOP,바루스,수확의 낫,6,3,50.0
TOP,바루스,암흑의 인장,95,53,55.79
TOP,바루스,장화,86,25,29.07
TOP,바루스,증폭의 고서,169,78,46.15
TOP,바이,도란의 검,6,3,50.0
TOP,바이,롱소드,5,1,20.0
TOP,바이,장화,8,3,37.5
TOP,베인,도란의 검,647,328,50.7
TOP,베인,도란의 방패,6,1,16.67
TOP,베인,롱소드,127,60,47.24
TOP,베인,마법무효화의 망토,13,10,76.92
TOP,베인,수확의 낫,36,17,47.22
TOP,베인,장화,56,18,32.14
TOP,베인,증폭의 고서,12,3,25.0
TOP,벡스,암흑의 인장,7,5,71.43
TOP,벨베스,도란의 검,45,26,57.78
TOP,벨베스,도란의 방패,21,7,33.33
TOP,벨베스,롱소드,19,10,52.63
TOP,벨베스,장화,23,15,65.22
TOP,벨코즈,도란의 반지,19,12,63.16
TOP,벨코즈,암흑의 인장,6,2,33.33
TOP,벨코즈,증폭의 고서,14,8,57.14
TOP,볼리베어,도란의 검,58,27,46.55
TOP,볼리베어,도란의 반지,458,209,45.63
TOP,볼리베어,도란의 방패,150,62,41.33
TOP,볼리베어,롱소드,7,2,28.57
TOP,볼리베어,마법무효화의 망토,51,24,47.06
TOP,볼리베어,사파이어 수정,8,7,87.5
TOP,볼리베어,암흑의 인장,49,29,59.18
TOP,볼리베어,여신의 눈물,125,40,32.0
TOP,볼리베어,장화,72,20,27.78
TOP,볼리베어,증폭의 고서,32,13,40.62
TOP,브라이어,도란의 검,9,2,22.22
TOP,브랜드,도란의 반지,9,3,33.33
TOP,브랜드,증폭의 고서,7,2,28.57
TOP,블라디미르,도란의 반지,582,273,46.91
TOP,블라디미르,도란의 방패,6,2,33.33
TOP,블라디미르,마법무효화의 망토,6,0,0.0
TOP,블라디미르,암흑의 인장,515,264,51.26
TOP,블라디미르,장화,20,1,5.0
TOP,블라디미르,증폭의 고서,208,91,43.75
TOP,비에고,도란의 검,32,18,56.25
TOP,비에고,도란의 방패,7,2,28.57
TOP,비에고,롱소드,13,5,38.46
TOP,비에고,장화,12,3,25.0
TOP,빅토르,도란의 반지,37,18,48.65
TOP,빅토르,암흑의 인장,11,5,45.45
TOP,빅토르,증폭의 고서,16,10,62.5
TOP,뽀삐,도란의 검,68,37,54.41
TOP,뽀삐,도란의 방패,309,162,52.43
TOP,뽀삐,마법무효화의 망토,44,19,43.18
TOP,뽀삐,여신의 눈물,184,87,47.28
TOP,뽀삐,장화,54,30,55.56
TOP,사이온,도란의 검,21,11,52.38
TOP,사이온,도란의 반지,25,6,24.0
TOP,사이온,도란의 방패,1046,464,44.36
TOP,사이온,롱소드,48,19,39.58
TOP,사이온,마법무효화의 망토,130,53,40.77
TOP,사이온,수확의 낫,51,19,37.25
TOP,사이온,여신의 눈물,11,4,36.36
TOP,사이온,장화,129,34,26.36
TOP,사일러스,도란의 반지,346,171,49.42
TOP,사일러스,도란의 방패,18,6,33.33
TOP,사일러스,마법무효화의 망토,8,3,37.5
TOP,사일러스,암흑의 인장,149,74,49.66
TOP,사일러스,여신의 눈물,6,4,66.67
TOP,사일러스,장화,49,16,32.65
TOP,사일러스,증폭의 고서,170,73,42.94
TOP,세나,도란의 검,7,4,57.14
TOP,세주아니,도란의 반지,209,94,44.98
TOP,세주아니,도란의 방패,49,22,44.9
TOP,세주아니,마법무효화의 망토,15,7,46.67
TOP,세주아니,암흑의 인장,70,40,57.14
TOP,세주아니,여신의 눈물,25,9,36.0
TOP,세주아니,장화,21,6,28.57
TOP,세주아니,증폭의 고서,9,5,55.56
TOP,세트,도란의 검,470,241,51.28
TOP,세트,도란의 방패,186,69,37.1
TOP,세트,롱소드,193,74,38.34
TOP,세트,마법무효화의 망토,6,2,33.33
TOP,세트,장화,134,39,29.1
TOP,소라카,도란의 반지,22,9,40.91
TOP,소라카,암흑의 인장,6,2,33.33
TOP,쉔,도란의 검,9,5,55.56
TOP,쉔,도란의 방패,683,333,48.76
TOP,쉔,롱소드,12,9,75.0
TOP,쉔,마법무효화의 망토,102,48,47.06
TOP,쉔,장화,111,39,35.14
TOP,스몰더,도란의 검,51,21,41.18
TOP,스몰더,롱소드,13,7,53.85
TOP,스웨인,도란의 반지,136,63,46.32
TOP,스웨인,암흑의 인장,26,18,69.23
TOP,스웨인,여신의 눈물,18,10,55.56
TOP,스웨인,장화,16,3,18.75
TOP,스웨인,증폭의 고서,42,18,42.86
TOP,스카너,도란의 방패,6,3,50.0
TOP,신 짜오,도란의 검,142,60,42.25
TOP,신 짜오,도란의 방패,8,4,50.0
TOP,신 짜오,롱소드,72,26,36.11
TOP,신 짜오,마법무효화의 망토,7,2,28.57
TOP,신 짜오,장화,57,20,35.09
TOP,신드라,도란의 반지,22,13,59.09
TOP,신드라,암흑의 인장,5,3,60.0
TOP,신드라,증폭의 고서,11,4,36.36
TOP,신지드,도란의 반지,568,281,49.47
TOP,신지드,도란의 방패,11,3,27.27
TOP,신지드,마법무효화의 망토,19,11,57.89
TOP,신지드,암흑의 인장,449,226,50.33
TOP,신지드,장화,24,5,20.83
TOP,신지드,증폭의 고서,110,48,43.64
TOP,아리,도란의 반지,11,3,27.27
TOP,아리,증폭의 고서,7,2,28.57
TOP,아이번,도란의 반지,79,43,54.43
TOP,아이번,암흑의 인장,8,6,75.0
TOP,아이번,장화,6,2,33.33
TOP,아이번,증폭의 고서,21,14,66.67
TOP,아지르,도란의 반지,80,49,61.25
TOP,아지르,암흑의 인장,7,5,71.43
TOP,아지르,장화,31,18,58.06
TOP,아지르,증폭의 고서,33,19,57.58
TOP,아칼리,도란의 검,11,6,54.55
TOP,아칼리,도란의 반지,396,207,52.27
TOP,아칼리,도란의 방패,149,66,44.3
TOP,아칼리,암흑의 인장,244,127,52.05
TOP,아칼리,장화,127,42,33.07
TOP,아칼리,증폭의 고서,331,152,45.92
TOP,아크샨,도란의 검,43,16,37.21
TOP,아크샨,롱소드,5,1,20.0
TOP,아크샨,장화,14,5,35.71
TOP,아트록스,도란의 검,327,164,50.15
TOP,아트록스,도란의 방패,1144,518,45.28
TOP,아트록스,롱소드,767,280,36.51
TOP,아트록스,마법무효화의 망토,38,14,36.84
TOP,아트록스,수확의 낫,16,10,62.5
TOP,아트록스,장화,261,85,32.57
TOP,암베사,도란의 검,386,186,48.19
TOP,암베사,도란의 방패,2179,998,45.8
TOP,암베사,롱소드,1349,594,44.03
TOP,암베사,마법무효화의 망토,122,55,45.08
TOP,암베사,수확의 낫,11,7,63.64
TOP,암베사,장화,404,153,37.87
TOP,애니비아,도란의 반지,218,117,53.67
TOP,애니비아,마법무효화의 망토,5,4,80.0
TOP,애니비아,암흑의 인장,24,13,54.17
TOP,애니비아,여신의 눈물,52,25,48.08
TOP,애니비아,장화,15,6,40.0
TOP,애니비아,증폭의 고서,93,49,52.69
TOP,야스오,도란의 검,687,315,45.85
TOP,야스오,도란의 방패,97,47,48.45
TOP,야스오,롱소드,169,72,42.6
TOP,야스오,마법무효화의 망토,13,8,61.54
TOP,야스오,수확의 낫,8,2,25.0
TOP,야스오,장화,9,1,11.11
TOP,에코,도란의 반지,27,12,44.44
TOP,에코,암흑의 인장,16,4,25.0
TOP,에코,증폭의 고서,6,3,50.0
TOP,오공,도란의 검,81,45,55.56
TOP,오공,도란의 방패,61,22,36.07
TOP,오공,롱소드,95,43,45.26
TOP,오공,마법무효화의 망토,11,7,63.64
TOP,오공,장화,49,22,44.9
TOP,오로라,도란의 반지,269,130,48.33
TOP,오로라,암흑의 인장,172,86,50.0
TOP,오로라,장화,28,8,28.57
TOP,오로라,증폭의 고서,127,52,40.94
TOP,오른,도란의 방패,409,178,43.52
TOP,오른,마법무효화의 망토,56,24,42.86
TOP,오른,사파이어 수정,7,3,42.86
TOP,오른,여신의 눈물,11,6,54.55
TOP,오른,장화,38,8,21.05
TOP,오리아나,도란의 반지,28,10,35.71
TOP,오리아나,암흑의 인장,15,3,20.0
TOP,오리아나,증폭의 고서,8,3,37.5
TOP,올라프,도란의 검,851,467,54.88
TOP,올라프,도란의 방패,91,49,53.85
TOP,올라프,롱소드,324,175,54.01
TOP,올라프,마법무효화의 망토,37,25,67.57
TOP,올라프,수확의 낫,10,4,40.0
TOP,올라프,장화,152,50,32.89
TOP,요네,도란의 검,744,348,46.77
TOP,요네,도란의 방패,260,105,40.38
TOP,요네,롱소드,247,102,41.3
TOP,요네,마법무효화의 망토,19,11,57.89
TOP,요네,수확의 낫,17,6,35.29
TOP,요네,장화,21,7,33.33
TOP,요릭,도란의 검,72,37,51.39
TOP,요릭,도란의 방패,268,129,48.13
TOP,요릭,롱소드,135,56,41.48
TOP,요릭,마법무효화의 망토,22,12,54.55
TOP,요릭,수확의 낫,21,11,52.38
TOP,요릭,장화,58,27,46.55
TOP,우디르,도란의 검,22,9,40.91
TOP,우디르,도란의 반지,325,177,54.46
TOP,우디르,도란의 방패,10,4,40.0
TOP,우디르,롱소드,9,4,44.44
TOP,우디르,마법무효화의 망토,32,14,43.75
TOP,우디르,암흑의 인장,113,67,59.29
TOP,우디르,여신의 눈물,56,32,57.14
TOP,우디르,장화,46,20,43.48
TOP,우디르,증폭의 고서,24,11,45.83
TOP,우르곳,도란의 검,473,265,56.03
TOP,우르곳,도란의 방패,30,12,40.0
TOP,우르곳,롱소드,68,28,41.18
TOP,우르곳,마법무효화의 망토,32,16,50.0
TOP,우르곳,수확의 낫,67,33,49.25
TOP,우르곳,장화,49,17,34.69
TOP,워윅,도란의 검,460,246,53.48
TOP,워윅,도란의 반지,8,4,50.0
TOP,워윅,도란의 방패,14,4,28.57
TOP,워윅,롱소드,120,53,44.17
TOP,워윅,마법무효화의 망토,35,17,48.57
TOP,워윅,여신의 눈물,5,3,60.0
TOP,워윅,장화,113,47,41.59
TOP,이렐리아,도란의 검,1309,658,50.27
TOP,이렐리아,도란의 방패,29,11,37.93
TOP,이렐리아,롱소드,295,142,48.14
TOP,이렐리아,마법무효화의 망토,69,32,46.38
TOP,이렐리아,수확의 낫,37,19,51.35
TOP,이렐리아,장화,237,93,39.24
TOP,이블린,도란의 반지,6,1,16.67
TOP,일라오이,도란의 검,151,67,44.37
TOP,일라오이,도란의 방패,48,21,43.75
TOP,일라오이,롱소드,39,17,43.59
TOP,일라오이,마법무효화의 망토,13,7,53.85
TOP,일라오이,여신의 눈물,6,1,16.67
TOP,일라오이,장화,61,17,27.87
TOP,자르반 4세,도란의 방패,10,4,40.0
TOP,자크,도란의 방패,195,85,43.59
TOP,자크,마법무효화의 망토,21,9,42.86
TOP,자크,암흑의 인장,37,22,59.46
TOP,자크,장화,33,12,36.36
TOP,자크,증폭의 고서,9,5,55.56
TOP,자헨,도란의 검,671,342,50.97
TOP,자헨,도란의 방패,1059,502,47.4
TOP,자헨,롱소드,770,338,43.9
TOP,자헨,마법무효화의 망토,80,40,50.0
TOP,자헨,수확의 낫,36,20,55.56
TOP,자헨,장화,289,89,30.8
TOP,잭스,도란의 검,963,529,54.93
TOP,잭스,도란의 반지,27,10,37.04
TOP,잭스,도란의 방패,1609,780,48.48
TOP,잭스,롱소드,553,233,42.13
TOP,잭스,마법무효화의 망토,110,44,40.0
TOP,잭스,수확의 낫,42,9,21.43
TOP,잭스,암흑의 인장,38,20,52.63
TOP,잭스,장화,484,174,35.95
TOP,잭스,증폭의 고서,504,245,48.61
TOP,제드,도란의 검,34,15,44.12
TOP,제드,도란의 방패,19,7,36.84
TOP,제드,롱소드,66,24,36.36
TOP,제드,수확의 낫,5,2,40.0
TOP,제드,장화,17,3,17.65
TOP,제이스,도란의 검,812,401,49.38
TOP,제이스,도란의 방패,11,6,54.55
TOP,제이스,롱소드,396,159,40.15
TOP,제이스,수확의 낫,7,3,42.86
TOP,제이스,여신의 눈물,208,73,35.1
TOP,제이스,장화,132,38,28.79
TOP,조이,도란의 반지,24,13,54.17
TOP,조이,암흑의 인장,14,7,50.0
TOP,조이,증폭의 고서,9,4,44.44
TOP,질리언,도란의 반지,7,3,42.86
TOP,초가스,도란의 반지,63,25,39.68
TOP,초가스,도란의 방패,29,15,51.72
TOP,초가스,암흑의 인장,17,9,52.94
TOP,초가스,여신의 눈물,5,2,40.0
TOP,초가스,장화,5,3,60.0
TOP,초가스,증폭의 고서,5,1,20.0
TOP,카르마,도란의 반지,51,20,39.22
TOP,카르마,암흑의 인장,7,1,14.29
TOP,카르마,여신의 눈물,11,3,27.27
TOP,카르마,장화,6,1,16.67
TOP,카르마,증폭의 고서,12,4,33.33
TOP,카밀,도란의 검,361,182,50.42
TOP,카밀,도란의 방패,604,297,49.17
TOP,카밀,롱소드,486,206,42.39
TOP,카밀,마법무효화의 망토,45,24,53.33
TOP,카밀,수확의 낫,14,9,64.29
TOP,카밀,장화,194,70,36.08
TOP,카사딘,도란의 방패,9,5,55.56
TOP,카사딘,암흑의 인장,15,7,46.67
TOP,카사딘,여신의 눈물,15,6,40.0
TOP,카사딘,증폭의 고서,10,5,50.0
TOP,카시오페아,도란의 반지,261,132,50.57
TOP,카시오페아,암흑의 인장,68,35,51.47
TOP,카시오페아,여신의 눈물,70,26,37.14
TOP,카시오페아,장화,45,16,35.56
TOP,카시오페아,증폭의 고서,145,65,44.83
TOP,카이사,도란의 검,15,6,40.0
TOP,카타리나,도란의 검,13,5,38.46
TOP,카타리나,도란의 방패,6,2,33.33
TOP,카타리나,암흑의 인장,6,2,33.33
TOP,카타리나,장화,7,1,14.29
TOP,카타리나,증폭의 고서,5,2,40.0
TOP,칼리스타,도란의 검,8,2,25.0
TOP,케넨,도란의 검,994,524,52.72
TOP,케넨,도란의 반지,121,70,57.85
TOP,케넨,도란의 방패,7,1,14.29
TOP,케넨,마법무효화의 망토,5,2,40.0
TOP,케넨,수확의 낫,26,16,61.54
TOP,케넨,암흑의 인장,254,143,56.3
TOP,케넨,장화,119,41,34.45
TOP,케넨,증폭의 고서,605,298,49.26
TOP,케이틀린,도란의 검,6,3,50.0
TOP,케인,도란의 검,39,19,48.72
TOP,케인,롱소드,22,5,22.73
TOP,케인,장화,16,6,37.5
TOP,케일,도란의 검,143,74,51.75
TOP,케일,도란의 반지,23,9,39.13
TOP,케일,도란의 방패,59,32,54.24
TOP,케일,롱소드,10,4,40.0
TOP,케일,수확의 낫,24,12,50.0
TOP,케일,암흑의 인장,7,7,100.0
TOP,케일,장화,8,1,12.5
TOP,케일,증폭의 고서,72,24,33.33
TOP,코그모,도란의 검,5,1,20.0
TOP,코르키,도란의 검,67,33,49.25
TOP,코르키,롱소드,26,14,53.85
TOP,코르키,여신의 눈물,15,8,53.33
TOP,코르키,장화,18,9,50.0
TOP,퀸,도란의 검,224,120,53.57
TOP,퀸,롱소드,95,52,54.74
TOP,퀸,수확의 낫,12,5,41.67
TOP,퀸,장화,31,11,35.48
TOP,크산테,도란의 방패,1957,847,43.28
TOP,크산테,마법무효화의 망토,408,175,42.89
TOP,크산테,수확의 낫,5,2,40.0
TOP,크산테,장화,320,93,29.06
TOP,클레드,도란의 검,628,320,50.96
TOP,클레드,도란의 방패,57,23,40.35
TOP,클레드,롱소드,230,97,42.17
TOP,클레드,마법무효화의 망토,23,13,56.52
TOP,클레드,수확의 낫,15,9,60.0
TOP,클레드,장화,237,92,38.82
TOP,키아나,도란의 검,46,18,39.13
TOP,키아나,롱소드,28,6,21.43
TOP,키아나,장화,8,2,25.0
TOP,탈론,도란의 검,10,4,40.0
TOP,탈론,장화,6,3,50.0
TOP,탈리야,도란의 반지,6,3,50.0
TOP,탐 켄치,도란의 반지,27,8,29.63
TOP,탐 켄치,도란의 방패,99,50,50.51
TOP,탐 켄치,롱소드,6,3,50.0
TOP,탐 켄치,마법무효화의 망토,24,10,41.67
TOP,탐 켄치,장화,26,11,42.31
TOP,트런들,도란의 검,66,34,51.52
TOP,트런들,도란의 방패,13,3,23.08
TOP,트런들,롱소드,29,14,48.28
TOP,트런들,장화,16,6,37.5
TOP,트리스타나,도란의 검,42,20,47.62
TOP,트리스타나,롱소드,6,5,83.33
TOP,트리스타나,장화,10,4,40.0
TOP,트린다미어,도란의 검,339,153,45.13
TOP,트린다미어,도란의 방패,58,21,36.21
TOP,트린다미어,롱소드,123,53,43.09
TOP,트린다미어,마법무효화의 망토,5,1,20.0
TOP,트린다미어,수확의 낫,5,3,60.0
TOP,트린다미어,장화,52,19,36.54
TOP,트위스티드 페이트,도란의 검,30,15,50.0
TOP,트위스티드 페이트,도란의 반지,6,3,50.0
TOP,티모,도란의 검,15,9,60.0
TOP,티모,도란의 반지,362,176,48.62
TOP,티모,마법무효화의 망토,10,5,50.0
TOP,티모,암흑의 인장,54,32,59.26
TOP,티모,장화,18,5,27.78
TOP,티모,증폭의 고서,139,64,46.04
TOP,판테온,도란의 검,512,240,46.88
TOP,판테온,도란의 방패,35,18,51.43
TOP,판테온,롱소드,188,75,39.89
TOP,판테온,마법무효화의 망토,18,11,61.11
TOP,판테온,여신의 눈물,5,2,40.0
TOP,판테온,장화,76,29,38.16
TOP,피들스틱,도란의 반지,35,13,37.14
TOP,피들스틱,암흑의 인장,5,3,60.0
TOP,피들스틱,증폭의 고서,15,5,33.33
TOP,피오라,도란의 검,1467,758,51.67
TOP,피오라,도란의 방패,348,171,49.14
TOP,피오라,롱소드,883,372,42.13
TOP,피오라,마법무효화의 망토,54,26,48.15
TOP,피오라,수확의 낫,40,16,40.0
TOP,피오라,장화,472,177,37.5
TOP,피즈,암흑의 인장,8,1,12.5
TOP,피즈,증폭의 고서,5,0,0.0
TOP,하이머딩거,도란의 반지,176,77,43.75
TOP,하이머딩거,암흑의 인장,12,3,25.0
TOP,하이머딩거,장화,55,17,30.91
TOP,하이머딩거,증폭의 고서,67,30,44.78
TOP,흐웨이,도란의 반지,6,4,66.67
TOP,흐웨이,증폭의 고서,5,3,60.0
UTILITY,갈리오,마법무효화의 망토,15,5,33.33
UTILITY,갈리오,장화,18,7,38.89
UTILITY,그라가스,마법무효화의 망토,9,6,66.67
UTILITY,그라가스,여신의 눈물,15,10,66.67
UTILITY,그라가스,증폭의 고서,5,2,40.0
UTILITY,나미,룬 나침반,6,1,16.67
UTILITY,나미,마법무효화의 망토,10,4,40.0
UTILITY,나미,암흑의 인장,7,3,42.86
UTILITY,나미,여신의 눈물,67,31,46.27
UTILITY,나미,장화,61,13,21.31
UTILITY,나미,증폭의 고서,178,82,46.07
UTILITY,노틸러스,룬 나침반,43,7,16.28
UTILITY,노틸러스,마법무효화의 망토,836,364,43.54
UTILITY,노틸러스,세계의 결실,13,0,0.0
UTILITY,노틸러스,장화,621,168,27.05
UTILITY,노틸러스,증폭의 고서,38,20,52.63
UTILITY,누누와 윌럼프,암흑의 인장,5,2,40.0
UTILITY,니달리,암흑의 인장,66,37,56.06
UTILITY,니달리,여신의 눈물,15,9,60.0
UTILITY,니달리,장화,30,8,26.67
UTILITY,니달리,증폭의 고서,49,19,38.78
UTILITY,니코,룬 나침반,10,0,0.0
UTILITY,니코,마법무효화의 망토,86,52,60.47
UTILITY,니코,사파이어 수정,17,9,52.94
UTILITY,니코,세계의 결실,5,0,0.0
UTILITY,니코,암흑의 인장,70,42,60.0
UTILITY,니코,여신의 눈물,7,4,57.14
UTILITY,니코,장화,101,25,24.75
UTILITY,니코,증폭의 고서,719,336,46.73
UTILITY,라칸,룬 나침반,13,1,7.69
UTILITY,라칸,마법무효화의 망토,551,228,41.38
UTILITY,라칸,암흑의 인장,32,19,59.38
UTILITY,라칸,장화,131,29,22.14
UTILITY,라칸,증폭의 고서,148,80,54.05
UTILITY,람머스,마법무효화의 망토,21,10,47.62
UTILITY,람머스,암흑의 인장,5,1,20.0
UTILITY,람머스,장화,29,11,37.93
UTILITY,럭스,마법무효화의 망토,8,5,62.5
UTILITY,럭스,암흑의 인장,47,23,48.94
UTILITY,럭스,장화,35,7,20.0
UTILITY,럭스,증폭의 고서,224,122,54.46
UTILITY,럼블,장화,5,1,20.0
UTILITY,럼블,증폭의 고서,7,3,42.86
UTILITY,레나타 글라스크,마법무효화의 망토,17,7,41.18
UTILITY,레나타 글라스크,장화,13,3,23.08
UTILITY,레나타 글라스크,증폭의 고서,20,4,20.0
UTILITY,레오나,룬 나침반,37,6,16.22
UTILITY,레오나,마법무효화의 망토,493,231,46.86
UTILITY,레오나,세계의 결실,9,0,0.0
UTILITY,레오나,장화,328,84,25.61
UTILITY,레오나,증폭의 고서,15,5,33.33
UTILITY,렐,룬 나침반,28,5,17.86
UTILITY,렐,마법무효화의 망토,492,231,46.95
UTILITY,렐,세계의 결실,13,2,15.38
UTILITY,렐,장화,173,43,24.86
UTILITY,렐,증폭의 고서,16,6,37.5
UTILITY,렝가,롱소드,15,6,40.0
UTILITY,렝가,마법무효화의 망토,9,4,44.44
UTILITY,렝가,장화,14,8,57.14
UTILITY,룰루,룬 나침반,30,3,10.0
UTILITY,룰루,마법무효화의 망토,53,29,54.72
UTILITY,룰루,세계의 결실,5,0,0.0
UTILITY,룰루,암흑의 인장,27,13,48.15
UTILITY,룰루,여신의 눈물,35,12,34.29
UTILITY,룰루,장화,160,34,21.25
UTILITY,룰루,증폭의 고서,692,334,48.27
UTILITY,르블랑,마법무효화의 망토,6,5,83.33
UTILITY,르블랑,암흑의 인장,184,104,56.52
UTILITY,르블랑,장화,38,8,21.05
UTILITY,르블랑,증폭의 고서,186,86,46.24
UTILITY,리산드라,증폭의 고서,12,8,66.67
UTILITY,마오카이,마법무효화의 망토,122,52,42.62
UTILITY,마오카이,장화,35,10,28.57
UTILITY,마오카이,증폭의 고서,18,7,38.89
UTILITY,멜,암흑의 인장,47,20,42.55
UTILITY,멜,여신의 눈물,11,1,9.09
UTILITY,멜,장화,41,13,31.71
UTILITY,멜,증폭의 고서,183,72,39.34
UTILITY,모르가나,마법무효화의 망토,8,2,25.0
UTILITY,모르가나,암흑의 인장,15,9,60.0
UTILITY,모르가나,장화,26,9,34.62
UTILITY,모르가나,증폭의 고서,138,68,49.28
UTILITY,밀리오,룬 나침반,5,0,0.0
UTILITY,밀리오,마법무효화의 망토,5,5,100.0
UTILITY,밀리오,여신의 눈물,15,4,26.67
UTILITY,밀리오,장화,51,15,29.41
UTILITY,밀리오,증폭의 고서,132,54,40.91
UTILITY,바드,룬 나침반,23,3,13.04
UTILITY,바드,마법무효화의 망토,309,132,42.72
UTILITY,바드,세계의 결실,6,0,0.0
UTILITY,바드,암흑의 인장,41,23,56.1
UTILITY,바드,장화,112,34,30.36
UTILITY,바드,증폭의 고서,214,93,43.46
UTILITY,바루스,롱소드,5,1,20.0
UTILITY,베이가,장화,5,1,20.0
UTILITY,베이가,증폭의 고서,19,4,21.05
UTILITY,베인,롱소드,15,4,26.67
UTILITY,베인,장화,14,8,57.14
UTILITY,벨코즈,암흑의 인장,14,10,71.43
UTILITY,벨코즈,장화,16,4,25.0
UTILITY,벨코즈,증폭의 고서,156,85,54.49
UTILITY,브라움,룬 나침반,24,3,12.5
UTILITY,브라움,마법무효화의 망토,791,325,41.09
UTILITY,브라움,세계의 결실,10,0,0.0
UTILITY,브라움,장화,525,150,28.57
UTILITY,브라움,증폭의 고서,28,14,50.0
UTILITY,브랜드,마법무효화의 망토,5,3,60.0
UTILITY,브랜드,장화,13,2,15.38
UTILITY,브랜드,증폭의 고서,43,16,37.21
UTILITY,블리츠크랭크,룬 나침반,66,12,18.18
UTILITY,블리츠크랭크,마법무효화의 망토,307,122,39.74
UTILITY,블리츠크랭크,사파이어 수정,16,13,81.25
UTILITY,블리츠크랭크,세계의 결실,8,2,25.0
UTILITY,블리츠크랭크,암흑의 인장,5,2,40.0
UTILITY,블리츠크랭크,여신의 눈물,9,2,22.22
UTILITY,블리츠크랭크,장화,96,23,23.96
UTILITY,블리츠크랭크,증폭의 고서,77,43,55.84
UTILITY,비에고,롱소드,5,2,40.0
UTILITY,뽀삐,롱소드,6,4,66.67
UTILITY,뽀삐,룬 나침반,11,0,0.0
UTILITY,뽀삐,마법무효화의 망토,228,113,49.56
UTILITY,뽀삐,장화,97,22,22.68
UTILITY,사일러스,마법무효화의 망토,8,3,37.5
UTILITY,사일러스,암흑의 인장,110,60,54.55
UTILITY,사일러스,장화,42,14,33.33
UTILITY,사일러스,증폭의 고서,149,74,49.66
UTILITY,샤코,롱소드,57,21,36.84
UTILITY,샤코,장화,28,5,17.86
UTILITY,샤코,증폭의 고서,42,24,57.14
UTILITY,세나,롱소드,113,60,53.1
UTILITY,세나,마법무효화의 망토,14,8,57.14
UTILITY,세나,여신의 눈물,37,16,43.24
UTILITY,세나,장화,45,13,28.89
UTILITY,세나,증폭의 고서,9,6,66.67
UTILITY,세라핀,룬 나침반,7,2,28.57
UTILITY,세라핀,마법무효화의 망토,15,7,46.67
UTILITY,세라핀,암흑의 인장,5,4,80.0
UTILITY,세라핀,여신의 눈물,85,23,27.06
UTILITY,세라핀,장화,140,47,33.57
UTILITY,세라핀,증폭의 고서,173,64,36.99
UTILITY,세주아니,마법무효화의 망토,7,3,42.86
UTILITY,세트,롱소드,6,4,66.67
UTILITY,세트,장화,6,1,16.67
UTILITY,소나,마법무효화의 망토,5,4,80.0
UTILITY,소나,암흑의 인장,8,5,62.5
UTILITY,소나,여신의 눈물,227,80,35.24
UTILITY,소나,장화,41,7,17.07
UTILITY,소나,증폭의 고서,69,29,42.03
UTILITY,소라카,마법무효화의 망토,15,8,53.33
UTILITY,소라카,암흑의 인장,19,15,78.95
UTILITY,소라카,여신의 눈물,22,8,36.36
UTILITY,소라카,장화,114,42,36.84
UTILITY,소라카,증폭의 고서,71,34,47.89
UTILITY,쉔,마법무효화의 망토,14,4,28.57
UTILITY,쉔,장화,6,0,0.0
UTILITY,스웨인,마법무효화의 망토,29,14,48.28
UTILITY,스웨인,암흑의 인장,12,7,58.33
UTILITY,스웨인,여신의 눈물,19,11,57.89
UTILITY,스웨인,장화,45,10,22.22
UTILITY,스웨인,증폭의 고서,127,46,36.22
UTILITY,스카너,마법무효화의 망토,14,7,50.0
UTILITY,신드라,암흑의 인장,5,3,60.0
UTILITY,쓰레쉬,룬 나침반,61,12,19.67
UTILITY,쓰레쉬,마법무효화의 망토,705,312,44.26
UTILITY,쓰레쉬,사파이어 수정,5,3,60.0
UTILITY,쓰레쉬,세계의 결실,18,3,16.67
UTILITY,쓰레쉬,장화,151,37,24.5
UTILITY,쓰레쉬,증폭의 고서,59,27,45.76
UTILITY,아리,암흑의 인장,5,1,20.0
UTILITY,아무무,마법무효화의 망토,10,6,60.0
UTILITY,아무무,장화,6,2,33.33
UTILITY,아크샨,롱소드,6,0,0.0
UTILITY,알리스타,룬 나침반,28,2,7.14
UTILITY,알리스타,마법무효화의 망토,684,305,44.59
UTILITY,알리스타,세계의 결실,8,0,0.0
UTILITY,알리스타,암흑의 인장,47,28,59.57
UTILITY,알리스타,장화,186,45,24.19
UTILITY,알리스타,증폭의 고서,39,17,43.59
UTILITY,애니,증폭의 고서,6,0,0.0
UTILITY,애니비아,마법무효화의 망토,5,2,40.0
UTILITY,애니비아,암흑의 인장,15,9,60.0
UTILITY,애니비아,여신의 눈물,5,1,20.0
UTILITY,애니비아,장화,15,5,33.33
UTILITY,애니비아,증폭의 고서,73,38,52.05
UTILITY,애쉬,롱소드,11,1,9.09
UTILITY,애쉬,장화,5,1,20.0
UTILITY,애쉬,증폭의 고서,6,5,83.33
UTILITY,에코,암흑의 인장,10,5,50.0
UTILITY,에코,장화,5,1,20.0
UTILITY,에코,증폭의 고서,5,1,20.0
UTILITY,엘리스,마법무효화의 망토,20,14,70.0
UTILITY,엘리스,암흑의 인장,412,254,61.65
UTILITY,엘리스,장화,101,29,28.71
UTILITY,엘리스,증폭의 고서,741,380,51.28
UTILITY,오공,롱소드,12,7,58.33
UTILITY,오리아나,장화,7,2,28.57
UTILITY,유미,룬 나침반,26,4,15.38
UTILITY,유미,암흑의 인장,30,13,43.33
UTILITY,유미,여신의 눈물,195,86,44.1
UTILITY,유미,증폭의 고서,184,78,42.39
UTILITY,자르반 4세,롱소드,17,11,64.71
UTILITY,자르반 4세,장화,7,4,57.14
UTILITY,자이라,장화,31,7,22.58
UTILITY,자이라,증폭의 고서,109,40,36.7
UTILITY,자크,마법무효화의 망토,8,2,25.0
UTILITY,자크,장화,7,4,57.14
UTILITY,자크,증폭의 고서,5,3,60.0
UTILITY,잔나,마법무효화의 망토,11,6,54.55
UTILITY,잔나,암흑의 인장,40,22,55.0
UTILITY,잔나,여신의 눈물,20,11,55.0
UTILITY,잔나,장화,17,9,52.94
UTILITY,잔나,증폭의 고서,73,31,42.47
UTILITY,잭스,장화,5,2,40.0
UTILITY,잭스,증폭의 고서,7,2,28.57
UTILITY,제라스,암흑의 인장,37,16,43.24
UTILITY,제라스,여신의 눈물,11,5,45.45
UTILITY,제라스,장화,35,8,22.86
UTILITY,제라스,증폭의 고서,92,37,40.22
UTILITY,제이스,롱소드,6,4,66.67
UTILITY,제이스,여신의 눈물,16,14,87.5
UTILITY,조이,암흑의 인장,22,13,59.09
UTILITY,조이,장화,6,3,50.0
UTILITY,조이,증폭의 고서,78,33,42.31
UTILITY,질리언,룬 나침반,6,1,16.67
UTILITY,질리언,마법무효화의 망토,24,13,54.17
UTILITY,질리언,암흑의 인장,22,14,63.64
UTILITY,질리언,여신의 눈물,35,17,48.57
UTILITY,질리언,장화,14,5,35.71
UTILITY,질리언,증폭의 고서,94,44,46.81
UTILITY,카르마,룬 나침반,21,5,23.81
UTILITY,카르마,마법무효화의 망토,24,11,45.83
UTILITY,카르마,세계의 결실,11,1,9.09
UTILITY,카르마,암흑의 인장,77,44,57.14
UTILITY,카르마,여신의 눈물,33,11,33.33
UTILITY,카르마,장화,150,39,26.0
UTILITY,카르마,증폭의 고서,649,285,43.91
UTILITY,카밀,롱소드,65,26,40.0
UTILITY,카밀,마법무효화의 망토,11,8,72.73
UTILITY,카밀,장화,46,24,52.17
UTILITY,카시오페아,증폭의 고서,6,3,50.0
UTILITY,케넨,장화,7,3,42.86
UTILITY,케넨,증폭의 고서,37,27,72.97
UTILITY,케이틀린,롱소드,6,4,66.67
UTILITY,케이틀린,장화,6,2,33.33
UTILITY,크산테,마법무효화의 망토,8,4,50.0
UTILITY,크산테,장화,9,2,22.22
UTILITY,키아나,롱소드,13,6,46.15
UTILITY,키아나,장화,5,1,20.0
UTILITY,타릭,룬 나침반,12,2,16.67
UTILITY,타릭,마법무효화의 망토,66,19,28.79
UTILITY,타릭,여신의 눈물,484,232,47.93
UTILITY,타릭,장화,9,2,22.22
UTILITY,타릭,증폭의 고서,7,3,42.86
UTILITY,탈리야,암흑의 인장,6,2,33.33
UTILITY,탈리야,증폭의 고서,20,11,55.0
UTILITY,탐 켄치,마법무효화의 망토,30,14,46.67
UTILITY,탐 켄치,장화,20,6,30.0
UTILITY,트위치,암흑의 인장,12,7,58.33
UTILITY,트위치,장화,5,1,20.0
UTILITY,트위치,증폭의 고서,9,3,33.33
UTILITY,파이크,롱소드,1094,518,47.35
UTILITY,파이크,룬 나침반,32,9,28.12
UTILITY,파이크,마법무효화의 망토,86,46,53.49
UTILITY,파이크,세계의 결실,9,2,22.22
UTILITY,파이크,장화,122,29,23.77
UTILITY,판테온,롱소드,296,126,42.57
UTILITY,판테온,마법무효화의 망토,23,11,47.83
UTILITY,판테온,장화,172,59,34.3
UTILITY,피들스틱,마법무효화의 망토,18,6,33.33
UTILITY,피들스틱,암흑의 인장,5,3,60.0
UTILITY,피들스틱,장화,5,1,20.0
UTILITY,피들스틱,증폭의 고서,62,21,33.87
UTILITY,하이머딩거,암흑의 인장,7,2,28.57
UTILITY,하이머딩거,장화,12,5,41.67
UTILITY,하이머딩거,증폭의 고서,43,19,44.19
UTILITY,흐웨이,암흑의 인장,15,9,60.0
UTILITY,흐웨이,여신의 눈물,7,3,42.86
UTILITY,흐웨이,증폭의 고서,26,12,46.15
