position,champion,rune_key,rune_main,rune_sub,total_games,win_count,win_rate
BOTTOM,그레이브즈,기민한 발놀림,정밀,영감,8,4,50.0
BOTTOM,닐라,정복자,정밀,결의,7,2,28.57
BOTTOM,닐라,정복자,정밀,영감,720,404,56.11
BOTTOM,닐라,정복자,정밀,지배,19,8,42.11
BOTTOM,드레이븐,집중 공격,정밀,마법,13,5,38.46
BOTTOM,드레이븐,집중 공격,정밀,영감,84,46,54.76
BOTTOM,드레이븐,집중 공격,정밀,지배,25,16,64.0
BOTTOM,드레이븐,치명적 속도,정밀,마법,132,56,42.42
BOTTOM,드레이븐,치명적 속도,정밀,영감,1199,625,52.13
BOTTOM,드레이븐,치명적 속도,정밀,지배,31,14,45.16
BOTTOM,렝가,정복자,정밀,결의,9,8,88.89
BOTTOM,루시안,감전,지배,마법,29,14,48.28
BOTTOM,루시안,감전,지배,영감,9,4,44.44
BOTTOM,루시안,선제공격,영감,마법,58,31,53.45
BOTTOM,루시안,선제공격,영감,정밀,31,12,38.71
BOTTOM,루시안,집중 공격,정밀,결의,10,5,50.0
BOTTOM,루시안,집중 공격,정밀,영감,7653,3788,49.5
BOTTOM,루시안,집중 공격,정밀,지배,13,9,69.23
BOTTOM,루시안,치명적 속도,정밀,영감,36,12,33.33
BOTTOM,멜,선제공격,영감,마법,11,5,45.45
BOTTOM,멜,신비로운 유성,마법,영감,67,33,49.25
BOTTOM,멜,신비로운 유성,마법,정밀,168,82,48.81
BOTTOM,멜,콩콩이 소환,마법,영감,5,4,80.0
BOTTOM,미스 포츈,선제공격,영감,마법,1379,670,48.59
BOTTOM,미스 포츈,선제공격,영감,정밀,66,32,48.48
BOTTOM,미스 포츈,신비로운 유성,마법,영감,5,1,20.0
BOTTOM,미스 포츈,어둠의 수확,지배,영감,10,7,70.0
BOTTOM,미스 포츈,어둠의 수확,지배,정밀,8,4,50.0
BOTTOM,미스 포츈,정복자,정밀,영감,5,3,60.0
BOTTOM,미스 포츈,집중 공격,정밀,마법,10,3,30.0
BOTTOM,미스 포츈,집중 공격,정밀,영감,2319,1263,54.46
BOTTOM,미스 포츈,집중 공격,정밀,지배,5,2,40.0
BOTTOM,미스 포츈,치명적 속도,정밀,영감,103,60,58.25
BOTTOM,바루스,선제공격,영감,마법,7,3,42.86
BOTTOM,바루스,신비로운 유성,마법,영감,1467,709,48.33
BOTTOM,바루스,신비로운 유성,마법,정밀,23,14,60.87
BOTTOM,바루스,집중 공격,정밀,결의,60,28,46.67
BOTTOM,바루스,집중 공격,정밀,영감,15,10,66.67
BOTTOM,바루스,치명적 속도,정밀,결의,14,5,35.71
BOTTOM,바루스,치명적 속도,정밀,영감,518,250,48.26
BOTTOM,바루스,칼날비,지배,마법,6,2,33.33
BOTTOM,바루스,칼날비,지배,영감,13,4,30.77
BOTTOM,바루스,칼날비,지배,정밀,6,2,33.33
BOTTOM,베이가,선제공격,영감,마법,67,38,56.72
BOTTOM,베이가,선제공격,영감,정밀,25,18,72.0
BOTTOM,베이가,신비로운 유성,마법,영감,9,5,55.56
BOTTOM,베이가,콩콩이 소환,마법,영감,16,10,62.5
BOTTOM,베이가,콩콩이 소환,마법,정밀,5,2,40.0
BOTTOM,베인,기민한 발놀림,정밀,영감,14,6,42.86
BOTTOM,베인,기민한 발놀림,정밀,지배,10,4,40.0
BOTTOM,베인,집중 공격,정밀,결의,6,3,50.0
BOTTOM,베인,집중 공격,정밀,영감,27,11,40.74
BOTTOM,베인,집중 공격,정밀,지배,11,3,27.27
BOTTOM,베인,치명적 속도,정밀,결의,78,38,48.72
BOTTOM,베인,치명적 속도,정밀,마법,11,5,45.45
BOTTOM,베인,치명적 속도,정밀,영감,99,47,47.47
BOTTOM,베인,치명적 속도,정밀,지배,27,10,37.04
BOTTOM,벨코즈,선제공격,영감,마법,38,22,57.89
BOTTOM,벨코즈,신비로운 유성,마법,영감,355,191,53.8
BOTTOM,벨코즈,신비로운 유성,마법,정밀,38,17,44.74
BOTTOM,벨코즈,신비로운 유성,마법,지배,12,6,50.0
BOTTOM,브랜드,신비로운 유성,마법,영감,6,5,83.33
BOTTOM,블라디미르,정복자,정밀,영감,7,3,42.86
BOTTOM,비에고,칼날비,지배,정밀,10,5,50.0
BOTTOM,빅토르,콩콩이 소환,마법,결의,36,23,63.89
BOTTOM,빅토르,콩콩이 소환,마법,영감,22,14,63.64
BOTTOM,빅토르,콩콩이 소환,마법,정밀,6,2,33.33
BOTTOM,사미라,정복자,정밀,결의,36,17,47.22
BOTTOM,사미라,정복자,정밀,영감,218,114,52.29
BOTTOM,사미라,정복자,정밀,지배,322,158,49.07
BOTTOM,세나,기민한 발놀림,정밀,마법,16,5,31.25
BOTTOM,세나,기민한 발놀림,정밀,영감,11,4,36.36
BOTTOM,세라핀,선제공격,영감,마법,6,2,33.33
BOTTOM,세라핀,선제공격,영감,정밀,11,8,72.73
BOTTOM,세라핀,정복자,정밀,영감,8,4,50.0
BOTTOM,세라핀,콩콩이 소환,마법,결의,17,7,41.18
BOTTOM,세라핀,콩콩이 소환,마법,정밀,6,3,50.0
BOTTOM,스몰더,기민한 발놀림,정밀,결의,6,4,66.67
BOTTOM,스몰더,기민한 발놀림,정밀,마법,57,27,47.37
BOTTOM,스몰더,기민한 발놀림,정밀,영감,922,466,50.54
BOTTOM,스몰더,신비로운 유성,마법,영감,121,70,57.85
BOTTOM,스몰더,정복자,정밀,마법,11,5,45.45
BOTTOM,스몰더,정복자,정밀,영감,32,19,59.38
BOTTOM,스몰더,집중 공격,정밀,영감,93,53,56.99
BOTTOM,스몰더,치명적 속도,정밀,영감,17,9,52.94
BOTTOM,스웨인,어둠의 수확,지배,정밀,70,38,54.29
BOTTOM,스웨인,정복자,정밀,결의,44,26,59.09
BOTTOM,스웨인,정복자,정밀,마법,452,255,56.42
BOTTOM,스웨인,정복자,정밀,영감,205,117,57.07
BOTTOM,스웨인,정복자,정밀,지배,5,3,60.0
BOTTOM,시비르,기민한 발놀림,정밀,마법,14,8,57.14
BOTTOM,시비르,기민한 발놀림,정밀,영감,9,4,44.44
BOTTOM,시비르,집중 공격,정밀,마법,5,4,80.0
BOTTOM,시비르,집중 공격,정밀,영감,55,28,50.91
BOTTOM,시비르,치명적 속도,정밀,마법,116,64,55.17
BOTTOM,시비르,치명적 속도,정밀,영감,3151,1673,53.09
BOTTOM,시비르,콩콩이 소환,마법,영감,5,2,40.0
BOTTOM,신드라,콩콩이 소환,마법,영감,7,5,71.43
BOTTOM,신지드,기민한 발놀림,정밀,마법,25,15,60.0
BOTTOM,신지드,난입,마법,영감,13,7,53.85
BOTTOM,신지드,정복자,정밀,마법,107,61,57.01
BOTTOM,신지드,정복자,정밀,영감,34,15,44.12
BOTTOM,아우렐리온 솔,신비로운 유성,마법,영감,49,23,46.94
BOTTOM,아우렐리온 솔,신비로운 유성,마법,정밀,185,96,51.89
BOTTOM,아지르,치명적 속도,정밀,마법,5,4,80.0
BOTTOM,아펠리오스,기민한 발놀림,정밀,마법,154,64,41.56
BOTTOM,아펠리오스,기민한 발놀림,정밀,영감,1964,958,48.78
BOTTOM,아펠리오스,봉인 풀린 주문서,영감,마법,6,4,66.67
BOTTOM,아펠리오스,정복자,정밀,마법,103,50,48.54
BOTTOM,아펠리오스,정복자,정밀,영감,1842,920,49.95
BOTTOM,아펠리오스,집중 공격,정밀,결의,14,9,64.29
BOTTOM,아펠리오스,집중 공격,정밀,마법,423,181,42.79
BOTTOM,아펠리오스,집중 공격,정밀,영감,7858,4013,51.07
BOTTOM,아펠리오스,치명적 속도,정밀,마법,106,51,48.11
BOTTOM,아펠리오스,치명적 속도,정밀,영감,581,292,50.26
BOTTOM,애니비아,감전,지배,정밀,14,7,50.0
BOTTOM,애쉬,집중 공격,정밀,영감,15,7,46.67
BOTTOM,애쉬,치명적 속도,정밀,영감,1704,812,47.65
BOTTOM,야스오,치명적 속도,정밀,결의,291,151,51.89
BOTTOM,야스오,치명적 속도,정밀,영감,26,13,50.0
BOTTOM,야스오,칼날비,지배,정밀,15,10,66.67
BOTTOM,오로라,감전,지배,정밀,9,2,22.22
BOTTOM,요네,치명적 속도,정밀,결의,8,3,37.5
BOTTOM,유나라,기민한 발놀림,정밀,영감,6,1,16.67
BOTTOM,유나라,집중 공격,정밀,마법,8,6,75.0
BOTTOM,유나라,집중 공격,정밀,영감,13,8,61.54
BOTTOM,유나라,치명적 속도,정밀,결의,9,4,44.44
BOTTOM,유나라,치명적 속도,정밀,마법,15,7,46.67
BOTTOM,유나라,치명적 속도,정밀,영감,8027,3954,49.26
BOTTOM,이즈리얼,선제공격,영감,마법,9,6,66.67
BOTTOM,이즈리얼,선제공격,영감,정밀,29,19,65.52
BOTTOM,이즈리얼,정복자,정밀,마법,10,5,50.0
BOTTOM,이즈리얼,정복자,정밀,영감,738,371,50.27
BOTTOM,이즈리얼,집중 공격,정밀,영감,1045,494,47.27
BOTTOM,이즈리얼,치명적 속도,정밀,마법,9,3,33.33
BOTTOM,이즈리얼,치명적 속도,정밀,영감,6673,3132,46.94
BOTTOM,자야,정복자,정밀,영감,125,72,57.6
BOTTOM,자야,치명적 속도,정밀,영감,969,501,51.7
BOTTOM,자이라,신비로운 유성,마법,정밀,11,6,54.55
BOTTOM,제라스,선제공격,영감,마법,8,3,37.5
BOTTOM,제라스,신비로운 유성,마법,영감,70,32,45.71
BOTTOM,제라스,신비로운 유성,마법,정밀,28,13,46.43
BOTTOM,제라스,콩콩이 소환,마법,영감,7,3,42.86
BOTTOM,제라스,콩콩이 소환,마법,정밀,9,6,66.67
BOTTOM,제리,기민한 발놀림,정밀,영감,16,10,62.5
BOTTOM,제리,정복자,정밀,영감,6,2,33.33
BOTTOM,제리,치명적 속도,정밀,결의,80,35,43.75
BOTTOM,제리,치명적 속도,정밀,마법,19,11,57.89
BOTTOM,제리,치명적 속도,정밀,영감,1396,653,46.78
BOTTOM,직스,선제공격,영감,마법,39,23,58.97
BOTTOM,직스,신비로운 유성,마법,영감,548,296,54.01
BOTTOM,직스,신비로운 유성,마법,정밀,109,52,47.71
BOTTOM,진,기민한 발놀림,정밀,마법,1263,593,46.95
BOTTOM,진,기민한 발놀림,정밀,영감,2989,1456,48.71
BOTTOM,진,신비로운 유성,마법,결의,9,3,33.33
BOTTOM,진,신비로운 유성,마법,영감,16,13,81.25
BOTTOM,진,어둠의 수확,지배,마법,9,3,33.33
BOTTOM,진,어둠의 수확,지배,영감,123,58,47.15
BOTTOM,진,어둠의 수확,지배,정밀,681,304,44.64
BOTTOM,진,치명적 속도,정밀,영감,5,0,0.0
BOTTOM,징크스,기민한 발놀림,정밀,마법,8,5,62.5
BOTTOM,징크스,기민한 발놀림,정밀,영감,39,21,53.85
BOTTOM,징크스,집중 공격,정밀,영감,7,1,14.29
BOTTOM,징크스,치명적 속도,정밀,결의,7,3,42.86
BOTTOM,징크스,치명적 속도,정밀,마법,1154,575,49.83
BOTTOM,징크스,치명적 속도,정밀,영감,3580,1920,53.63
BOTTOM,초가스,감전,지배,마법,19,12,63.16
BOTTOM,카서스,어둠의 수확,지배,정밀,112,64,57.14
BOTTOM,카서스,콩콩이 소환,마법,정밀,6,5,83.33
BOTTOM,카시오페아,정복자,정밀,마법,671,370,55.14
BOTTOM,카시오페아,정복자,정밀,영감,20,7,35.0
BOTTOM,카이사,기민한 발놀림,정밀,영감,7,2,28.57
BOTTOM,카이사,집중 공격,정밀,영감,54,26,48.15
BOTTOM,카이사,집중 공격,정밀,지배,9,4,44.44
BOTTOM,카이사,치명적 속도,정밀,영감,8686,4237,48.78
BOTTOM,카이사,칼날비,지배,영감,18,8,44.44
BOTTOM,카이사,칼날비,지배,정밀,6,4,66.67
BOTTOM,칼리스타,치명적 속도,정밀,결의,11,4,36.36
BOTTOM,칼리스타,치명적 속도,정밀,영감,145,86,59.31
BOTTOM,칼리스타,치명적 속도,정밀,지배,278,153,55.04
BOTTOM,케이틀린,기민한 발놀림,정밀,마법,227,112,49.34
BOTTOM,케이틀린,기민한 발놀림,정밀,영감,741,377,50.88
BOTTOM,케이틀린,기민한 발놀림,정밀,지배,34,18,52.94
BOTTOM,케이틀린,선제공격,영감,마법,121,61,50.41
BOTTOM,케이틀린,치명적 속도,정밀,결의,9,3,33.33
BOTTOM,케이틀린,치명적 속도,정밀,마법,984,448,45.53
BOTTOM,케이틀린,치명적 속도,정밀,영감,3007,1563,51.98
BOTTOM,코그모,선제공격,영감,정밀,13,3,23.08
BOTTOM,코그모,신비로운 유성,마법,정밀,14,7,50.0
BOTTOM,코그모,집중 공격,정밀,영감,20,15,75.0
BOTTOM,코그모,치명적 속도,정밀,결의,146,76,52.05
BOTTOM,코그모,치명적 속도,정밀,영감,82,45,54.88
BOTTOM,코르키,기민한 발놀림,정밀,영감,14,6,42.86
BOTTOM,코르키,정복자,정밀,영감,1063,512,48.17
BOTTOM,코르키,집중 공격,정밀,영감,7,3,42.86
BOTTOM,코르키,치명적 속도,정밀,영감,22,11,50.0
BOTTOM,코르키,칼날비,지배,영감,7,6,85.71
BOTTOM,코르키,칼날비,지배,정밀,5,0,0.0
BOTTOM,키아나,정복자,정밀,지배,18,10,55.56
BOTTOM,탈리야,난입,마법,영감,12,5,41.67
BOTTOM,트리스타나,집중 공격,정밀,영감,137,73,53.28
BOTTOM,트리스타나,집중 공격,정밀,지배,11,7,63.64
BOTTOM,트리스타나,치명적 속도,정밀,결의,5,3,60.0
BOTTOM,트리스타나,치명적 속도,정밀,마법,8,4,50.0
BOTTOM,트리스타나,치명적 속도,정밀,영감,2247,1181,52.56
BOTTOM,트리스타나,치명적 속도,정밀,지배,18,6,33.33
BOTTOM,트위스티드 페이트,치명적 속도,정밀,영감,6,4,66.67
BOTTOM,트위치,집중 공격,정밀,마법,95,48,50.53
BOTTOM,트위치,집중 공격,정밀,영감,69,37,53.62
BOTTOM,트위치,집중 공격,정밀,지배,57,31,54.39
BOTTOM,트위치,치명적 속도,정밀,마법,90,36,40.0
BOTTOM,트위치,치명적 속도,정밀,영감,80,38,47.5
BOTTOM,트위치,치명적 속도,정밀,지배,226,126,55.75
BOTTOM,트위치,칼날비,지배,정밀,5,4,80.0
BOTTOM,하이머딩거,신비로운 유성,마법,영감,55,29,52.73
BOTTOM,하이머딩거,신비로운 유성,마법,정밀,24,17,70.83
BOTTOM,하이머딩거,정복자,정밀,마법,40,23,57.5
BOTTOM,흐웨이,신비로운 유성,마법,영감,14,7,50.0
BOTTOM,흐웨이,신비로운 유성,마법,정밀,58,33,56.9
BOTTOM,흐웨이,정복자,정밀,마법,6,2,33.33
JUNGLE,그라가스,감전,지배,마법,8,4,50.0
JUNGLE,그라가스,어둠의 수확,지배,마법,23,15,65.22
JUNGLE,그라가스,어둠의 수확,지배,영감,72,36,50.0
JUNGLE,그레이브즈,기민한 발놀림,정밀,영감,379,185,48.81
JUNGLE,그레이브즈,기민한 발놀림,정밀,지배,69,34,49.28
JUNGLE,그레이브즈,어둠의 수확,지배,영감,20,9,45.0
JUNGLE,그레이브즈,어둠의 수확,지배,정밀,708,336,47.46
JUNGLE,그레이브즈,정복자,정밀,영감,8,3,37.5
JUNGLE,그웬,정복자,정밀,마법,33,21,63.64
JUNGLE,그웬,정복자,정밀,영감,1842,955,51.85
JUNGLE,나피리,선제공격,영감,지배,6,2,33.33
JUNGLE,나피리,정복자,정밀,영감,318,148,46.54
JUNGLE,나피리,정복자,정밀,지배,19,9,47.37
JUNGLE,나피리,칼날비,지배,영감,38,16,42.11
JUNGLE,나피리,칼날비,지배,정밀,7,3,42.86
JUNGLE,녹턴,감전,지배,영감,11,6,54.55
JUNGLE,녹턴,정복자,정밀,영감,7,2,28.57
JUNGLE,녹턴,정복자,정밀,지배,460,245,53.26
JUNGLE,녹턴,치명적 속도,정밀,영감,6,4,66.67
JUNGLE,녹턴,치명적 속도,정밀,지배,80,42,52.5
JUNGLE,녹턴,칼날비,지배,마법,8,6,75.0
JUNGLE,녹턴,칼날비,지배,영감,16,8,50.0
JUNGLE,녹턴,칼날비,지배,정밀,8,3,37.5
JUNGLE,누누와 윌럼프,감전,지배,영감,49,28,57.14
JUNGLE,누누와 윌럼프,난입,마법,결의,158,85,53.8
JUNGLE,누누와 윌럼프,난입,마법,영감,383,203,53.0
JUNGLE,누누와 윌럼프,난입,마법,정밀,885,468,52.88
JUNGLE,누누와 윌럼프,난입,마법,지배,121,70,57.85
JUNGLE,누누와 윌럼프,어둠의 수확,지배,마법,11,5,45.45
JUNGLE,누누와 윌럼프,어둠의 수확,지배,영감,12,6,50.0
JUNGLE,니달리,감전,지배,마법,71,36,50.7
JUNGLE,니달리,감전,지배,정밀,14,7,50.0
JUNGLE,니달리,선제공격,영감,정밀,14,6,42.86
JUNGLE,니달리,선제공격,영감,지배,10,5,50.0
JUNGLE,니달리,어둠의 수확,지배,마법,712,367,51.54
JUNGLE,니달리,어둠의 수확,지배,영감,36,17,47.22
JUNGLE,니달리,어둠의 수확,지배,정밀,368,197,53.53
JUNGLE,니달리,정복자,정밀,마법,1763,907,51.45
JUNGLE,니달리,정복자,정밀,영감,92,45,48.91
JUNGLE,니달리,정복자,정밀,지배,23,10,43.48
JUNGLE,니코,감전,지배,영감,5,4,80.0
JUNGLE,니코,어둠의 수확,지배,영감,34,20,58.82
JUNGLE,다리우스,난입,마법,정밀,12,6,50.0
JUNGLE,다리우스,정복자,정밀,마법,5,3,60.0
JUNGLE,다이애나,감전,지배,정밀,13,8,61.54
JUNGLE,다이애나,선제공격,영감,지배,19,11,57.89
JUNGLE,다이애나,정복자,정밀,마법,9,6,66.67
JUNGLE,다이애나,정복자,정밀,영감,1200,543,45.25
JUNGLE,다이애나,정복자,정밀,지배,63,23,36.51
JUNGLE,다이애나,치명적 속도,정밀,영감,15,10,66.67
JUNGLE,람머스,여진,결의,마법,13,4,30.77
JUNGLE,람머스,여진,결의,영감,5,2,40.0
JUNGLE,람머스,여진,결의,정밀,278,150,53.96
JUNGLE,람머스,여진,결의,지배,11,8,72.73
JUNGLE,럼블,선제공격,영감,지배,20,9,45.0
JUNGLE,럼블,어둠의 수확,지배,마법,7,2,28.57
JUNGLE,럼블,어둠의 수확,지배,영감,12,3,25.0
JUNGLE,럼블,정복자,정밀,영감,5,3,60.0
JUNGLE,렉사이,정복자,정밀,결의,5,4,80.0
JUNGLE,렉사이,정복자,정밀,마법,13,5,38.46
JUNGLE,렉사이,정복자,정밀,영감,2319,1257,54.2
JUNGLE,렉사이,집중 공격,정밀,결의,25,12,48.0
JUNGLE,렉사이,집중 공격,정밀,영감,284,156,54.93
JUNGLE,렉사이,칼날비,지배,영감,71,42,59.15
JUNGLE,렝가,감전,지배,정밀,30,9,30.0
JUNGLE,렝가,기민한 발놀림,정밀,영감,7,4,57.14
JUNGLE,렝가,기민한 발놀림,정밀,지배,11,6,54.55
JUNGLE,렝가,선제공격,영감,정밀,25,12,48.0
JUNGLE,렝가,선제공격,영감,지배,76,38,50.0
JUNGLE,렝가,정복자,정밀,영감,97,57,58.76
JUNGLE,렝가,정복자,정밀,지배,401,195,48.63
JUNGLE,리 신,감전,지배,영감,41,21,51.22
JUNGLE,리 신,감전,지배,정밀,48,26,54.17
JUNGLE,리 신,선제공격,영감,지배,13,4,30.77
JUNGLE,리 신,어둠의 수확,지배,영감,24,15,62.5
JUNGLE,리 신,어둠의 수확,지배,정밀,32,15,46.88
JUNGLE,리 신,정복자,정밀,결의,9,4,44.44
JUNGLE,리 신,정복자,정밀,마법,74,39,52.7
JUNGLE,리 신,정복자,정밀,영감,9570,4885,51.04
JUNGLE,리 신,정복자,정밀,지배,115,60,52.17
JUNGLE,리븐,정복자,정밀,영감,32,16,50.0
JUNGLE,릴리아,어둠의 수확,지배,마법,5,2,40.0
JUNGLE,릴리아,정복자,정밀,마법,66,37,56.06
JUNGLE,릴리아,정복자,정밀,영감,1214,643,52.97
JUNGLE,마스터 이,선제공격,영감,정밀,6,3,50.0
JUNGLE,마스터 이,치명적 속도,정밀,영감,333,156,46.85
JUNGLE,마스터 이,치명적 속도,정밀,지배,76,34,44.74
JUNGLE,마스터 이,칼날비,지배,영감,16,7,43.75
JUNGLE,마스터 이,칼날비,지배,정밀,163,83,50.92
JUNGLE,마오카이,난입,마법,영감,32,13,40.62
JUNGLE,마오카이,난입,마법,지배,7,4,57.14
JUNGLE,마오카이,선제공격,영감,지배,7,2,28.57
JUNGLE,마오카이,어둠의 수확,지배,영감,6,3,50.0
JUNGLE,마오카이,여진,결의,정밀,5,4,80.0
JUNGLE,말파이트,감전,지배,마법,74,26,35.14
JUNGLE,말파이트,감전,지배,영감,2440,1091,44.71
JUNGLE,말파이트,감전,지배,정밀,11,5,45.45
JUNGLE,말파이트,봉인 풀린 주문서,영감,결의,5,2,40.0
JUNGLE,말파이트,신비로운 유성,마법,결의,10,4,40.0
JUNGLE,말파이트,어둠의 수확,지배,마법,19,10,52.63
JUNGLE,말파이트,어둠의 수확,지배,영감,26,14,53.85
JUNGLE,말파이트,집중 공격,정밀,영감,681,289,42.44
JUNGLE,말파이트,집중 공격,정밀,지배,163,76,46.63
JUNGLE,말파이트,착취의 손아귀,결의,마법,7,1,14.29
JUNGLE,말파이트,칼날비,지배,마법,6,1,16.67
JUNGLE,말파이트,칼날비,지배,영감,23,10,43.48
JUNGLE,모데카이저,정복자,정밀,결의,9,6,66.67
JUNGLE,모데카이저,정복자,정밀,영감,11,4,36.36
JUNGLE,모르가나,봉인 풀린 주문서,영감,마법,13,7,53.85
JUNGLE,모르가나,신비로운 유성,마법,영감,8,4,50.0
JUNGLE,모르가나,어둠의 수확,지배,영감,40,12,30.0
JUNGLE,문도 박사,기민한 발놀림,정밀,결의,18,4,22.22
JUNGLE,문도 박사,기민한 발놀림,정밀,영감,591,267,45.18
JUNGLE,바이,정복자,정밀,결의,29,16,55.17
JUNGLE,바이,정복자,정밀,마법,36,15,41.67
JUNGLE,바이,정복자,정밀,영감,2940,1396,47.48
JUNGLE,바이,정복자,정밀,지배,56,20,35.71
JUNGLE,바이,집중 공격,정밀,영감,10,6,60.0
JUNGLE,바이,칼날비,지배,영감,5,4,80.0
JUNGLE,바이,칼날비,지배,정밀,20,13,65.0
JUNGLE,벨베스,기민한 발놀림,정밀,영감,32,17,53.12
JUNGLE,벨베스,정복자,정밀,마법,21,4,19.05
JUNGLE,벨베스,정복자,정밀,영감,800,425,53.12
JUNGLE,벨베스,정복자,정밀,지배,64,41,64.06
JUNGLE,벨베스,집중 공격,정밀,영감,231,131,56.71
JUNGLE,벨베스,집중 공격,정밀,지배,31,17,54.84
JUNGLE,벨베스,치명적 속도,정밀,영감,30,17,56.67
JUNGLE,볼리베어,집중 공격,정밀,마법,15,8,53.33
JUNGLE,볼리베어,집중 공격,정밀,영감,5,4,80.0
JUNGLE,볼리베어,치명적 속도,정밀,마법,8,3,37.5
JUNGLE,볼리베어,치명적 속도,정밀,영감,32,15,46.88
JUNGLE,브라이어,정복자,정밀,영감,25,14,56.0
JUNGLE,브라이어,정복자,정밀,지배,23,10,43.48
JUNGLE,브라이어,집중 공격,정밀,마법,21,13,61.9
JUNGLE,브라이어,집중 공격,정밀,영감,52,21,40.38
JUNGLE,브라이어,집중 공격,정밀,지배,72,29,40.28
JUNGLE,브라이어,치명적 속도,정밀,영감,10,4,40.0
JUNGLE,브라이어,칼날비,지배,영감,47,25,53.19
JUNGLE,브라이어,칼날비,지배,정밀,9,4,44.44
JUNGLE,브랜드,난입,마법,영감,51,24,47.06
JUNGLE,브랜드,어둠의 수확,지배,영감,32,17,53.12
JUNGLE,브랜드,어둠의 수확,지배,정밀,18,13,72.22
JUNGLE,브랜드,정복자,정밀,영감,9,4,44.44
JUNGLE,비에고,정복자,정밀,영감,3816,1834,48.06
JUNGLE,비에고,정복자,정밀,지배,168,87,51.79
JUNGLE,비에고,집중 공격,정밀,영감,27,13,48.15
JUNGLE,비에고,칼날비,지배,정밀,7,5,71.43
JUNGLE,뽀삐,감전,지배,결의,11,7,63.64
JUNGLE,뽀삐,감전,지배,마법,20,16,80.0
JUNGLE,뽀삐,감전,지배,영감,8,5,62.5
JUNGLE,뽀삐,감전,지배,정밀,9,7,77.78
JUNGLE,뽀삐,난입,마법,영감,86,37,43.02
JUNGLE,뽀삐,난입,마법,지배,43,25,58.14
JUNGLE,뽀삐,어둠의 수확,지배,마법,36,17,47.22
JUNGLE,뽀삐,어둠의 수확,지배,영감,9,5,55.56
JUNGLE,뽀삐,어둠의 수확,지배,정밀,9,5,55.56
JUNGLE,뽀삐,칼날비,지배,영감,16,6,37.5
JUNGLE,뽀삐,칼날비,지배,정밀,44,20,45.45
JUNGLE,사이온,난입,마법,영감,11,5,45.45
JUNGLE,사이온,착취의 손아귀,결의,영감,5,1,20.0
JUNGLE,사일러스,감전,지배,영감,11,5,45.45
JUNGLE,사일러스,선제공격,영감,정밀,5,3,60.0
JUNGLE,사일러스,선제공격,영감,지배,109,68,62.39
JUNGLE,사일러스,어둠의 수확,지배,영감,237,118,49.79
JUNGLE,사일러스,어둠의 수확,지배,정밀,7,2,28.57
JUNGLE,사일러스,정복자,정밀,결의,31,11,35.48
JUNGLE,사일러스,정복자,정밀,마법,5,3,60.0
JUNGLE,사일러스,정복자,정밀,영감,2484,1229,49.48
JUNGLE,사일러스,정복자,정밀,지배,26,9,34.62
JUNGLE,샤코,신비로운 유성,마법,정밀,7,4,57.14
JUNGLE,샤코,어둠의 수확,지배,마법,10,3,30.0
JUNGLE,샤코,어둠의 수확,지배,영감,5,1,20.0
JUNGLE,샤코,어둠의 수확,지배,정밀,36,19,52.78
JUNGLE,샤코,칼날비,지배,마법,7,4,57.14
JUNGLE,샤코,칼날비,지배,영감,365,191,52.33
JUNGLE,샤코,칼날비,지배,정밀,193,91,47.15
JUNGLE,세주아니,난입,마법,영감,9,5,55.56
JUNGLE,세주아니,난입,마법,정밀,32,19,59.38
JUNGLE,세주아니,난입,마법,지배,10,3,30.0
JUNGLE,세주아니,여진,결의,영감,26,16,61.54
JUNGLE,세주아니,여진,결의,정밀,165,71,43.03
JUNGLE,세주아니,여진,결의,지배,206,107,51.94
JUNGLE,세주아니,정복자,정밀,지배,19,10,52.63
JUNGLE,쉔,집중 공격,정밀,영감,7,2,28.57
JUNGLE,쉔,착취의 손아귀,결의,영감,9,5,55.56
JUNGLE,쉬바나,기민한 발놀림,정밀,영감,6,3,50.0
JUNGLE,쉬바나,정복자,정밀,영감,5,3,60.0
JUNGLE,스카너,여진,결의,영감,21,8,38.1
JUNGLE,스카너,정복자,정밀,영감,14,6,42.86
JUNGLE,스카너,착취의 손아귀,결의,영감,344,164,47.67
JUNGLE,스카너,칼날비,지배,영감,22,10,45.45
JUNGLE,신 짜오,정복자,정밀,영감,2155,1056,49.0
JUNGLE,신 짜오,집중 공격,정밀,영감,7,3,42.86
JUNGLE,신 짜오,칼날비,지배,정밀,11,2,18.18
JUNGLE,아무무,감전,지배,영감,5,2,40.0
JUNGLE,아무무,여진,결의,영감,5,3,60.0
JUNGLE,아무무,여진,결의,지배,40,15,37.5
JUNGLE,아무무,정복자,정밀,영감,12,5,41.67
JUNGLE,아무무,정복자,정밀,지배,27,11,40.74
JUNGLE,아우렐리온 솔,어둠의 수확,지배,영감,6,2,33.33
JUNGLE,아이번,빙결 강화,영감,마법,13,5,38.46
JUNGLE,아이번,어둠의 수확,지배,마법,8,4,50.0
JUNGLE,아이번,집중 공격,정밀,영감,20,11,55.0
JUNGLE,아이번,집중 공격,정밀,지배,125,68,54.4
JUNGLE,아이번,콩콩이 소환,마법,결의,19,14,73.68
JUNGLE,아이번,콩콩이 소환,마법,영감,334,152,45.51
JUNGLE,아이번,콩콩이 소환,마법,정밀,8,4,50.0
JUNGLE,아이번,콩콩이 소환,마법,지배,23,8,34.78
JUNGLE,아트록스,정복자,정밀,영감,297,129,43.43
JUNGLE,아트록스,정복자,정밀,지배,12,5,41.67
JUNGLE,암베사,감전,지배,영감,48,18,37.5
JUNGLE,암베사,선제공격,영감,정밀,171,74,43.27
JUNGLE,암베사,선제공격,영감,지배,52,22,42.31
JUNGLE,암베사,정복자,정밀,결의,32,13,40.62
JUNGLE,암베사,정복자,정밀,마법,10,7,70.0
JUNGLE,암베사,정복자,정밀,영감,2331,1067,45.77
JUNGLE,암베사,정복자,정밀,지배,34,14,41.18
JUNGLE,에코,감전,지배,영감,15,6,40.0
JUNGLE,에코,선제공격,영감,정밀,151,82,54.3
JUNGLE,에코,선제공격,영감,지배,496,260,52.42
JUNGLE,에코,어둠의 수확,지배,마법,145,82,56.55
JUNGLE,에코,어둠의 수확,지배,영감,3226,1627,50.43
JUNGLE,에코,어둠의 수확,지배,정밀,408,219,53.68
JUNGLE,에코,정복자,정밀,영감,192,102,53.12
JUNGLE,에코,집중 공격,정밀,영감,47,23,48.94
JUNGLE,에코,칼날비,지배,영감,120,62,51.67
JUNGLE,에코,칼날비,지배,정밀,15,7,46.67
JUNGLE,엘리스,감전,지배,마법,54,25,46.3
JUNGLE,엘리스,감전,지배,영감,5,5,100.0
JUNGLE,엘리스,감전,지배,정밀,189,106,56.08
JUNGLE,엘리스,선제공격,영감,지배,22,11,50.0
JUNGLE,엘리스,어둠의 수확,지배,마법,36,11,30.56
JUNGLE,엘리스,어둠의 수확,지배,영감,11,4,36.36
JUNGLE,엘리스,어둠의 수확,지배,정밀,313,142,45.37
JUNGLE,엘리스,집중 공격,정밀,마법,6,4,66.67
JUNGLE,엘리스,집중 공격,정밀,영감,23,12,52.17
JUNGLE,엘리스,집중 공격,정밀,지배,123,58,47.15
JUNGLE,오공,정복자,정밀,영감,830,388,46.75
JUNGLE,오공,정복자,정밀,지배,25,14,56.0
JUNGLE,올라프,정복자,정밀,영감,77,35,45.45
JUNGLE,요네,치명적 속도,정밀,영감,5,3,60.0
JUNGLE,우디르,난입,마법,영감,172,102,59.3
JUNGLE,우디르,신비로운 유성,마법,영감,16,10,62.5
JUNGLE,우디르,정복자,정밀,마법,7,4,57.14
JUNGLE,우디르,정복자,정밀,영감,24,10,41.67
JUNGLE,우디르,집중 공격,정밀,마법,14,7,50.0
JUNGLE,우디르,집중 공격,정밀,영감,95,41,43.16
JUNGLE,우르곳,집중 공격,정밀,영감,6,5,83.33
JUNGLE,워윅,집중 공격,정밀,결의,8,3,37.5
JUNGLE,워윅,집중 공격,정밀,마법,9,2,22.22
JUNGLE,워윅,집중 공격,정밀,영감,25,17,68.0
JUNGLE,워윅,집중 공격,정밀,지배,9,3,33.33
JUNGLE,워윅,치명적 속도,정밀,결의,8,3,37.5
JUNGLE,워윅,치명적 속도,정밀,마법,122,64,52.46
JUNGLE,워윅,치명적 속도,정밀,영감,18,10,55.56
JUNGLE,워윅,치명적 속도,정밀,지배,22,13,59.09
JUNGLE,이블린,감전,지배,결의,61,27,44.26
JUNGLE,이블린,감전,지배,마법,179,79,44.13
JUNGLE,이블린,감전,지배,영감,78,41,52.56
JUNGLE,이블린,감전,지배,정밀,424,250,58.96
JUNGLE,이블린,선제공격,영감,지배,21,12,57.14
JUNGLE,이블린,정복자,정밀,지배,21,13,61.9
JUNGLE,자르반 4세,정복자,정밀,영감,2676,1331,49.74
JUNGLE,자르반 4세,정복자,정밀,지배,26,15,57.69
JUNGLE,자르반 4세,집중 공격,정밀,영감,15,7,46.67
JUNGLE,자르반 4세,치명적 속도,정밀,영감,16,7,43.75
JUNGLE,자이라,감전,지배,마법,20,6,30.0
JUNGLE,자이라,감전,지배,영감,162,84,51.85
JUNGLE,자이라,감전,지배,정밀,927,515,55.56
JUNGLE,자이라,선제공격,영감,정밀,9,2,22.22
JUNGLE,자이라,선제공격,영감,지배,26,14,53.85
JUNGLE,자이라,신비로운 유성,마법,정밀,9,4,44.44
JUNGLE,자이라,어둠의 수확,지배,정밀,17,9,52.94
JUNGLE,자크,여진,결의,영감,22,7,31.82
JUNGLE,자크,여진,결의,정밀,121,61,50.41
JUNGLE,자크,정복자,정밀,결의,66,33,50.0
JUNGLE,자크,정복자,정밀,영감,1728,945,54.69
JUNGLE,자헨,정복자,정밀,영감,70,37,52.86
JUNGLE,잭스,정복자,정밀,영감,48,33,68.75
JUNGLE,잭스,집중 공격,정밀,영감,25,13,52.0
JUNGLE,잭스,집중 공격,정밀,지배,8,1,12.5
JUNGLE,잭스,치명적 속도,정밀,영감,149,74,49.66
JUNGLE,제드,감전,지배,마법,9,2,22.22
JUNGLE,제드,감전,지배,영감,75,40,53.33
JUNGLE,제드,감전,지배,정밀,10,3,30.0
JUNGLE,제드,선제공격,영감,마법,15,7,46.67
JUNGLE,제드,선제공격,영감,정밀,372,182,48.92
JUNGLE,제드,선제공격,영감,지배,1048,509,48.57
JUNGLE,제드,어둠의 수확,지배,마법,6,4,66.67
JUNGLE,제드,어둠의 수확,지배,영감,39,24,61.54
JUNGLE,제드,어둠의 수확,지배,정밀,8,3,37.5
JUNGLE,제드,정복자,정밀,마법,164,64,39.02
JUNGLE,제드,정복자,정밀,영감,365,169,46.3
JUNGLE,제드,정복자,정밀,지배,20,8,40.0
JUNGLE,제이스,감전,지배,영감,9,7,77.78
JUNGLE,제이스,난입,마법,영감,18,5,27.78
JUNGLE,제이스,선제공격,영감,마법,18,9,50.0
JUNGLE,제이스,선제공격,영감,정밀,3798,1890,49.76
JUNGLE,제이스,선제공격,영감,지배,3794,1837,48.42
JUNGLE,제이스,정복자,정밀,영감,51,24,47.06
JUNGLE,제이스,착취의 손아귀,결의,영감,5,2,40.0
JUNGLE,초가스,착취의 손아귀,결의,영감,7,5,71.43
JUNGLE,초가스,칼날비,지배,마법,126,74,58.73
JUNGLE,카서스,선제공격,영감,마법,26,14,53.85
JUNGLE,카서스,어둠의 수확,지배,마법,50,23,46.0
JUNGLE,카서스,어둠의 수확,지배,영감,14,5,35.71
JUNGLE,카서스,어둠의 수확,지배,정밀,1764,951,53.91
JUNGLE,카이사,치명적 속도,정밀,영감,10,1,10.0
JUNGLE,카직스,감전,지배,마법,23,14,60.87
JUNGLE,카직스,감전,지배,영감,97,52,53.61
JUNGLE,카직스,감전,지배,정밀,12,3,25.0
JUNGLE,카직스,난입,마법,영감,25,15,60.0
JUNGLE,카직스,선제공격,영감,마법,91,47,51.65
JUNGLE,카직스,선제공격,영감,정밀,43,17,39.53
JUNGLE,카직스,선제공격,영감,지배,1217,610,50.12
JUNGLE,카직스,어둠의 수확,지배,마법,61,26,42.62
JUNGLE,카직스,어둠의 수확,지배,영감,459,245,53.38
JUNGLE,카직스,어둠의 수확,지배,정밀,136,64,47.06
JUNGLE,카직스,정복자,정밀,영감,59,31,52.54
JUNGLE,카직스,정복자,정밀,지배,44,29,65.91
JUNGLE,케인,선제공격,영감,정밀,6,4,66.67
JUNGLE,케인,선제공격,영감,지배,9,6,66.67
JUNGLE,케인,어둠의 수확,지배,영감,102,39,38.24
JUNGLE,케인,어둠의 수확,지배,정밀,50,29,58.0
JUNGLE,케인,정복자,정밀,마법,6,2,33.33
JUNGLE,케인,정복자,정밀,영감,121,57,47.11
JUNGLE,케인,정복자,정밀,지배,135,72,53.33
JUNGLE,케인,칼날비,지배,영감,10,4,40.0
JUNGLE,케인,칼날비,지배,정밀,41,20,48.78
JUNGLE,키아나,감전,지배,영감,204,114,55.88
JUNGLE,키아나,감전,지배,정밀,10,4,40.0
JUNGLE,키아나,선제공격,영감,정밀,38,19,50.0
JUNGLE,키아나,선제공격,영감,지배,3103,1570,50.6
JUNGLE,키아나,어둠의 수확,지배,영감,10,4,40.0
JUNGLE,키아나,정복자,정밀,영감,109,71,65.14
JUNGLE,키아나,정복자,정밀,지배,36,17,47.22
JUNGLE,킨드레드,정복자,정밀,영감,164,94,57.32
JUNGLE,킨드레드,정복자,정밀,지배,79,43,54.43
JUNGLE,킨드레드,집중 공격,정밀,결의,8,6,75.0
JUNGLE,킨드레드,집중 공격,정밀,영감,148,72,48.65
JUNGLE,킨드레드,집중 공격,정밀,지배,232,109,46.98
JUNGLE,킨드레드,치명적 속도,정밀,영감,249,140,56.22
JUNGLE,킨드레드,치명적 속도,정밀,지배,91,51,56.04
JUNGLE,탈론,감전,지배,영감,1034,527,50.97
JUNGLE,탈론,기민한 발놀림,정밀,영감,57,20,35.09
JUNGLE,탈론,난입,마법,영감,5,2,40.0
JUNGLE,탈론,선제공격,영감,정밀,13,9,69.23
JUNGLE,탈론,선제공격,영감,지배,587,320,54.51
JUNGLE,탈론,어둠의 수확,지배,영감,14,5,35.71
JUNGLE,탈론,정복자,정밀,영감,179,78,43.58
JUNGLE,탈리야,선제공격,영감,정밀,13,9,69.23
JUNGLE,탈리야,선제공격,영감,지배,79,44,55.7
JUNGLE,탈리야,어둠의 수확,지배,마법,23,9,39.13
JUNGLE,탈리야,어둠의 수확,지배,영감,260,112,43.08
JUNGLE,탈리야,어둠의 수확,지배,정밀,318,179,56.29
JUNGLE,트런들,집중 공격,정밀,영감,172,79,45.93
JUNGLE,트런들,치명적 속도,정밀,영감,24,12,50.0
JUNGLE,트위치,집중 공격,정밀,지배,7,3,42.86
JUNGLE,판테온,정복자,정밀,영감,360,185,51.39
JUNGLE,판테온,정복자,정밀,지배,8,3,37.5
JUNGLE,판테온,집중 공격,정밀,지배,5,3,60.0
JUNGLE,피들스틱,감전,지배,마법,334,196,58.68
JUNGLE,피들스틱,감전,지배,영감,170,90,52.94
JUNGLE,피들스틱,감전,지배,정밀,36,19,52.78
JUNGLE,피들스틱,선제공격,영감,지배,130,69,53.08
JUNGLE,피들스틱,어둠의 수확,지배,마법,35,21,60.0
JUNGLE,피들스틱,어둠의 수확,지배,영감,35,17,48.57
JUNGLE,피들스틱,어둠의 수확,지배,정밀,19,8,42.11
JUNGLE,헤카림,난입,마법,영감,7,0,0.0
JUNGLE,헤카림,난입,마법,정밀,2022,1026,50.74
JUNGLE,헤카림,정복자,정밀,마법,174,82,47.13
JUNGLE,헤카림,정복자,정밀,영감,23,14,60.87
MIDDLE,가렌,난입,마법,결의,37,21,56.76
MIDDLE,가렌,정복자,정밀,결의,15,9,60.0
MIDDLE,가렌,정복자,정밀,마법,29,10,34.48
MIDDLE,갈리오,감전,지배,결의,10,5,50.0
MIDDLE,갈리오,감전,지배,마법,209,109,52.15
MIDDLE,갈리오,감전,지배,영감,10,2,20.0
MIDDLE,갈리오,난입,마법,결의,3067,1471,47.96
MIDDLE,갈리오,난입,마법,영감,121,56,46.28
MIDDLE,갈리오,난입,마법,정밀,8,4,50.0
MIDDLE,갈리오,난입,마법,지배,62,30,48.39
MIDDLE,갈리오,봉인 풀린 주문서,영감,마법,28,14,50.0
MIDDLE,갈리오,신비로운 유성,마법,결의,15,8,53.33
MIDDLE,갈리오,신비로운 유성,마법,영감,7,4,57.14
MIDDLE,갈리오,어둠의 수확,지배,마법,9,6,66.67
MIDDLE,갈리오,어둠의 수확,지배,영감,6,4,66.67
MIDDLE,갈리오,여진,결의,마법,625,312,49.92
MIDDLE,갈리오,여진,결의,영감,43,17,39.53
MIDDLE,갈리오,여진,결의,지배,7,2,28.57
MIDDLE,갱플랭크,기민한 발놀림,정밀,결의,15,8,53.33
MIDDLE,갱플랭크,기민한 발놀림,정밀,영감,14,8,57.14
MIDDLE,갱플랭크,선제공격,영감,결의,7,3,42.86
MIDDLE,갱플랭크,신비로운 유성,마법,결의,16,5,31.25
MIDDLE,갱플랭크,신비로운 유성,마법,영감,18,10,55.56
MIDDLE,갱플랭크,착취의 손아귀,결의,영감,9,6,66.67
MIDDLE,그라가스,감전,지배,마법,51,29,56.86
MIDDLE,그라가스,감전,지배,영감,11,5,45.45
MIDDLE,그라가스,난입,마법,결의,9,6,66.67
MIDDLE,그라가스,난입,마법,영감,42,19,45.24
MIDDLE,그라가스,난입,마법,정밀,6,2,33.33
MIDDLE,그라가스,신비로운 유성,마법,결의,14,10,71.43
MIDDLE,그라가스,신비로운 유성,마법,영감,104,61,58.65
MIDDLE,그웬,정복자,정밀,결의,14,7,50.0
MIDDLE,나르,정복자,정밀,결의,9,6,66.67
MIDDLE,나서스,기민한 발놀림,정밀,결의,20,13,65.0
MIDDLE,나서스,봉인 풀린 주문서,영감,결의,12,5,41.67
MIDDLE,나피리,감전,지배,결의,7,2,28.57
MIDDLE,나피리,감전,지배,마법,66,36,54.55
MIDDLE,나피리,감전,지배,영감,50,27,54.0
MIDDLE,나피리,감전,지배,정밀,9,3,33.33
MIDDLE,나피리,신비로운 유성,마법,정밀,7,3,42.86
MIDDLE,나피리,정복자,정밀,마법,22,12,54.55
MIDDLE,나피리,정복자,정밀,영감,6,1,16.67
MIDDLE,나피리,칼날비,지배,결의,6,1,16.67
MIDDLE,나피리,칼날비,지배,마법,297,151,50.84
MIDDLE,나피리,칼날비,지배,영감,189,91,48.15
MIDDLE,나피리,칼날비,지배,정밀,63,30,47.62
MIDDLE,녹턴,감전,지배,마법,17,5,29.41
MIDDLE,녹턴,정복자,정밀,영감,35,19,54.29
MIDDLE,녹턴,치명적 속도,정밀,마법,8,3,37.5
MIDDLE,누누와 윌럼프,감전,지배,마법,39,17,43.59
MIDDLE,누누와 윌럼프,감전,지배,영감,241,129,53.53
MIDDLE,누누와 윌럼프,어둠의 수확,지배,마법,6,3,50.0
MIDDLE,누누와 윌럼프,어둠의 수확,지배,영감,13,6,46.15
MIDDLE,니코,감전,지배,마법,97,60,61.86
MIDDLE,니코,감전,지배,영감,34,17,50.0
MIDDLE,니코,선제공격,영감,마법,12,10,83.33
MIDDLE,니코,신비로운 유성,마법,결의,11,8,72.73
MIDDLE,니코,신비로운 유성,마법,영감,118,61,51.69
MIDDLE,니코,신비로운 유성,마법,지배,74,39,52.7
MIDDLE,니코,콩콩이 소환,마법,영감,13,5,38.46
MIDDLE,니코,콩콩이 소환,마법,정밀,7,2,28.57
MIDDLE,니코,콩콩이 소환,마법,지배,57,33,57.89
MIDDLE,다리우스,정복자,정밀,마법,6,4,66.67
MIDDLE,다이애나,감전,지배,결의,133,61,45.86
MIDDLE,다이애나,감전,지배,마법,244,111,45.49
MIDDLE,다이애나,감전,지배,영감,7,6,85.71
MIDDLE,다이애나,감전,지배,정밀,38,19,50.0
MIDDLE,다이애나,난입,마법,결의,435,217,49.89
MIDDLE,다이애나,난입,마법,영감,86,44,51.16
MIDDLE,다이애나,정복자,정밀,결의,34,16,47.06
MIDDLE,다이애나,정복자,정밀,마법,20,8,40.0
MIDDLE,다이애나,정복자,정밀,영감,36,18,50.0
MIDDLE,다이애나,착취의 손아귀,결의,마법,15,9,60.0
MIDDLE,드레이븐,집중 공격,정밀,영감,6,3,50.0
MIDDLE,드레이븐,치명적 속도,정밀,영감,5,3,60.0
MIDDLE,라이즈,감전,지배,마법,16,9,56.25
MIDDLE,라이즈,난입,마법,결의,2587,1271,49.13
MIDDLE,라이즈,난입,마법,영감,1288,648,50.31
MIDDLE,라이즈,난입,마법,정밀,398,191,47.99
MIDDLE,라이즈,신비로운 유성,마법,결의,21,7,33.33
MIDDLE,라이즈,신비로운 유성,마법,영감,13,6,46.15
MIDDLE,라이즈,정복자,정밀,마법,41,15,36.59
MIDDLE,럭스,감전,지배,마법,110,64,58.18
MIDDLE,럭스,선제공격,영감,마법,36,20,55.56
MIDDLE,럭스,신비로운 유성,마법,영감,51,26,50.98
MIDDLE,럭스,신비로운 유성,마법,정밀,96,41,42.71
MIDDLE,럭스,신비로운 유성,마법,지배,77,36,46.75
MIDDLE,럭스,어둠의 수확,지배,마법,34,16,47.06
MIDDLE,럭스,어둠의 수확,지배,영감,10,7,70.0
MIDDLE,럼블,감전,지배,마법,11,5,45.45
MIDDLE,럼블,신비로운 유성,마법,결의,56,33,58.93
MIDDLE,럼블,신비로운 유성,마법,영감,14,6,42.86
MIDDLE,럼블,신비로운 유성,마법,지배,17,5,29.41
MIDDLE,레넥톤,정복자,정밀,결의,144,75,52.08
MIDDLE,레넥톤,정복자,정밀,영감,7,6,85.71
MIDDLE,레넥톤,집중 공격,정밀,결의,86,41,47.67
MIDDLE,레넥톤,집중 공격,정밀,영감,5,2,40.0
MIDDLE,레넥톤,집중 공격,정밀,지배,6,3,50.0
MIDDLE,루시안,집중 공격,정밀,결의,8,3,37.5
MIDDLE,루시안,집중 공격,정밀,영감,98,45,45.92
MIDDLE,룰루,감전,지배,마법,9,4,44.44
MIDDLE,룰루,콩콩이 소환,마법,결의,8,3,37.5
MIDDLE,룰루,콩콩이 소환,마법,영감,19,6,31.58
MIDDLE,르블랑,감전,지배,결의,122,61,50.0
MIDDLE,르블랑,감전,지배,마법,1714,832,48.54
MIDDLE,르블랑,감전,지배,영감,337,173,51.34
MIDDLE,르블랑,감전,지배,정밀,249,121,48.59
MIDDLE,르블랑,선제공격,영감,마법,12,7,58.33
MIDDLE,르블랑,선제공격,영감,정밀,5,2,40.0
MIDDLE,르블랑,선제공격,영감,지배,15,6,40.0
MIDDLE,르블랑,콩콩이 소환,마법,지배,7,4,57.14
MIDDLE,리 신,감전,지배,결의,5,1,20.0
MIDDLE,리 신,정복자,정밀,결의,60,33,55.0
MIDDLE,리 신,정복자,정밀,영감,5,2,40.0
MIDDLE,리븐,정복자,정밀,영감,94,62,65.96
MIDDLE,리산드라,감전,지배,결의,36,23,63.89
MIDDLE,리산드라,감전,지배,마법,203,100,49.26
MIDDLE,리산드라,감전,지배,영감,83,39,46.99
MIDDLE,리산드라,신비로운 유성,마법,결의,252,147,58.33
MIDDLE,리산드라,신비로운 유성,마법,영감,133,75,56.39
MIDDLE,리산드라,신비로운 유성,마법,지배,280,140,50.0
MIDDLE,리산드라,여진,결의,지배,5,4,80.0
MIDDLE,리산드라,콩콩이 소환,마법,결의,7,3,42.86
MIDDLE,리산드라,콩콩이 소환,마법,영감,12,6,50.0
MIDDLE,리산드라,콩콩이 소환,마법,정밀,5,4,80.0
MIDDLE,리산드라,콩콩이 소환,마법,지배,5,3,60.0
MIDDLE,마스터 이,칼날비,지배,정밀,17,8,47.06
MIDDLE,말자하,난입,마법,영감,8,4,50.0
MIDDLE,말자하,봉인 풀린 주문서,영감,마법,6,2,33.33
MIDDLE,말자하,선제공격,영감,마법,5,2,40.0
MIDDLE,말자하,신비로운 유성,마법,영감,222,111,50.0
MIDDLE,말자하,신비로운 유성,마법,정밀,9,2,22.22
MIDDLE,말자하,신비로운 유성,마법,지배,8,3,37.5
MIDDLE,말자하,콩콩이 소환,마법,결의,6,0,0.0
MIDDLE,말자하,콩콩이 소환,마법,영감,497,236,47.48
MIDDLE,말자하,콩콩이 소환,마법,정밀,44,19,43.18
MIDDLE,말파이트,신비로운 유성,마법,결의,50,21,42.0
MIDDLE,말파이트,신비로운 유성,마법,영감,18,8,44.44
MIDDLE,말파이트,신비로운 유성,마법,지배,14,9,64.29
MIDDLE,말파이트,착취의 손아귀,결의,마법,10,5,50.0
MIDDLE,말파이트,착취의 손아귀,결의,영감,5,3,60.0
MIDDLE,멜,난입,마법,정밀,9,3,33.33
MIDDLE,멜,선제공격,영감,마법,29,13,44.83
MIDDLE,멜,선제공격,영감,정밀,8,3,37.5
MIDDLE,멜,신비로운 유성,마법,결의,14,7,50.0
MIDDLE,멜,신비로운 유성,마법,영감,135,58,42.96
MIDDLE,멜,신비로운 유성,마법,정밀,973,426,43.78
MIDDLE,멜,어둠의 수확,지배,마법,5,0,0.0
MIDDLE,멜,콩콩이 소환,마법,영감,10,2,20.0
MIDDLE,멜,콩콩이 소환,마법,정밀,37,15,40.54
MIDDLE,모데카이저,정복자,정밀,결의,62,31,50.0
MIDDLE,모르가나,신비로운 유성,마법,영감,71,35,49.3
MIDDLE,모르가나,신비로운 유성,마법,정밀,24,13,54.17
MIDDLE,모르가나,신비로운 유성,마법,지배,85,51,60.0
MIDDLE,문도 박사,착취의 손아귀,결의,영감,11,4,36.36
MIDDLE,바루스,집중 공격,정밀,결의,73,48,65.75
MIDDLE,바루스,집중 공격,정밀,영감,22,11,50.0
MIDDLE,바루스,집중 공격,정밀,지배,5,4,80.0
MIDDLE,바루스,치명적 속도,정밀,결의,53,36,67.92
MIDDLE,바이,칼날비,지배,결의,6,2,33.33
MIDDLE,베이가,감전,지배,마법,19,8,42.11
MIDDLE,베이가,난입,마법,정밀,7,4,57.14
MIDDLE,베이가,봉인 풀린 주문서,영감,결의,9,5,55.56
MIDDLE,베이가,봉인 풀린 주문서,영감,마법,14,9,64.29
MIDDLE,베이가,선제공격,영감,마법,67,34,50.75
MIDDLE,베이가,신비로운 유성,마법,결의,12,5,41.67
MIDDLE,베이가,신비로운 유성,마법,영감,44,30,68.18
MIDDLE,베이가,신비로운 유성,마법,정밀,14,7,50.0
MIDDLE,베이가,신비로운 유성,마법,지배,31,16,51.61
MIDDLE,베이가,콩콩이 소환,마법,결의,41,21,51.22
MIDDLE,베이가,콩콩이 소환,마법,영감,91,49,53.85
MIDDLE,베이가,콩콩이 소환,마법,정밀,27,11,40.74
MIDDLE,베인,기민한 발놀림,정밀,영감,6,1,16.67
MIDDLE,베인,치명적 속도,정밀,결의,7,3,42.86
MIDDLE,벡스,감전,지배,결의,119,70,58.82
MIDDLE,벡스,감전,지배,마법,730,389,53.29
MIDDLE,벡스,감전,지배,영감,161,90,55.9
MIDDLE,벡스,감전,지배,정밀,28,14,50.0
MIDDLE,벡스,난입,마법,결의,17,10,58.82
MIDDLE,벡스,난입,마법,영감,22,10,45.45
MIDDLE,벡스,난입,마법,정밀,35,19,54.29
MIDDLE,벡스,신비로운 유성,마법,영감,15,10,66.67
MIDDLE,벡스,신비로운 유성,마법,정밀,5,0,0.0
MIDDLE,벡스,신비로운 유성,마법,지배,6,3,50.0
MIDDLE,벡스,어둠의 수확,지배,마법,5,1,20.0
MIDDLE,벨베스,정복자,정밀,결의,6,3,50.0
MIDDLE,벨코즈,감전,지배,마법,11,4,36.36
MIDDLE,벨코즈,선제공격,영감,마법,13,6,46.15
MIDDLE,벨코즈,신비로운 유성,마법,영감,56,29,51.79
MIDDLE,벨코즈,신비로운 유성,마법,정밀,32,13,40.62
MIDDLE,벨코즈,신비로운 유성,마법,지배,8,4,50.0
MIDDLE,볼리베어,착취의 손아귀,결의,정밀,6,3,50.0
MIDDLE,브라이어,집중 공격,정밀,결의,11,6,54.55
MIDDLE,브랜드,감전,지배,마법,9,4,44.44
MIDDLE,브랜드,난입,마법,정밀,7,2,28.57
MIDDLE,브랜드,신비로운 유성,마법,결의,8,5,62.5
MIDDLE,브랜드,신비로운 유성,마법,영감,7,3,42.86
MIDDLE,브랜드,신비로운 유성,마법,정밀,22,9,40.91
MIDDLE,블라디미르,감전,지배,마법,8,2,25.0
MIDDLE,블라디미르,난입,마법,결의,19,9,47.37
MIDDLE,블라디미르,난입,마법,영감,58,24,41.38
MIDDLE,블라디미르,난입,마법,정밀,226,121,53.54
MIDDLE,블라디미르,정복자,정밀,결의,8,2,25.0
MIDDLE,블라디미르,정복자,정밀,마법,100,49,49.0
MIDDLE,블라디미르,정복자,정밀,영감,104,54,51.92
MIDDLE,블라디미르,콩콩이 소환,마법,결의,21,12,57.14
MIDDLE,블라디미르,콩콩이 소환,마법,영감,22,7,31.82
MIDDLE,블라디미르,콩콩이 소환,마법,정밀,213,102,47.89
MIDDLE,비에고,감전,지배,정밀,8,4,50.0
MIDDLE,비에고,정복자,정밀,결의,195,104,53.33
MIDDLE,비에고,정복자,정밀,영감,14,8,57.14
MIDDLE,비에고,정복자,정밀,지배,25,11,44.0
MIDDLE,빅토르,난입,마법,결의,92,41,44.57
MIDDLE,빅토르,난입,마법,영감,39,15,38.46
MIDDLE,빅토르,난입,마법,정밀,20,9,45.0
MIDDLE,빅토르,선제공격,영감,결의,12,4,33.33
MIDDLE,빅토르,선제공격,영감,마법,115,61,53.04
MIDDLE,빅토르,선제공격,영감,정밀,13,3,23.08
MIDDLE,빅토르,신비로운 유성,마법,결의,125,59,47.2
MIDDLE,빅토르,신비로운 유성,마법,영감,82,36,43.9
MIDDLE,빅토르,신비로운 유성,마법,정밀,43,21,48.84
MIDDLE,빅토르,착취의 손아귀,결의,마법,11,5,45.45
MIDDLE,빅토르,콩콩이 소환,마법,결의,1803,825,45.76
MIDDLE,빅토르,콩콩이 소환,마법,영감,447,219,48.99
MIDDLE,빅토르,콩콩이 소환,마법,정밀,200,89,44.5
MIDDLE,뽀삐,착취의 손아귀,결의,영감,5,3,60.0
MIDDLE,뽀삐,착취의 손아귀,결의,정밀,13,11,84.62
MIDDLE,사이온,난입,마법,결의,22,12,54.55
MIDDLE,사이온,봉인 풀린 주문서,영감,결의,19,11,57.89
MIDDLE,사이온,신비로운 유성,마법,결의,55,29,52.73
MIDDLE,사이온,신비로운 유성,마법,영감,12,7,58.33
MIDDLE,사이온,착취의 손아귀,결의,마법,46,28,60.87
MIDDLE,사이온,착취의 손아귀,결의,영감,256,128,50.0
MIDDLE,사이온,착취의 손아귀,결의,정밀,10,4,40.0
MIDDLE,사일러스,감전,지배,결의,410,204,49.76
MIDDLE,사일러스,감전,지배,마법,554,261,47.11
MIDDLE,사일러스,감전,지배,영감,162,84,51.85
MIDDLE,사일러스,감전,지배,정밀,100,40,40.0
MIDDLE,사일러스,선제공격,영감,결의,12,8,66.67
MIDDLE,사일러스,정복자,정밀,결의,2481,1203,48.49
MIDDLE,사일러스,정복자,정밀,마법,67,31,46.27
MIDDLE,사일러스,정복자,정밀,영감,281,142,50.53
MIDDLE,사일러스,정복자,정밀,지배,9,5,55.56
MIDDLE,사일러스,착취의 손아귀,결의,정밀,9,3,33.33
MIDDLE,세라핀,정복자,정밀,영감,18,9,50.0
MIDDLE,세라핀,콩콩이 소환,마법,결의,8,3,37.5
MIDDLE,세라핀,콩콩이 소환,마법,영감,8,3,37.5
MIDDLE,세라핀,콩콩이 소환,마법,정밀,5,1,20.0
MIDDLE,세주아니,신비로운 유성,마법,정밀,5,4,80.0
MIDDLE,세트,기민한 발놀림,정밀,결의,6,2,33.33
MIDDLE,세트,정복자,정밀,결의,34,17,50.0
MIDDLE,세트,착취의 손아귀,결의,정밀,5,3,60.0
MIDDLE,쉔,착취의 손아귀,결의,영감,17,11,64.71
MIDDLE,스몰더,기민한 발놀림,정밀,결의,26,8,30.77
MIDDLE,스몰더,기민한 발놀림,정밀,마법,24,14,58.33
MIDDLE,스몰더,기민한 발놀림,정밀,영감,201,94,46.77
MIDDLE,스몰더,집중 공격,정밀,영감,9,6,66.67
MIDDLE,스몰더,착취의 손아귀,결의,영감,7,2,28.57
MIDDLE,스몰더,착취의 손아귀,결의,정밀,18,10,55.56
MIDDLE,스웨인,난입,마법,결의,7,3,42.86
MIDDLE,스웨인,신비로운 유성,마법,영감,13,4,30.77
MIDDLE,스웨인,정복자,정밀,결의,90,41,45.56
MIDDLE,스웨인,정복자,정밀,마법,116,61,52.59
MIDDLE,스웨인,정복자,정밀,영감,18,8,44.44
MIDDLE,스웨인,콩콩이 소환,마법,결의,86,44,51.16
MIDDLE,스웨인,콩콩이 소환,마법,정밀,80,44,55.0
MIDDLE,시비르,치명적 속도,정밀,영감,9,3,33.33
MIDDLE,신 짜오,정복자,정밀,결의,6,6,100.0
MIDDLE,신 짜오,정복자,정밀,영감,6,2,33.33
MIDDLE,신드라,감전,지배,결의,17,10,58.82
MIDDLE,신드라,감전,지배,마법,155,61,39.35
MIDDLE,신드라,감전,지배,영감,52,21,40.38
MIDDLE,신드라,난입,마법,결의,102,46,45.1
MIDDLE,신드라,난입,마법,영감,955,459,48.06
MIDDLE,신드라,난입,마법,정밀,101,60,59.41
MIDDLE,신드라,선제공격,영감,마법,478,238,49.79
MIDDLE,신드라,선제공격,영감,정밀,18,9,50.0
MIDDLE,신드라,신비로운 유성,마법,결의,27,15,55.56
MIDDLE,신드라,신비로운 유성,마법,영감,194,104,53.61
MIDDLE,신드라,신비로운 유성,마법,정밀,21,9,42.86
MIDDLE,신드라,콩콩이 소환,마법,결의,34,12,35.29
MIDDLE,신드라,콩콩이 소환,마법,영감,420,212,50.48
MIDDLE,신드라,콩콩이 소환,마법,정밀,39,22,56.41
MIDDLE,신지드,난입,마법,결의,14,8,57.14
MIDDLE,신지드,난입,마법,영감,5,3,60.0
MIDDLE,신지드,봉인 풀린 주문서,영감,마법,7,2,28.57
MIDDLE,신지드,정복자,정밀,마법,146,78,53.42
MIDDLE,신지드,정복자,정밀,영감,6,4,66.67
MIDDLE,신지드,콩콩이 소환,마법,결의,17,10,58.82
MIDDLE,아리,감전,지배,결의,390,200,51.28
MIDDLE,아리,감전,지배,마법,1288,637,49.46
MIDDLE,아리,감전,지배,영감,455,234,51.43
MIDDLE,아리,감전,지배,정밀,30,13,43.33
MIDDLE,아리,선제공격,영감,마법,6,2,33.33
MIDDLE,아리,콩콩이 소환,마법,영감,43,21,48.84
MIDDLE,아리,콩콩이 소환,마법,지배,9,5,55.56
MIDDLE,아우렐리온 솔,선제공격,영감,마법,7,3,42.86
MIDDLE,아우렐리온 솔,신비로운 유성,마법,결의,332,166,50.0
MIDDLE,아우렐리온 솔,신비로운 유성,마법,영감,256,143,55.86
MIDDLE,아우렐리온 솔,신비로운 유성,마법,정밀,221,110,49.77
MIDDLE,아이번,콩콩이 소환,마법,영감,8,7,87.5
MIDDLE,아이번,콩콩이 소환,마법,지배,10,7,70.0
MIDDLE,아지르,감전,지배,정밀,24,10,41.67
MIDDLE,아지르,선제공격,영감,마법,5,2,40.0
MIDDLE,아지르,치명적 속도,정밀,결의,517,240,46.42
MIDDLE,아지르,치명적 속도,정밀,마법,320,163,50.94
MIDDLE,아지르,치명적 속도,정밀,영감,381,188,49.34
MIDDLE,아지르,콩콩이 소환,마법,결의,6,4,66.67
MIDDLE,아지르,콩콩이 소환,마법,정밀,59,22,37.29
MIDDLE,아칼리,감전,지배,결의,3682,1788,48.56
MIDDLE,아칼리,감전,지배,마법,1332,606,45.5
MIDDLE,아칼리,감전,지배,영감,112,67,59.82
MIDDLE,아칼리,감전,지배,정밀,100,44,44.0
MIDDLE,아칼리,기민한 발놀림,정밀,결의,89,46,51.69
MIDDLE,아칼리,정복자,정밀,결의,443,213,48.08
MIDDLE,아칼리,정복자,정밀,마법,59,31,52.54
MIDDLE,아칼리,정복자,정밀,영감,25,11,44.0
MIDDLE,아칼리,정복자,정밀,지배,34,16,47.06
MIDDLE,아크샨,감전,지배,결의,16,6,37.5
MIDDLE,아크샨,감전,지배,영감,26,8,30.77
MIDDLE,아크샨,감전,지배,정밀,59,31,52.54
MIDDLE,아크샨,기민한 발놀림,정밀,결의,6,1,16.67
MIDDLE,아크샨,집중 공격,정밀,결의,404,215,53.22
MIDDLE,아크샨,집중 공격,정밀,영감,651,339,52.07
MIDDLE,아크샨,집중 공격,정밀,지배,14,6,42.86
MIDDLE,아트록스,감전,지배,결의,53,25,47.17
MIDDLE,아트록스,정복자,정밀,결의,57,27,47.37
MIDDLE,아트록스,정복자,정밀,영감,5,1,20.0
MIDDLE,아트록스,정복자,정밀,지배,6,2,33.33
MIDDLE,암베사,감전,지배,결의,174,98,56.32
MIDDLE,암베사,감전,지배,영감,22,12,54.55
MIDDLE,암베사,정복자,정밀,결의,57,34,59.65
MIDDLE,암베사,정복자,정밀,영감,9,4,44.44
MIDDLE,암베사,착취의 손아귀,결의,영감,89,41,46.07
MIDDLE,암베사,착취의 손아귀,결의,지배,22,9,40.91
MIDDLE,애니,감전,지배,결의,5,2,40.0
MIDDLE,애니,감전,지배,마법,117,50,42.74
MIDDLE,애니,감전,지배,영감,16,7,43.75
MIDDLE,애니,난입,마법,영감,16,12,75.0
MIDDLE,애니,선제공격,영감,마법,11,7,63.64
MIDDLE,애니,신비로운 유성,마법,지배,16,6,37.5
MIDDLE,애니,콩콩이 소환,마법,결의,5,1,20.0
MIDDLE,애니,콩콩이 소환,마법,지배,43,21,48.84
MIDDLE,애니비아,감전,지배,결의,14,3,21.43
MIDDLE,애니비아,감전,지배,마법,80,36,45.0
MIDDLE,애니비아,감전,지배,정밀,949,530,55.85
MIDDLE,애니비아,난입,마법,결의,8,5,62.5
MIDDLE,애니비아,난입,마법,영감,21,11,52.38
MIDDLE,애니비아,난입,마법,정밀,105,52,49.52
MIDDLE,애니비아,신비로운 유성,마법,영감,23,16,69.57
MIDDLE,애니비아,신비로운 유성,마법,정밀,61,30,49.18
MIDDLE,애니비아,정복자,정밀,영감,6,3,50.0
MIDDLE,애니비아,콩콩이 소환,마법,정밀,9,4,44.44
MIDDLE,야스오,기민한 발놀림,정밀,결의,72,36,50.0
MIDDLE,야스오,기민한 발놀림,정밀,영감,6,3,50.0
MIDDLE,야스오,기민한 발놀림,정밀,지배,5,3,60.0
MIDDLE,야스오,정복자,정밀,결의,55,25,45.45
MIDDLE,야스오,집중 공격,정밀,결의,13,9,69.23
MIDDLE,야스오,착취의 손아귀,결의,정밀,172,81,47.09
MIDDLE,야스오,치명적 속도,정밀,결의,1819,902,49.59
MIDDLE,야스오,치명적 속도,정밀,영감,21,12,57.14
MIDDLE,에코,감전,지배,결의,15,6,40.0
MIDDLE,에코,감전,지배,마법,235,115,48.94
MIDDLE,에코,감전,지배,영감,20,13,65.0
MIDDLE,에코,선제공격,영감,마법,6,2,33.33
MIDDLE,에코,선제공격,영감,지배,13,9,69.23
MIDDLE,에코,어둠의 수확,지배,마법,5,2,40.0
MIDDLE,에코,칼날비,지배,결의,19,10,52.63
MIDDLE,에코,칼날비,지배,마법,1485,731,49.23
MIDDLE,에코,칼날비,지배,영감,97,49,50.52
MIDDLE,에코,칼날비,지배,정밀,15,8,53.33
MIDDLE,오로라,감전,지배,결의,151,66,43.71
MIDDLE,오로라,감전,지배,마법,1455,728,50.03
MIDDLE,오로라,감전,지배,영감,107,57,53.27
MIDDLE,오로라,감전,지배,정밀,110,46,41.82
MIDDLE,오로라,신비로운 유성,마법,결의,7,2,28.57
MIDDLE,오로라,신비로운 유성,마법,정밀,6,4,66.67
MIDDLE,오로라,신비로운 유성,마법,지배,25,10,40.0
MIDDLE,오리아나,난입,마법,결의,1229,603,49.06
MIDDLE,오리아나,난입,마법,영감,1179,607,51.48
MIDDLE,오리아나,난입,마법,정밀,2263,1133,50.07
MIDDLE,오리아나,신비로운 유성,마법,결의,128,62,48.44
MIDDLE,오리아나,신비로운 유성,마법,영감,78,36,46.15
MIDDLE,오리아나,신비로운 유성,마법,정밀,141,62,43.97
MIDDLE,오리아나,착취의 손아귀,결의,마법,5,3,60.0
MIDDLE,오리아나,콩콩이 소환,마법,결의,452,244,53.98
MIDDLE,오리아나,콩콩이 소환,마법,영감,163,90,55.21
MIDDLE,오리아나,콩콩이 소환,마법,정밀,484,263,54.34
MIDDLE,올라프,정복자,정밀,영감,7,5,71.43
MIDDLE,요네,기민한 발놀림,정밀,결의,738,339,45.93
MIDDLE,요네,기민한 발놀림,정밀,영감,6,4,66.67
MIDDLE,요네,착취의 손아귀,결의,정밀,38,23,60.53
MIDDLE,요네,치명적 속도,정밀,결의,1444,687,47.58
MIDDLE,요네,치명적 속도,정밀,영감,52,24,46.15
MIDDLE,요네,치명적 속도,정밀,지배,9,6,66.67
MIDDLE,요릭,신비로운 유성,마법,결의,6,1,16.67
MIDDLE,요릭,신비로운 유성,마법,영감,5,2,40.0
MIDDLE,우디르,착취의 손아귀,결의,영감,7,4,57.14
MIDDLE,우르곳,신비로운 유성,마법,영감,14,8,57.14
MIDDLE,우르곳,집중 공격,정밀,결의,5,3,60.0
MIDDLE,우르곳,집중 공격,정밀,영감,8,3,37.5
MIDDLE,워윅,기민한 발놀림,정밀,결의,15,9,60.0
MIDDLE,워윅,치명적 속도,정밀,결의,18,5,27.78
MIDDLE,유나라,치명적 속도,정밀,영감,22,10,45.45
MIDDLE,이렐리아,감전,지배,결의,7,1,14.29
MIDDLE,이렐리아,정복자,정밀,결의,230,120,52.17
MIDDLE,이렐리아,정복자,정밀,영감,1074,560,52.14
MIDDLE,이렐리아,집중 공격,정밀,영감,20,15,75.0
MIDDLE,이렐리아,치명적 속도,정밀,결의,14,7,50.0
MIDDLE,이즈리얼,정복자,정밀,영감,9,4,44.44
MIDDLE,이즈리얼,집중 공격,정밀,영감,17,9,52.94
MIDDLE,이즈리얼,치명적 속도,정밀,영감,17,8,47.06
MIDDLE,일라오이,착취의 손아귀,결의,정밀,5,2,40.0
MIDDLE,자이라,감전,지배,마법,9,4,44.44
MIDDLE,자이라,신비로운 유성,마법,정밀,17,9,52.94
MIDDLE,자크,감전,지배,정밀,7,3,42.86
MIDDLE,자크,난입,마법,결의,11,7,63.64
MIDDLE,자크,여진,결의,정밀,9,4,44.44
MIDDLE,자크,정복자,정밀,결의,102,49,48.04
MIDDLE,자크,착취의 손아귀,결의,정밀,79,40,50.63
MIDDLE,자헨,정복자,정밀,결의,26,8,30.77
MIDDLE,자헨,정복자,정밀,영감,10,6,60.0
MIDDLE,자헨,착취의 손아귀,결의,영감,38,20,52.63
MIDDLE,잭스,착취의 손아귀,결의,영감,9,4,44.44
MIDDLE,잭스,치명적 속도,정밀,결의,6,3,50.0
MIDDLE,제드,감전,지배,결의,55,35,63.64
MIDDLE,제드,감전,지배,마법,583,287,49.23
MIDDLE,제드,감전,지배,영감,241,128,53.11
MIDDLE,제드,감전,지배,정밀,76,39,51.32
MIDDLE,제드,선제공격,영감,결의,47,24,51.06
MIDDLE,제드,선제공격,영감,마법,72,39,54.17
MIDDLE,제드,선제공격,영감,정밀,811,436,53.76
MIDDLE,제드,선제공격,영감,지배,37,21,56.76
MIDDLE,제드,정복자,정밀,결의,159,89,55.97
MIDDLE,제드,정복자,정밀,마법,371,171,46.09
MIDDLE,제드,정복자,정밀,영감,308,168,54.55
MIDDLE,제드,정복자,정밀,지배,18,5,27.78
MIDDLE,제라스,선제공격,영감,마법,159,92,57.86
MIDDLE,제라스,신비로운 유성,마법,영감,256,130,50.78
MIDDLE,제라스,신비로운 유성,마법,정밀,414,200,48.31
MIDDLE,제라스,신비로운 유성,마법,지배,20,9,45.0
MIDDLE,제라스,어둠의 수확,지배,마법,28,15,53.57
MIDDLE,제라스,콩콩이 소환,마법,영감,17,11,64.71
MIDDLE,제라스,콩콩이 소환,마법,정밀,53,37,69.81
MIDDLE,제리,치명적 속도,정밀,결의,6,2,33.33
MIDDLE,제리,치명적 속도,정밀,영감,32,14,43.75
MIDDLE,제이스,감전,지배,결의,22,12,54.55
MIDDLE,제이스,감전,지배,영감,12,8,66.67
MIDDLE,제이스,감전,지배,정밀,63,33,52.38
MIDDLE,제이스,난입,마법,결의,14,8,57.14
MIDDLE,제이스,난입,마법,영감,106,44,41.51
MIDDLE,제이스,선제공격,영감,마법,6,1,16.67
MIDDLE,제이스,선제공격,영감,정밀,7,3,42.86
MIDDLE,제이스,정복자,정밀,영감,14,9,64.29
MIDDLE,제이스,착취의 손아귀,결의,영감,7,4,57.14
MIDDLE,조이,감전,지배,결의,17,10,58.82
MIDDLE,조이,감전,지배,마법,2325,1230,52.9
MIDDLE,조이,감전,지배,영감,163,92,56.44
MIDDLE,조이,감전,지배,정밀,102,57,55.88
MIDDLE,조이,봉인 풀린 주문서,영감,마법,6,3,50.0
MIDDLE,조이,선제공격,영감,마법,13,9,69.23
MIDDLE,조이,어둠의 수확,지배,마법,26,11,42.31
MIDDLE,조이,어둠의 수확,지배,정밀,13,4,30.77
MIDDLE,조이,콩콩이 소환,마법,결의,17,8,47.06
MIDDLE,조이,콩콩이 소환,마법,영감,58,25,43.1
MIDDLE,조이,콩콩이 소환,마법,정밀,164,81,49.39
MIDDLE,조이,콩콩이 소환,마법,지배,13,6,46.15
MIDDLE,직스,선제공격,영감,마법,8,4,50.0
MIDDLE,직스,신비로운 유성,마법,영감,98,47,47.96
MIDDLE,직스,신비로운 유성,마법,정밀,29,19,65.52
MIDDLE,직스,신비로운 유성,마법,지배,6,4,66.67
MIDDLE,직스,콩콩이 소환,마법,결의,22,12,54.55
MIDDLE,질리언,신비로운 유성,마법,결의,7,3,42.86
MIDDLE,질리언,신비로운 유성,마법,영감,9,4,44.44
MIDDLE,질리언,콩콩이 소환,마법,결의,15,11,73.33
MIDDLE,질리언,콩콩이 소환,마법,영감,20,8,40.0
MIDDLE,초가스,감전,지배,마법,11,6,54.55
MIDDLE,초가스,신비로운 유성,마법,결의,11,5,45.45
MIDDLE,초가스,신비로운 유성,마법,영감,8,0,0.0
MIDDLE,초가스,신비로운 유성,마법,정밀,18,6,33.33
MIDDLE,초가스,신비로운 유성,마법,지배,11,6,54.55
MIDDLE,카르마,신비로운 유성,마법,결의,16,8,50.0
MIDDLE,카르마,신비로운 유성,마법,영감,22,8,36.36
MIDDLE,카르마,신비로운 유성,마법,정밀,6,2,33.33
MIDDLE,카르마,신비로운 유성,마법,지배,15,7,46.67
MIDDLE,카르마,착취의 손아귀,결의,마법,26,11,42.31
MIDDLE,카르마,콩콩이 소환,마법,결의,12,8,66.67
MIDDLE,카르마,콩콩이 소환,마법,영감,15,8,53.33
MIDDLE,카르마,콩콩이 소환,마법,지배,12,4,33.33
MIDDLE,카밀,집중 공격,정밀,결의,11,6,54.55
MIDDLE,카밀,착취의 손아귀,결의,영감,17,5,29.41
MIDDLE,카사딘,감전,지배,결의,22,11,50.0
MIDDLE,카사딘,감전,지배,영감,37,20,54.05
MIDDLE,카사딘,감전,지배,정밀,30,19,63.33
MIDDLE,카사딘,기민한 발놀림,정밀,결의,7,4,57.14
MIDDLE,카사딘,기민한 발놀림,정밀,지배,7,4,57.14
MIDDLE,카사딘,선제공격,영감,결의,10,3,30.0
MIDDLE,카사딘,선제공격,영감,정밀,9,6,66.67
MIDDLE,카사딘,선제공격,영감,지배,225,120,53.33
MIDDLE,카사딘,신비로운 유성,마법,결의,8,5,62.5
MIDDLE,카사딘,정복자,정밀,결의,22,13,59.09
MIDDLE,카사딘,정복자,정밀,영감,7,4,57.14
MIDDLE,카사딘,정복자,정밀,지배,20,9,45.0
MIDDLE,카사딘,콩콩이 소환,마법,지배,35,18,51.43
MIDDLE,카서스,어둠의 수확,지배,정밀,42,14,33.33
MIDDLE,카시오페아,난입,마법,결의,10,7,70.0
MIDDLE,카시오페아,난입,마법,영감,11,7,63.64
MIDDLE,카시오페아,난입,마법,정밀,98,42,42.86
MIDDLE,카시오페아,정복자,정밀,결의,42,17,40.48
MIDDLE,카시오페아,정복자,정밀,마법,622,326,52.41
MIDDLE,카시오페아,정복자,정밀,영감,20,7,35.0
MIDDLE,카시오페아,콩콩이 소환,마법,정밀,18,6,33.33
MIDDLE,카이사,치명적 속도,정밀,영감,14,3,21.43
MIDDLE,카타리나,감전,지배,결의,358,198,55.31
MIDDLE,카타리나,감전,지배,마법,23,13,56.52
MIDDLE,카타리나,감전,지배,영감,96,45,46.88
MIDDLE,카타리나,감전,지배,정밀,1458,762,52.26
MIDDLE,카타리나,선제공격,영감,지배,6,4,66.67
MIDDLE,카타리나,어둠의 수확,지배,정밀,166,92,55.42
MIDDLE,카타리나,정복자,정밀,결의,93,40,43.01
MIDDLE,카타리나,정복자,정밀,영감,77,51,66.23
MIDDLE,카타리나,정복자,정밀,지배,767,386,50.33
MIDDLE,카타리나,콩콩이 소환,마법,지배,8,5,62.5
MIDDLE,케넨,감전,지배,결의,14,7,50.0
MIDDLE,케넨,감전,지배,마법,66,41,62.12
MIDDLE,케넨,감전,지배,영감,29,19,65.52
MIDDLE,케넨,감전,지배,정밀,5,4,80.0
MIDDLE,케넨,선제공격,영감,정밀,5,5,100.0
MIDDLE,케일,집중 공격,정밀,마법,41,19,46.34
MIDDLE,코그모,선제공격,영감,정밀,7,5,71.43
MIDDLE,코그모,신비로운 유성,마법,정밀,6,2,33.33
MIDDLE,코르키,감전,지배,마법,7,4,57.14
MIDDLE,코르키,기민한 발놀림,정밀,결의,8,3,37.5
MIDDLE,코르키,기민한 발놀림,정밀,마법,14,7,50.0
MIDDLE,코르키,기민한 발놀림,정밀,영감,30,13,43.33
MIDDLE,코르키,난입,마법,정밀,8,5,62.5
MIDDLE,코르키,정복자,정밀,결의,96,48,50.0
MIDDLE,코르키,정복자,정밀,마법,15,8,53.33
MIDDLE,코르키,정복자,정밀,영감,439,213,48.52
MIDDLE,코르키,칼날비,지배,영감,5,0,0.0
MIDDLE,퀸,감전,지배,마법,27,8,29.63
MIDDLE,퀸,감전,지배,영감,7,3,42.86
MIDDLE,퀸,감전,지배,정밀,34,12,35.29
MIDDLE,크산테,여진,결의,영감,31,14,45.16
MIDDLE,크산테,착취의 손아귀,결의,영감,48,27,56.25
MIDDLE,크산테,착취의 손아귀,결의,정밀,14,7,50.0
MIDDLE,클레드,정복자,정밀,결의,65,35,53.85
MIDDLE,클레드,정복자,정밀,마법,7,3,42.86
MIDDLE,클레드,정복자,정밀,영감,30,11,36.67
MIDDLE,클레드,정복자,정밀,지배,21,12,57.14
MIDDLE,키아나,감전,지배,결의,25,14,56.0
MIDDLE,키아나,감전,지배,영감,205,115,56.1
MIDDLE,키아나,감전,지배,정밀,843,443,52.55
MIDDLE,키아나,선제공격,영감,지배,14,9,64.29
MIDDLE,키아나,정복자,정밀,결의,22,14,63.64
MIDDLE,키아나,정복자,정밀,영감,96,56,58.33
MIDDLE,키아나,정복자,정밀,지배,617,344,55.75
MIDDLE,탈론,감전,지배,결의,20,10,50.0
MIDDLE,탈론,감전,지배,마법,542,276,50.92
MIDDLE,탈론,감전,지배,영감,371,205,55.26
MIDDLE,탈론,난입,마법,영감,7,2,28.57
MIDDLE,탈론,난입,마법,지배,6,2,33.33
MIDDLE,탈론,선제공격,영감,마법,5,1,20.0
MIDDLE,탈론,선제공격,영감,지배,20,6,30.0
MIDDLE,탈론,정복자,정밀,결의,26,14,53.85
MIDDLE,탈론,정복자,정밀,마법,132,80,60.61
MIDDLE,탈론,정복자,정밀,영감,687,359,52.26
MIDDLE,탈론,정복자,정밀,지배,34,15,44.12
MIDDLE,탈리야,감전,지배,마법,17,11,64.71
MIDDLE,탈리야,감전,지배,정밀,16,6,37.5
MIDDLE,탈리야,난입,마법,결의,392,206,52.55
MIDDLE,탈리야,난입,마법,영감,862,431,50.0
MIDDLE,탈리야,난입,마법,정밀,805,379,47.08
MIDDLE,탈리야,선제공격,영감,마법,89,48,53.93
MIDDLE,탈리야,선제공격,영감,정밀,5,3,60.0
MIDDLE,탈리야,콩콩이 소환,마법,결의,31,16,51.61
MIDDLE,탈리야,콩콩이 소환,마법,영감,82,42,51.22
MIDDLE,탈리야,콩콩이 소환,마법,정밀,38,18,47.37
MIDDLE,트리스타나,기민한 발놀림,정밀,결의,11,3,27.27
MIDDLE,트리스타나,기민한 발놀림,정밀,영감,8,4,50.0
MIDDLE,트리스타나,집중 공격,정밀,결의,89,51,57.3
MIDDLE,트리스타나,집중 공격,정밀,영감,57,30,52.63
MIDDLE,트리스타나,집중 공격,정밀,지배,6,4,66.67
MIDDLE,트리스타나,치명적 속도,정밀,결의,79,36,45.57
MIDDLE,트리스타나,치명적 속도,정밀,영감,163,71,43.56
MIDDLE,트리스타나,치명적 속도,정밀,지배,10,6,60.0
MIDDLE,트린다미어,착취의 손아귀,결의,정밀,63,28,44.44
MIDDLE,트린다미어,착취의 손아귀,결의,지배,6,4,66.67
MIDDLE,트린다미어,치명적 속도,정밀,결의,15,3,20.0
MIDDLE,트린다미어,칼날비,지배,정밀,97,46,47.42
MIDDLE,트위스티드 페이트,감전,지배,결의,515,286,55.53
MIDDLE,트위스티드 페이트,감전,지배,마법,175,91,52.0
MIDDLE,트위스티드 페이트,감전,지배,영감,147,83,56.46
MIDDLE,트위스티드 페이트,봉인 풀린 주문서,영감,결의,1179,614,52.08
MIDDLE,트위스티드 페이트,봉인 풀린 주문서,영감,마법,152,77,50.66
MIDDLE,트위스티드 페이트,봉인 풀린 주문서,영감,지배,20,11,55.0
MIDDLE,트위스티드 페이트,선제공격,영감,결의,8,5,62.5
MIDDLE,트위스티드 페이트,선제공격,영감,마법,9,3,33.33
MIDDLE,트위스티드 페이트,신비로운 유성,마법,결의,1015,548,53.99
MIDDLE,트위스티드 페이트,신비로운 유성,마법,영감,448,245,54.69
MIDDLE,트위스티드 페이트,신비로운 유성,마법,지배,8,5,62.5
MIDDLE,트위스티드 페이트,치명적 속도,정밀,결의,15,10,66.67
MIDDLE,트위스티드 페이트,치명적 속도,정밀,영감,5,2,40.0
MIDDLE,트위치,집중 공격,정밀,마법,7,6,85.71
MIDDLE,트위치,집중 공격,정밀,영감,5,3,60.0
MIDDLE,트위치,집중 공격,정밀,지배,11,4,36.36
MIDDLE,티모,집중 공격,정밀,결의,7,2,28.57
MIDDLE,파이크,칼날비,지배,결의,5,4,80.0
MIDDLE,파이크,칼날비,지배,영감,19,11,57.89
MIDDLE,판테온,감전,지배,결의,26,13,50.0
MIDDLE,판테온,감전,지배,마법,26,15,57.69
MIDDLE,판테온,감전,지배,영감,244,142,58.2
MIDDLE,판테온,감전,지배,정밀,36,23,63.89
MIDDLE,판테온,정복자,정밀,결의,58,29,50.0
MIDDLE,판테온,정복자,정밀,마법,56,31,55.36
MIDDLE,판테온,정복자,정밀,영감,142,84,59.15
MIDDLE,판테온,정복자,정밀,지배,18,11,61.11
MIDDLE,판테온,집중 공격,정밀,마법,5,3,60.0
MIDDLE,판테온,집중 공격,정밀,지배,7,4,57.14
MIDDLE,피들스틱,신비로운 유성,마법,결의,22,9,40.91
MIDDLE,피들스틱,신비로운 유성,마법,지배,18,9,50.0
MIDDLE,피오라,집중 공격,정밀,결의,14,10,71.43
MIDDLE,피즈,감전,지배,결의,7,2,28.57
MIDDLE,피즈,감전,지배,마법,315,165,52.38
MIDDLE,피즈,감전,지배,영감,7,2,28.57
MIDDLE,피즈,감전,지배,정밀,271,135,49.82
MIDDLE,피즈,집중 공격,정밀,마법,9,4,44.44
MIDDLE,피즈,집중 공격,정밀,지배,10,4,40.0
MIDDLE,하이머딩거,신비로운 유성,마법,영감,16,7,43.75
MIDDLE,하이머딩거,정복자,정밀,마법,15,6,40.0
MIDDLE,흐웨이,난입,마법,결의,22,13,59.09
MIDDLE,흐웨이,난입,마법,영감,11,4,36.36
MIDDLE,흐웨이,난입,마법,정밀,38,21,55.26
MIDDLE,흐웨이,봉인 풀린 주문서,영감,마법,10,5,50.0
MIDDLE,흐웨이,선제공격,영감,마법,19,12,63.16
MIDDLE,흐웨이,선제공격,영감,정밀,12,5,41.67
MIDDLE,흐웨이,신비로운 유성,마법,결의,96,46,47.92
MIDDLE,흐웨이,신비로운 유성,마법,영감,224,103,45.98
MIDDLE,흐웨이,신비로운 유성,마법,정밀,507,233,45.96
MIDDLE,흐웨이,정복자,정밀,마법,8,7,87.5
MIDDLE,흐웨이,콩콩이 소환,마법,결의,55,27,49.09
MIDDLE,흐웨이,콩콩이 소환,마법,영감,48,13,27.08
MIDDLE,흐웨이,콩콩이 소환,마법,정밀,148,65,43.92
TOP,가렌,난입,마법,결의,59,28,47.46
TOP,가렌,정복자,정밀,결의,47,24,51.06
TOP,가렌,정복자,정밀,마법,633,298,47.08
TOP,갈리오,난입,마법,결의,194,105,54.12
TOP,갈리오,난입,마법,영감,10,5,50.0
TOP,갈리오,난입,마법,지배,8,4,50.0
TOP,갈리오,여진,결의,마법,34,20,58.82
TOP,갈리오,여진,결의,영감,14,7,50.0
TOP,갱플랭크,기민한 발놀림,정밀,결의,436,223,51.15
TOP,갱플랭크,기민한 발놀림,정밀,마법,9,6,66.67
TOP,갱플랭크,기민한 발놀림,정밀,영감,118,60,50.85
TOP,갱플랭크,기민한 발놀림,정밀,지배,22,16,72.73
TOP,갱플랭크,선제공격,영감,결의,194,110,56.7
TOP,갱플랭크,선제공격,영감,마법,41,21,51.22
TOP,갱플랭크,선제공격,영감,정밀,44,26,59.09
TOP,갱플랭크,선제공격,영감,지배,32,17,53.12
TOP,갱플랭크,신비로운 유성,마법,결의,164,77,46.95
TOP,갱플랭크,신비로운 유성,마법,영감,391,209,53.45
TOP,갱플랭크,신비로운 유성,마법,정밀,10,5,50.0
TOP,갱플랭크,신비로운 유성,마법,지배,16,9,56.25
TOP,갱플랭크,착취의 손아귀,결의,마법,111,53,47.75
TOP,갱플랭크,착취의 손아귀,결의,영감,985,511,51.88
TOP,갱플랭크,착취의 손아귀,결의,정밀,12,6,50.0
TOP,그라가스,감전,지배,마법,15,6,40.0
TOP,그라가스,감전,지배,영감,30,15,50.0
TOP,그라가스,난입,마법,결의,15,9,60.0
TOP,그라가스,난입,마법,영감,539,257,47.68
TOP,그라가스,난입,마법,정밀,28,12,42.86
TOP,그라가스,선제공격,영감,마법,10,6,60.0
TOP,그라가스,신비로운 유성,마법,결의,12,4,33.33
TOP,그라가스,신비로운 유성,마법,영감,312,147,47.12
TOP,그라가스,신비로운 유성,마법,정밀,5,2,40.0
TOP,그라가스,착취의 손아귀,결의,마법,104,61,58.65
TOP,그라가스,착취의 손아귀,결의,영감,30,14,46.67
TOP,그레이브즈,기민한 발놀림,정밀,결의,5,1,20.0
TOP,그레이브즈,기민한 발놀림,정밀,영감,22,7,31.82
TOP,그웬,정복자,정밀,결의,1045,565,54.07
TOP,그웬,정복자,정밀,마법,5,3,60.0
TOP,그웬,정복자,정밀,영감,557,293,52.6
TOP,그웬,착취의 손아귀,결의,영감,12,5,41.67
TOP,나르,기민한 발놀림,정밀,결의,1213,579,47.73
TOP,나르,기민한 발놀림,정밀,영감,54,32,59.26
TOP,나르,정복자,정밀,결의,550,283,51.45
TOP,나르,정복자,정밀,마법,8,5,62.5
TOP,나르,정복자,정밀,영감,38,18,47.37
TOP,나르,집중 공격,정밀,결의,9,6,66.67
TOP,나르,착취의 손아귀,결의,영감,54,29,53.7
TOP,나르,착취의 손아귀,결의,정밀,115,66,57.39
TOP,나르,치명적 속도,정밀,결의,73,41,56.16
TOP,나르,치명적 속도,정밀,영감,25,11,44.0
TOP,나르,콩콩이 소환,마법,결의,5,3,60.0
TOP,나서스,기민한 발놀림,정밀,결의,89,36,40.45
TOP,나서스,기민한 발놀림,정밀,영감,14,12,85.71
TOP,나서스,난입,마법,결의,15,6,40.0
TOP,나서스,난입,마법,영감,57,27,47.37
TOP,나서스,봉인 풀린 주문서,영감,결의,15,8,53.33
TOP,나서스,착취의 손아귀,결의,마법,13,5,38.46
TOP,나서스,착취의 손아귀,결의,영감,20,11,55.0
TOP,나서스,콩콩이 소환,마법,영감,64,30,46.88
TOP,나피리,선제공격,영감,마법,5,3,60.0
TOP,나피리,정복자,정밀,마법,13,8,61.54
TOP,나피리,칼날비,지배,마법,18,10,55.56
TOP,나피리,칼날비,지배,영감,5,1,20.0
TOP,나피리,칼날비,지배,정밀,5,4,80.0
TOP,녹턴,정복자,정밀,결의,22,9,40.91
TOP,녹턴,정복자,정밀,마법,22,13,59.09
TOP,녹턴,정복자,정밀,영감,119,59,49.58
TOP,녹턴,치명적 속도,정밀,결의,19,7,36.84
TOP,녹턴,치명적 속도,정밀,영감,10,7,70.0
TOP,니달리,집중 공격,정밀,결의,14,7,50.0
TOP,니달리,착취의 손아귀,결의,영감,97,54,55.67
TOP,니달리,착취의 손아귀,결의,정밀,48,21,43.75
TOP,니달리,착취의 손아귀,결의,지배,10,5,50.0
TOP,니코,감전,지배,마법,10,7,70.0
TOP,니코,선제공격,영감,지배,8,4,50.0
TOP,니코,신비로운 유성,마법,영감,14,9,64.29
TOP,니코,신비로운 유성,마법,지배,7,3,42.86
TOP,니코,치명적 속도,정밀,결의,6,4,66.67
TOP,니코,콩콩이 소환,마법,영감,11,5,45.45
TOP,니코,콩콩이 소환,마법,정밀,16,8,50.0
TOP,다리우스,난입,마법,영감,19,10,52.63
TOP,다리우스,난입,마법,정밀,17,8,47.06
TOP,다리우스,정복자,정밀,결의,421,213,50.59
TOP,다리우스,정복자,정밀,마법,827,384,46.43
TOP,다리우스,정복자,정밀,영감,181,97,53.59
TOP,다리우스,집중 공격,정밀,마법,7,3,42.86
TOP,다리우스,칼날비,지배,영감,7,1,14.29
TOP,다리우스,칼날비,지배,정밀,5,3,60.0
TOP,다이애나,감전,지배,마법,12,7,58.33
TOP,다이애나,난입,마법,결의,20,11,55.0
TOP,드레이븐,집중 공격,정밀,결의,8,5,62.5
TOP,드레이븐,집중 공격,정밀,영감,191,97,50.79
TOP,드레이븐,치명적 속도,정밀,마법,16,4,25.0
TOP,드레이븐,치명적 속도,정밀,영감,9,5,55.56
TOP,라이즈,감전,지배,마법,13,7,53.85
TOP,라이즈,난입,마법,결의,436,216,49.54
TOP,라이즈,난입,마법,영감,484,245,50.62
TOP,라이즈,난입,마법,정밀,101,49,48.51
TOP,라이즈,선제공격,영감,마법,10,4,40.0
TOP,라이즈,신비로운 유성,마법,결의,21,10,47.62
TOP,라이즈,신비로운 유성,마법,영감,47,24,51.06
TOP,라이즈,신비로운 유성,마법,정밀,7,3,42.86
TOP,라이즈,정복자,정밀,결의,20,9,45.0
TOP,라이즈,정복자,정밀,마법,83,40,48.19
TOP,라이즈,정복자,정밀,영감,46,25,54.35
TOP,라이즈,착취의 손아귀,결의,마법,8,3,37.5
TOP,람머스,여진,결의,영감,15,11,73.33
TOP,람머스,여진,결의,정밀,12,5,41.67
TOP,럼블,난입,마법,결의,80,43,53.75
TOP,럼블,난입,마법,영감,85,51,60.0
TOP,럼블,선제공격,영감,결의,233,122,52.36
TOP,럼블,선제공격,영감,마법,118,60,50.85
TOP,럼블,선제공격,영감,정밀,31,15,48.39
TOP,럼블,선제공격,영감,지배,15,6,40.0
TOP,럼블,신비로운 유성,마법,결의,1705,924,54.19
TOP,럼블,신비로운 유성,마법,영감,2079,1088,52.33
TOP,럼블,신비로운 유성,마법,정밀,43,25,58.14
TOP,럼블,신비로운 유성,마법,지배,99,46,46.46
TOP,럼블,정복자,정밀,결의,64,40,62.5
TOP,럼블,정복자,정밀,마법,45,19,42.22
TOP,럼블,정복자,정밀,영감,70,34,48.57
TOP,레넥톤,정복자,정밀,결의,3224,1604,49.75
TOP,레넥톤,정복자,정밀,마법,5,1,20.0
TOP,레넥톤,정복자,정밀,영감,120,60,50.0
TOP,레넥톤,집중 공격,정밀,결의,544,255,46.88
TOP,레넥톤,집중 공격,정밀,영감,31,15,48.39
TOP,레넥톤,집중 공격,정밀,지배,13,3,23.08
TOP,렉사이,정복자,정밀,결의,18,8,44.44
TOP,렉사이,착취의 손아귀,결의,영감,296,160,54.05
TOP,렉사이,착취의 손아귀,결의,정밀,40,21,52.5
TOP,렉사이,칼날비,지배,결의,75,40,53.33
TOP,렝가,기민한 발놀림,정밀,결의,43,20,46.51
TOP,렝가,기민한 발놀림,정밀,영감,33,19,57.58
TOP,렝가,기민한 발놀림,정밀,지배,272,139,51.1
TOP,렝가,선제공격,영감,지배,11,6,54.55
TOP,렝가,정복자,정밀,결의,120,64,53.33
TOP,렝가,정복자,정밀,영감,71,46,64.79
TOP,렝가,정복자,정밀,지배,26,10,38.46
TOP,렝가,집중 공격,정밀,지배,8,4,50.0
TOP,렝가,착취의 손아귀,결의,영감,8,4,50.0
TOP,렝가,착취의 손아귀,결의,정밀,26,14,53.85
TOP,렝가,착취의 손아귀,결의,지배,16,7,43.75
TOP,루시안,집중 공격,정밀,결의,6,2,33.33
TOP,루시안,집중 공격,정밀,영감,45,23,51.11
TOP,룰루,감전,지배,마법,73,38,52.05
TOP,룰루,난입,마법,결의,5,2,40.0
TOP,룰루,선제공격,영감,마법,9,5,55.56
TOP,룰루,콩콩이 소환,마법,결의,43,25,58.14
TOP,룰루,콩콩이 소환,마법,영감,22,15,68.18
TOP,르블랑,감전,지배,마법,19,9,47.37
TOP,르블랑,감전,지배,영감,5,1,20.0
TOP,르블랑,감전,지배,정밀,6,5,83.33
TOP,리 신,정복자,정밀,결의,105,45,42.86
TOP,리 신,정복자,정밀,영감,25,13,52.0
TOP,리 신,착취의 손아귀,결의,영감,15,8,53.33
TOP,리븐,정복자,정밀,결의,111,53,47.75
TOP,리븐,정복자,정밀,마법,83,39,46.99
TOP,리븐,정복자,정밀,영감,994,539,54.23
TOP,리산드라,감전,지배,마법,30,20,66.67
TOP,리산드라,선제공격,영감,지배,10,6,60.0
TOP,리산드라,신비로운 유성,마법,결의,29,20,68.97
TOP,리산드라,신비로운 유성,마법,영감,19,9,47.37
TOP,리산드라,신비로운 유성,마법,지배,13,6,46.15
TOP,리산드라,여진,결의,마법,14,6,42.86
TOP,리산드라,콩콩이 소환,마법,지배,12,8,66.67
TOP,마스터 이,치명적 속도,정밀,결의,16,7,43.75
TOP,마스터 이,치명적 속도,정밀,영감,5,2,40.0
TOP,마스터 이,칼날비,지배,결의,13,8,61.54
TOP,마스터 이,칼날비,지배,영감,10,3,30.0
TOP,마스터 이,칼날비,지배,정밀,44,20,45.45
TOP,마오카이,난입,마법,결의,14,4,28.57
TOP,마오카이,난입,마법,영감,6,2,33.33
TOP,마오카이,착취의 손아귀,결의,마법,73,43,58.9
TOP,마오카이,착취의 손아귀,결의,영감,104,40,38.46
TOP,말자하,신비로운 유성,마법,영감,7,3,42.86
TOP,말자하,신비로운 유성,마법,정밀,11,4,36.36
TOP,말자하,콩콩이 소환,마법,영감,24,10,41.67
TOP,말자하,콩콩이 소환,마법,정밀,5,2,40.0
TOP,말파이트,난입,마법,결의,16,6,37.5
TOP,말파이트,난입,마법,영감,5,3,60.0
TOP,말파이트,신비로운 유성,마법,결의,581,290,49.91
TOP,말파이트,신비로운 유성,마법,영감,236,129,54.66
TOP,말파이트,신비로운 유성,마법,정밀,7,5,71.43
TOP,말파이트,신비로운 유성,마법,지배,45,20,44.44
TOP,말파이트,집중 공격,정밀,결의,5,2,40.0
TOP,말파이트,집중 공격,정밀,마법,11,8,72.73
TOP,말파이트,집중 공격,정밀,영감,7,5,71.43
TOP,말파이트,착취의 손아귀,결의,마법,378,185,48.94
TOP,말파이트,착취의 손아귀,결의,영감,87,39,44.83
TOP,말파이트,착취의 손아귀,결의,정밀,17,10,58.82
TOP,말파이트,착취의 손아귀,결의,지배,7,2,28.57
TOP,말파이트,콩콩이 소환,마법,결의,9,8,88.89
TOP,말파이트,콩콩이 소환,마법,영감,8,6,75.0
TOP,모데카이저,정복자,정밀,결의,727,362,49.79
TOP,모데카이저,정복자,정밀,마법,20,12,60.0
TOP,모데카이저,정복자,정밀,영감,38,28,73.68
TOP,모데카이저,착취의 손아귀,결의,정밀,5,1,20.0
TOP,문도 박사,기민한 발놀림,정밀,결의,7,3,42.86
TOP,문도 박사,기민한 발놀림,정밀,영감,13,4,30.77
TOP,문도 박사,착취의 손아귀,결의,영감,1101,518,47.05
TOP,문도 박사,착취의 손아귀,결의,정밀,27,10,37.04
TOP,바루스,집중 공격,정밀,결의,679,342,50.37
TOP,바루스,집중 공격,정밀,마법,42,20,47.62
TOP,바루스,집중 공격,정밀,영감,97,47,48.45
TOP,바루스,집중 공격,정밀,지배,9,3,33.33
TOP,바루스,치명적 속도,정밀,결의,127,63,49.61
TOP,바루스,치명적 속도,정밀,마법,11,6,54.55
TOP,바루스,치명적 속도,정밀,영감,41,15,36.59
TOP,바이,칼날비,지배,결의,10,4,40.0
TOP,베이가,선제공격,영감,마법,6,2,33.33
TOP,베인,기민한 발놀림,정밀,결의,41,21,51.22
TOP,베인,기민한 발놀림,정밀,마법,194,103,53.09
TOP,베인,기민한 발놀림,정밀,영감,188,99,52.66
TOP,베인,기민한 발놀림,정밀,지배,29,16,55.17
TOP,베인,집중 공격,정밀,결의,30,15,50.0
TOP,베인,집중 공격,정밀,마법,35,20,57.14
TOP,베인,집중 공격,정밀,영감,39,16,41.03
TOP,베인,집중 공격,정밀,지배,28,19,67.86
TOP,베인,치명적 속도,정밀,결의,155,78,50.32
TOP,베인,치명적 속도,정밀,마법,81,34,41.98
TOP,베인,치명적 속도,정밀,영감,52,28,53.85
TOP,베인,치명적 속도,정밀,지배,23,14,60.87
TOP,벡스,난입,마법,결의,5,4,80.0
TOP,벨베스,정복자,정밀,결의,70,37,52.86
TOP,벨베스,정복자,정밀,영감,8,3,37.5
TOP,벨코즈,신비로운 유성,마법,영감,7,4,57.14
TOP,벨코즈,신비로운 유성,마법,정밀,21,9,42.86
TOP,볼리베어,기민한 발놀림,정밀,결의,17,5,29.41
TOP,볼리베어,집중 공격,정밀,결의,106,52,49.06
TOP,볼리베어,집중 공격,정밀,마법,53,22,41.51
TOP,볼리베어,집중 공격,정밀,영감,195,90,46.15
TOP,볼리베어,착취의 손아귀,결의,마법,19,13,68.42
TOP,볼리베어,착취의 손아귀,결의,영감,46,17,36.96
TOP,볼리베어,착취의 손아귀,결의,정밀,730,369,50.55
TOP,볼리베어,치명적 속도,정밀,결의,58,27,46.55
TOP,볼리베어,치명적 속도,정밀,마법,31,18,58.06
TOP,볼리베어,치명적 속도,정밀,영감,119,64,53.78
TOP,브라이어,집중 공격,정밀,결의,10,3,30.0
TOP,브랜드,신비로운 유성,마법,정밀,9,4,44.44
TOP,블라디미르,감전,지배,마법,6,5,83.33
TOP,블라디미르,난입,마법,결의,12,4,33.33
TOP,블라디미르,난입,마법,영감,82,47,57.32
TOP,블라디미르,난입,마법,정밀,154,77,50.0
TOP,블라디미르,정복자,정밀,결의,10,5,50.0
TOP,블라디미르,정복자,정밀,마법,141,72,51.06
TOP,블라디미르,정복자,정밀,영감,68,40,58.82
TOP,블라디미르,콩콩이 소환,마법,결의,56,35,62.5
TOP,블라디미르,콩콩이 소환,마법,영감,39,14,35.9
TOP,블라디미르,콩콩이 소환,마법,정밀,636,303,47.64
TOP,비에고,정복자,정밀,결의,29,16,55.17
TOP,비에고,정복자,정밀,영감,24,14,58.33
TOP,빅토르,선제공격,영감,마법,6,3,50.0
TOP,빅토르,콩콩이 소환,마법,결의,32,21,65.62
TOP,빅토르,콩콩이 소환,마법,영감,6,1,16.67
TOP,빅토르,콩콩이 소환,마법,정밀,5,1,20.0
TOP,뽀삐,착취의 손아귀,결의,마법,172,81,47.09
TOP,뽀삐,착취의 손아귀,결의,영감,84,44,52.38
TOP,뽀삐,착취의 손아귀,결의,정밀,485,263,54.23
TOP,사이온,난입,마법,결의,49,19,38.78
TOP,사이온,난입,마법,영감,11,7,63.64
TOP,사이온,봉인 풀린 주문서,영감,결의,11,7,63.64
TOP,사이온,신비로운 유성,마법,결의,113,46,40.71
TOP,사이온,신비로운 유성,마법,영감,57,30,52.63
TOP,사이온,착취의 손아귀,결의,마법,124,59,47.58
TOP,사이온,착취의 손아귀,결의,영감,1787,820,45.89
TOP,사이온,착취의 손아귀,결의,정밀,145,63,43.45
TOP,사이온,착취의 손아귀,결의,지배,5,2,40.0
TOP,사일러스,감전,지배,결의,29,18,62.07
TOP,사일러스,감전,지배,마법,27,12,44.44
TOP,사일러스,감전,지배,영감,21,8,38.1
TOP,사일러스,감전,지배,정밀,6,1,16.67
TOP,사일러스,정복자,정밀,결의,343,172,50.15
TOP,사일러스,정복자,정밀,마법,18,9,50.0
TOP,사일러스,정복자,정밀,영감,142,73,51.41
TOP,사일러스,착취의 손아귀,결의,마법,5,2,40.0
TOP,사일러스,착취의 손아귀,결의,영감,19,9,47.37
TOP,샤코,신비로운 유성,마법,정밀,5,1,20.0
TOP,세나,기민한 발놀림,정밀,마법,13,9,69.23
TOP,세주아니,난입,마법,영감,6,3,50.0
TOP,세주아니,신비로운 유성,마법,결의,102,54,52.94
TOP,세주아니,신비로운 유성,마법,영감,41,20,48.78
TOP,세주아니,신비로운 유성,마법,정밀,212,106,50.0
TOP,세주아니,착취의 손아귀,결의,마법,58,29,50.0
TOP,세주아니,착취의 손아귀,결의,영감,58,27,46.55
TOP,세주아니,착취의 손아귀,결의,정밀,6,4,66.67
TOP,세트,기민한 발놀림,정밀,결의,20,10,50.0
TOP,세트,정복자,정밀,결의,929,435,46.82
TOP,세트,집중 공격,정밀,결의,55,26,47.27
TOP,세트,착취의 손아귀,결의,정밀,82,44,53.66
TOP,세트,칼날비,지배,결의,11,3,27.27
TOP,소라카,콩콩이 소환,마법,결의,31,14,45.16
TOP,쉔,여진,결의,지배,5,2,40.0
TOP,쉔,착취의 손아귀,결의,마법,64,36,56.25
TOP,쉔,착취의 손아귀,결의,영감,726,381,52.48
TOP,쉔,착취의 손아귀,결의,정밀,12,4,33.33
TOP,쉔,착취의 손아귀,결의,지배,369,180,48.78
TOP,스몰더,기민한 발놀림,정밀,결의,7,3,42.86
TOP,스몰더,기민한 발놀림,정밀,마법,30,10,33.33
TOP,스몰더,기민한 발놀림,정밀,영감,44,23,52.27
TOP,스몰더,착취의 손아귀,결의,정밀,6,2,33.33
TOP,스웨인,선제공격,영감,정밀,6,3,50.0
TOP,스웨인,정복자,정밀,결의,64,34,53.12
TOP,스웨인,정복자,정밀,마법,38,21,55.26
TOP,스웨인,콩콩이 소환,마법,결의,51,28,54.9
TOP,스웨인,콩콩이 소환,마법,영감,5,4,80.0
TOP,스웨인,콩콩이 소환,마법,정밀,68,36,52.94
TOP,스카너,착취의 손아귀,결의,마법,6,4,66.67
TOP,스카너,착취의 손아귀,결의,영감,10,4,40.0
TOP,신 짜오,정복자,정밀,결의,75,31,41.33
TOP,신 짜오,정복자,정밀,마법,6,3,50.0
TOP,신 짜오,정복자,정밀,영감,75,33,44.0
TOP,신 짜오,치명적 속도,정밀,영감,6,3,50.0
TOP,신 짜오,칼날비,지배,마법,35,13,37.14
TOP,신 짜오,칼날비,지배,정밀,14,4,28.57
TOP,신드라,감전,지배,마법,5,2,40.0
TOP,신드라,난입,마법,영감,6,4,66.67
TOP,신드라,선제공격,영감,마법,6,5,83.33
TOP,신드라,콩콩이 소환,마법,영감,5,3,60.0
TOP,신지드,난입,마법,결의,191,115,60.21
TOP,신지드,난입,마법,영감,21,10,47.62
TOP,신지드,봉인 풀린 주문서,영감,결의,65,43,66.15
TOP,신지드,봉인 풀린 주문서,영감,마법,159,89,55.97
TOP,신지드,정복자,정밀,결의,92,39,42.39
TOP,신지드,정복자,정밀,마법,597,313,52.43
TOP,신지드,정복자,정밀,영감,129,76,58.91
TOP,신지드,콩콩이 소환,마법,결의,8,3,37.5
TOP,신지드,콩콩이 소환,마법,영감,5,2,40.0
TOP,아리,감전,지배,마법,7,3,42.86
TOP,아리,선제공격,영감,마법,8,2,25.0
TOP,아이번,집중 공격,정밀,결의,16,8,50.0
TOP,아이번,집중 공격,정밀,영감,8,3,37.5
TOP,아이번,집중 공격,정밀,지배,27,16,59.26
TOP,아이번,콩콩이 소환,마법,결의,57,32,56.14
TOP,아지르,선제공격,영감,마법,11,7,63.64
TOP,아지르,선제공격,영감,정밀,30,18,60.0
TOP,아지르,치명적 속도,정밀,결의,21,9,42.86
TOP,아지르,치명적 속도,정밀,마법,48,25,52.08
TOP,아지르,치명적 속도,정밀,영감,30,16,53.33
TOP,아지르,콩콩이 소환,마법,정밀,8,6,75.0
TOP,아칼리,감전,지배,결의,312,158,50.64
TOP,아칼리,감전,지배,마법,245,122,49.8
TOP,아칼리,감전,지배,영감,33,16,48.48
TOP,아칼리,감전,지배,정밀,8,5,62.5
TOP,아칼리,기민한 발놀림,정밀,결의,12,5,41.67
TOP,아칼리,정복자,정밀,결의,388,188,48.45
TOP,아칼리,정복자,정밀,마법,18,9,50.0
TOP,아칼리,정복자,정밀,영감,78,40,51.28
TOP,아칼리,정복자,정밀,지배,21,6,28.57
TOP,아칼리,착취의 손아귀,결의,영감,5,1,20.0
TOP,아크샨,집중 공격,정밀,결의,38,15,39.47
TOP,아크샨,집중 공격,정밀,영감,29,15,51.72
TOP,아트록스,감전,지배,결의,131,56,42.75
TOP,아트록스,감전,지배,영감,11,3,27.27
TOP,아트록스,감전,지배,정밀,11,4,36.36
TOP,아트록스,기민한 발놀림,정밀,결의,5,3,60.0
TOP,아트록스,신비로운 유성,마법,결의,5,2,40.0
TOP,아트록스,정복자,정밀,결의,1899,884,46.55
TOP,아트록스,정복자,정밀,영감,72,37,51.39
TOP,아트록스,정복자,정밀,지배,13,5,38.46
TOP,아트록스,착취의 손아귀,결의,영감,174,93,53.45
TOP,아트록스,착취의 손아귀,결의,정밀,56,24,42.86
TOP,아트록스,착취의 손아귀,결의,지배,5,2,40.0
TOP,암베사,감전,지배,결의,274,132,48.18
TOP,암베사,감전,지배,영감,41,22,53.66
TOP,암베사,선제공격,영감,결의,5,3,60.0
TOP,암베사,선제공격,영감,지배,6,5,83.33
TOP,암베사,정복자,정밀,결의,372,182,48.92
TOP,암베사,정복자,정밀,영감,50,26,52.0
TOP,암베사,착취의 손아귀,결의,영감,4341,2119,48.81
TOP,암베사,착취의 손아귀,결의,정밀,12,5,41.67
TOP,암베사,착취의 손아귀,결의,지배,105,52,49.52
TOP,애니비아,감전,지배,마법,198,112,56.57
TOP,애니비아,감전,지배,정밀,122,67,54.92
TOP,애니비아,난입,마법,정밀,17,9,52.94
TOP,애니비아,봉인 풀린 주문서,영감,정밀,7,5,71.43
TOP,애니비아,신비로운 유성,마법,결의,5,3,60.0
TOP,애니비아,신비로운 유성,마법,정밀,10,6,60.0
TOP,애니비아,착취의 손아귀,결의,지배,6,2,33.33
TOP,야스오,정복자,정밀,결의,5,2,40.0
TOP,야스오,착취의 손아귀,결의,정밀,35,18,51.43
TOP,야스오,치명적 속도,정밀,결의,1051,491,46.72
TOP,야스오,치명적 속도,정밀,영감,35,19,54.29
TOP,에코,착취의 손아귀,결의,영감,8,2,25.0
TOP,에코,칼날비,지배,마법,23,9,39.13
TOP,오공,정복자,정밀,결의,171,92,53.8
TOP,오공,정복자,정밀,영감,30,12,40.0
TOP,오공,정복자,정밀,지배,7,5,71.43
TOP,오공,착취의 손아귀,결의,영감,24,12,50.0
TOP,오공,착취의 손아귀,결의,지배,12,7,58.33
TOP,오로라,감전,지배,결의,18,12,66.67
TOP,오로라,감전,지배,마법,380,180,47.37
TOP,오로라,감전,지배,영감,15,10,66.67
TOP,오로라,감전,지배,정밀,27,12,44.44
TOP,오로라,신비로운 유성,마법,지배,6,1,16.67
TOP,오로라,정복자,정밀,마법,6,3,50.0
TOP,오로라,착취의 손아귀,결의,마법,7,5,71.43
TOP,오로라,착취의 손아귀,결의,정밀,14,6,42.86
TOP,오른,봉인 풀린 주문서,영감,결의,30,15,50.0
TOP,오른,봉인 풀린 주문서,영감,마법,5,4,80.0
TOP,오른,신비로운 유성,마법,결의,8,5,62.5
TOP,오른,여진,결의,영감,6,3,50.0
TOP,오른,착취의 손아귀,결의,마법,174,84,48.28
TOP,오른,착취의 손아귀,결의,영감,435,212,48.74
TOP,오른,착취의 손아귀,결의,정밀,17,4,23.53
TOP,오른,콩콩이 소환,마법,결의,81,39,48.15
TOP,오른,콩콩이 소환,마법,영감,7,4,57.14
TOP,오리아나,난입,마법,결의,8,3,37.5
TOP,오리아나,난입,마법,영감,6,4,66.67
TOP,오리아나,난입,마법,정밀,16,4,25.0
TOP,오리아나,콩콩이 소환,마법,정밀,5,0,0.0
TOP,올라프,정복자,정밀,결의,44,23,52.27
TOP,올라프,정복자,정밀,마법,10,7,70.0
TOP,올라프,정복자,정밀,영감,1374,749,54.51
TOP,요네,기민한 발놀림,정밀,결의,42,16,38.1
TOP,요네,정복자,정밀,결의,6,4,66.67
TOP,요네,치명적 속도,정밀,결의,1566,732,46.74
TOP,요네,치명적 속도,정밀,영감,64,32,50.0
TOP,요릭,난입,마법,결의,7,3,42.86
TOP,요릭,신비로운 유성,마법,결의,57,25,43.86
TOP,요릭,신비로운 유성,마법,영감,49,28,57.14
TOP,요릭,정복자,정밀,결의,170,83,48.82
TOP,요릭,정복자,정밀,영감,36,18,50.0
TOP,요릭,착취의 손아귀,결의,영감,365,191,52.33
TOP,요릭,착취의 손아귀,결의,정밀,67,27,40.3
TOP,우디르,난입,마법,영감,5,1,20.0
TOP,우디르,정복자,정밀,결의,13,4,30.77
TOP,우디르,정복자,정밀,영감,50,22,44.0
TOP,우디르,집중 공격,정밀,결의,7,3,42.86
TOP,우디르,착취의 손아귀,결의,마법,24,9,37.5
TOP,우디르,착취의 손아귀,결의,영감,494,277,56.07
TOP,우르곳,기민한 발놀림,정밀,결의,6,3,50.0
TOP,우르곳,기민한 발놀림,정밀,영감,9,7,77.78
TOP,우르곳,난입,마법,결의,16,9,56.25
TOP,우르곳,난입,마법,영감,74,47,63.51
TOP,우르곳,봉인 풀린 주문서,영감,결의,11,6,54.55
TOP,우르곳,신비로운 유성,마법,결의,5,1,20.0
TOP,우르곳,신비로운 유성,마법,영감,72,34,47.22
TOP,우르곳,정복자,정밀,결의,26,10,38.46
TOP,우르곳,정복자,정밀,마법,5,4,80.0
TOP,우르곳,정복자,정밀,영감,9,5,55.56
TOP,우르곳,집중 공격,정밀,결의,374,205,54.81
TOP,우르곳,집중 공격,정밀,마법,72,36,50.0
TOP,우르곳,집중 공격,정밀,영감,253,147,58.1
TOP,워윅,기민한 발놀림,정밀,결의,5,3,60.0
TOP,워윅,집중 공격,정밀,결의,11,2,18.18
TOP,워윅,착취의 손아귀,결의,정밀,6,1,16.67
TOP,워윅,치명적 속도,정밀,결의,742,379,51.08
TOP,이렐리아,정복자,정밀,결의,204,96,47.06
TOP,이렐리아,정복자,정밀,영감,2082,1066,51.2
TOP,이렐리아,집중 공격,정밀,영감,6,2,33.33
TOP,이렐리아,치명적 속도,정밀,결의,15,5,33.33
TOP,이렐리아,치명적 속도,정밀,영감,11,4,36.36
TOP,이블린,정복자,정밀,마법,7,2,28.57
TOP,일라오이,봉인 풀린 주문서,영감,정밀,6,0,0.0
TOP,일라오이,정복자,정밀,결의,63,20,31.75
TOP,일라오이,정복자,정밀,마법,47,27,57.45
TOP,일라오이,정복자,정밀,영감,45,20,44.44
TOP,일라오이,착취의 손아귀,결의,마법,161,75,46.58
TOP,일라오이,착취의 손아귀,결의,정밀,72,30,41.67
TOP,자크,기민한 발놀림,정밀,결의,5,3,60.0
TOP,자크,난입,마법,결의,10,4,40.0
TOP,자크,여진,결의,정밀,7,3,42.86
TOP,자크,정복자,정밀,결의,49,24,48.98
TOP,자크,착취의 손아귀,결의,영감,8,4,50.0
TOP,자크,착취의 손아귀,결의,정밀,271,128,47.23
TOP,자헨,기민한 발놀림,정밀,결의,19,11,57.89
TOP,자헨,정복자,정밀,결의,1236,624,50.49
TOP,자헨,정복자,정밀,영감,148,82,55.41
TOP,자헨,집중 공격,정밀,결의,9,7,77.78
TOP,자헨,착취의 손아귀,결의,영감,1318,664,50.38
TOP,자헨,착취의 손아귀,결의,정밀,104,54,51.92
TOP,자헨,착취의 손아귀,결의,지배,9,4,44.44
TOP,자헨,칼날비,지배,결의,26,11,42.31
TOP,잭스,감전,지배,결의,5,4,80.0
TOP,잭스,감전,지배,마법,12,4,33.33
TOP,잭스,감전,지배,정밀,21,11,52.38
TOP,잭스,기민한 발놀림,정밀,결의,39,22,56.41
TOP,잭스,기민한 발놀림,정밀,영감,12,5,41.67
TOP,잭스,난입,마법,결의,32,17,53.12
TOP,잭스,난입,마법,영감,71,31,43.66
TOP,잭스,정복자,정밀,결의,54,23,42.59
TOP,잭스,정복자,정밀,마법,27,17,62.96
TOP,잭스,정복자,정밀,영감,123,62,50.41
TOP,잭스,집중 공격,정밀,결의,19,9,47.37
TOP,잭스,집중 공격,정밀,영감,64,33,51.56
TOP,잭스,착취의 손아귀,결의,마법,116,64,55.17
TOP,잭스,착취의 손아귀,결의,영감,2535,1293,51.01
TOP,잭스,착취의 손아귀,결의,정밀,91,56,61.54
TOP,잭스,착취의 손아귀,결의,지배,7,6,85.71
TOP,잭스,치명적 속도,정밀,결의,573,284,49.56
TOP,잭스,치명적 속도,정밀,마법,16,8,50.0
TOP,잭스,치명적 속도,정밀,영감,748,387,51.74
TOP,제드,감전,지배,마법,9,3,33.33
TOP,제드,선제공격,영감,결의,9,5,55.56
TOP,제드,선제공격,영감,마법,19,11,57.89
TOP,제드,선제공격,영감,정밀,64,32,50.0
TOP,제드,정복자,정밀,결의,12,4,33.33
TOP,제드,정복자,정밀,마법,31,17,54.84
TOP,제드,정복자,정밀,영감,23,8,34.78
TOP,제이스,감전,지배,결의,13,8,61.54
TOP,제이스,감전,지배,마법,6,6,100.0
TOP,제이스,감전,지배,영감,38,17,44.74
TOP,제이스,감전,지배,정밀,10,6,60.0
TOP,제이스,난입,마법,결의,10,4,40.0
TOP,제이스,난입,마법,영감,322,170,52.8
TOP,제이스,선제공격,영감,결의,12,8,66.67
TOP,제이스,선제공격,영감,마법,12,9,75.0
TOP,제이스,선제공격,영감,정밀,6,3,50.0
TOP,제이스,정복자,정밀,결의,75,37,49.33
TOP,제이스,정복자,정밀,마법,10,3,30.0
TOP,제이스,정복자,정밀,영감,490,223,45.51
TOP,제이스,착취의 손아귀,결의,영감,336,173,51.49
TOP,제이스,착취의 손아귀,결의,정밀,5,2,40.0
TOP,조이,감전,지배,마법,11,6,54.55
TOP,조이,콩콩이 소환,마법,영감,15,6,40.0
TOP,조이,콩콩이 소환,마법,정밀,17,10,58.82
TOP,질리언,콩콩이 소환,마법,영감,6,3,50.0
TOP,초가스,신비로운 유성,마법,결의,9,0,0.0
TOP,초가스,신비로운 유성,마법,영감,13,3,23.08
TOP,초가스,신비로운 유성,마법,정밀,14,4,28.57
TOP,초가스,착취의 손아귀,결의,마법,7,6,85.71
TOP,초가스,착취의 손아귀,결의,영감,74,41,55.41
TOP,초가스,착취의 손아귀,결의,정밀,12,6,50.0
TOP,초가스,칼날비,지배,마법,43,20,46.51
TOP,카르마,신비로운 유성,마법,결의,9,4,44.44
TOP,카르마,신비로운 유성,마법,영감,9,7,77.78
TOP,카르마,신비로운 유성,마법,정밀,6,2,33.33
TOP,카르마,신비로운 유성,마법,지배,5,1,20.0
TOP,카르마,착취의 손아귀,결의,마법,19,6,31.58
TOP,카르마,콩콩이 소환,마법,결의,18,9,50.0
TOP,카르마,콩콩이 소환,마법,정밀,5,3,60.0
TOP,카밀,기민한 발놀림,정밀,결의,6,2,33.33
TOP,카밀,기민한 발놀림,정밀,영감,5,4,80.0
TOP,카밀,선제공격,영감,결의,9,8,88.89
TOP,카밀,신비로운 유성,마법,결의,6,2,33.33
TOP,카밀,정복자,정밀,결의,25,15,60.0
TOP,카밀,정복자,정밀,영감,8,6,75.0
TOP,카밀,집중 공격,정밀,결의,40,18,45.0
TOP,카밀,집중 공격,정밀,영감,6,4,66.67
TOP,카밀,착취의 손아귀,결의,마법,43,20,46.51
TOP,카밀,착취의 손아귀,결의,영감,1414,701,49.58
TOP,카밀,착취의 손아귀,결의,정밀,17,7,41.18
TOP,카사딘,선제공격,영감,결의,19,10,52.63
TOP,카사딘,선제공격,영감,지배,15,7,46.67
TOP,카시오페아,난입,마법,결의,10,6,60.0
TOP,카시오페아,난입,마법,정밀,41,23,56.1
TOP,카시오페아,정복자,정밀,결의,38,15,39.47
TOP,카시오페아,정복자,정밀,마법,414,218,52.66
TOP,카시오페아,콩콩이 소환,마법,정밀,40,16,40.0
TOP,카이사,집중 공격,정밀,영감,7,4,57.14
TOP,카이사,치명적 속도,정밀,영감,7,3,42.86
TOP,카타리나,정복자,정밀,지배,23,11,47.83
TOP,칼리스타,칼날비,지배,정밀,6,2,33.33
TOP,케넨,감전,지배,결의,189,99,52.38
TOP,케넨,감전,지배,마법,712,392,55.06
TOP,케넨,감전,지배,영감,776,404,52.06
TOP,케넨,감전,지배,정밀,15,12,80.0
TOP,케넨,기민한 발놀림,정밀,영감,6,3,50.0
TOP,케넨,선제공격,영감,결의,24,17,70.83
TOP,케넨,선제공격,영감,마법,21,13,61.9
TOP,케넨,선제공격,영감,정밀,41,22,53.66
TOP,케넨,선제공격,영감,지배,210,112,53.33
TOP,케넨,정복자,정밀,결의,12,7,58.33
TOP,케넨,정복자,정밀,마법,7,6,85.71
TOP,케넨,정복자,정밀,영감,78,37,47.44
TOP,케넨,정복자,정밀,지배,6,3,50.0
TOP,케넨,치명적 속도,정밀,결의,8,6,75.0
TOP,케넨,치명적 속도,정밀,영감,7,2,28.57
TOP,케넨,콩콩이 소환,마법,결의,25,14,56.0
TOP,케넨,콩콩이 소환,마법,영감,29,17,58.62
TOP,케넨,콩콩이 소환,마법,정밀,5,3,60.0
TOP,케넨,콩콩이 소환,마법,지배,105,60,57.14
TOP,케인,정복자,정밀,결의,48,25,52.08
TOP,케인,정복자,정밀,마법,11,4,36.36
TOP,케인,정복자,정밀,영감,15,6,40.0
TOP,케일,기민한 발놀림,정밀,결의,39,18,46.15
TOP,케일,기민한 발놀림,정밀,마법,20,12,60.0
TOP,케일,기민한 발놀림,정밀,영감,11,6,54.55
TOP,케일,집중 공격,정밀,결의,44,27,61.36
TOP,케일,집중 공격,정밀,마법,117,61,52.14
TOP,케일,집중 공격,정밀,영감,19,15,78.95
TOP,케일,치명적 속도,정밀,결의,52,27,51.92
TOP,케일,치명적 속도,정밀,마법,41,25,60.98
TOP,케일,치명적 속도,정밀,영감,39,19,48.72
TOP,코그모,치명적 속도,정밀,결의,5,1,20.0
TOP,코르키,정복자,정밀,결의,26,12,46.15
TOP,코르키,정복자,정밀,영감,64,33,51.56
TOP,퀸,감전,지배,결의,5,2,40.0
TOP,퀸,감전,지배,마법,60,33,55.0
TOP,퀸,감전,지배,영감,13,6,46.15
TOP,퀸,감전,지배,정밀,103,55,53.4
TOP,퀸,기민한 발놀림,정밀,마법,24,13,54.17
TOP,퀸,집중 공격,정밀,결의,64,32,50.0
TOP,퀸,집중 공격,정밀,마법,23,12,52.17
TOP,퀸,집중 공격,정밀,영감,7,3,42.86
TOP,퀸,집중 공격,정밀,지배,44,20,45.45
TOP,크산테,여진,결의,마법,17,9,52.94
TOP,크산테,여진,결의,영감,543,242,44.57
TOP,크산테,여진,결의,정밀,186,88,47.31
TOP,크산테,착취의 손아귀,결의,마법,51,27,52.94
TOP,크산테,착취의 손아귀,결의,영감,2386,1087,45.56
TOP,크산테,착취의 손아귀,결의,정밀,1368,667,48.76
TOP,클레드,정복자,정밀,결의,420,202,48.1
TOP,클레드,정복자,정밀,마법,89,37,41.57
TOP,클레드,정복자,정밀,영감,327,182,55.66
TOP,클레드,정복자,정밀,지배,30,10,33.33
TOP,클레드,집중 공격,정밀,결의,10,4,40.0
TOP,클레드,착취의 손아귀,결의,마법,12,6,50.0
TOP,클레드,착취의 손아귀,결의,영감,38,21,55.26
TOP,클레드,착취의 손아귀,결의,정밀,158,73,46.2
TOP,클레드,치명적 속도,정밀,결의,9,5,55.56
TOP,키아나,정복자,정밀,지배,74,28,37.84
TOP,탈론,정복자,정밀,마법,6,5,83.33
TOP,탈론,정복자,정밀,영감,10,5,50.0
TOP,탐 켄치,난입,마법,영감,51,18,35.29
TOP,탐 켄치,착취의 손아귀,결의,영감,65,27,41.54
TOP,탐 켄치,착취의 손아귀,결의,정밀,165,89,53.94
TOP,트런들,집중 공격,정밀,결의,18,7,38.89
TOP,트런들,착취의 손아귀,결의,정밀,5,2,40.0
TOP,트런들,치명적 속도,정밀,결의,78,39,50.0
TOP,트런들,치명적 속도,정밀,마법,11,8,72.73
TOP,트리스타나,집중 공격,정밀,결의,18,9,50.0
TOP,트리스타나,집중 공격,정밀,영감,12,8,66.67
TOP,트리스타나,치명적 속도,정밀,결의,9,5,55.56
TOP,트리스타나,치명적 속도,정밀,영감,14,6,42.86
TOP,트린다미어,기민한 발놀림,정밀,결의,8,4,50.0
TOP,트린다미어,착취의 손아귀,결의,정밀,184,89,48.37
TOP,트린다미어,치명적 속도,정밀,결의,89,45,50.56
TOP,트린다미어,치명적 속도,정밀,영감,6,3,50.0
TOP,트린다미어,칼날비,지배,결의,7,3,42.86
TOP,트린다미어,칼날비,지배,마법,7,3,42.86
TOP,트린다미어,칼날비,지배,영감,36,14,38.89
TOP,트린다미어,칼날비,지배,정밀,360,167,46.39
TOP,트위스티드 페이트,기민한 발놀림,정밀,결의,9,3,33.33
TOP,트위스티드 페이트,기민한 발놀림,정밀,마법,11,6,54.55
TOP,트위스티드 페이트,기민한 발놀림,정밀,영감,6,3,50.0
TOP,트위스티드 페이트,봉인 풀린 주문서,영감,결의,5,3,60.0
TOP,트위스티드 페이트,치명적 속도,정밀,마법,9,7,77.78
TOP,티모,기민한 발놀림,정밀,결의,7,3,42.86
TOP,티모,기민한 발놀림,정밀,마법,16,9,56.25
TOP,티모,어둠의 수확,지배,정밀,8,2,25.0
TOP,티모,집중 공격,정밀,결의,516,263,50.97
TOP,티모,집중 공격,정밀,마법,38,24,63.16
TOP,티모,집중 공격,정밀,지배,6,2,33.33
TOP,티모,착취의 손아귀,결의,정밀,5,3,60.0
TOP,티모,착취의 손아귀,결의,지배,5,2,40.0
TOP,티모,콩콩이 소환,마법,결의,9,4,44.44
TOP,티모,콩콩이 소환,마법,지배,5,1,20.0
TOP,판테온,감전,지배,마법,19,11,57.89
TOP,판테온,감전,지배,영감,23,12,52.17
TOP,판테온,정복자,정밀,결의,197,101,51.27
TOP,판테온,정복자,정밀,마법,414,188,45.41
TOP,판테온,정복자,정밀,영감,102,54,52.94
TOP,판테온,집중 공격,정밀,마법,39,21,53.85
TOP,판테온,집중 공격,정밀,영감,15,5,33.33
TOP,피들스틱,신비로운 유성,마법,결의,20,10,50.0
TOP,피들스틱,신비로운 유성,마법,영감,6,2,33.33
TOP,피들스틱,신비로운 유성,마법,지배,21,6,28.57
TOP,피오라,기민한 발놀림,정밀,결의,6,1,16.67
TOP,피오라,난입,마법,영감,30,15,50.0
TOP,피오라,정복자,정밀,결의,463,247,53.35
TOP,피오라,정복자,정밀,마법,10,5,50.0
TOP,피오라,정복자,정밀,영감,185,94,50.81
TOP,피오라,정복자,정밀,지배,7,2,28.57
TOP,피오라,집중 공격,정밀,결의,260,132,50.77
TOP,피오라,집중 공격,정밀,마법,108,60,55.56
TOP,피오라,집중 공격,정밀,영감,963,490,50.88
TOP,피오라,집중 공격,정밀,지배,53,23,43.4
TOP,피오라,착취의 손아귀,결의,마법,161,71,44.1
TOP,피오라,착취의 손아귀,결의,영감,524,293,55.92
TOP,피오라,착취의 손아귀,결의,정밀,16,7,43.75
TOP,피오라,착취의 손아귀,결의,지배,62,36,58.06
TOP,피즈,감전,지배,마법,9,2,22.22
TOP,하이머딩거,선제공격,영감,마법,23,12,52.17
TOP,하이머딩거,신비로운 유성,마법,영감,18,11,61.11
TOP,하이머딩거,신비로운 유성,마법,정밀,16,7,43.75
TOP,하이머딩거,신비로운 유성,마법,지배,23,8,34.78
TOP,하이머딩거,정복자,정밀,결의,18,9,50.0
TOP,하이머딩거,정복자,정밀,마법,205,105,51.22
TOP,하이머딩거,정복자,정밀,영감,27,13,48.15
UTILITY,갈리오,난입,마법,결의,8,5,62.5
UTILITY,갈리오,봉인 풀린 주문서,영감,결의,7,3,42.86
UTILITY,갈리오,봉인 풀린 주문서,영감,마법,18,10,55.56
UTILITY,갈리오,빙결 강화,영감,마법,19,11,57.89
UTILITY,갈리오,여진,결의,마법,105,55,52.38
UTILITY,갈리오,여진,결의,영감,28,11,39.29
UTILITY,갈리오,여진,결의,지배,16,8,50.0
UTILITY,그라가스,난입,마법,영감,16,14,87.5
UTILITY,그라가스,봉인 풀린 주문서,영감,결의,9,1,11.11
UTILITY,그라가스,신비로운 유성,마법,영감,11,7,63.64
UTILITY,그라가스,여진,결의,영감,31,16,51.61
UTILITY,그라가스,여진,결의,지배,5,2,40.0
UTILITY,나미,감전,지배,마법,7,2,28.57
UTILITY,나미,콩콩이 소환,마법,결의,642,297,46.26
UTILITY,나미,콩콩이 소환,마법,영감,784,409,52.17
UTILITY,나미,콩콩이 소환,마법,정밀,49,19,38.78
UTILITY,나미,콩콩이 소환,마법,지배,11,8,72.73
UTILITY,노틸러스,감전,지배,결의,21,10,47.62
UTILITY,노틸러스,감전,지배,영감,6,1,16.67
UTILITY,노틸러스,봉인 풀린 주문서,영감,결의,466,219,47.0
UTILITY,노틸러스,봉인 풀린 주문서,영감,마법,12,5,41.67
UTILITY,노틸러스,봉인 풀린 주문서,영감,지배,15,7,46.67
UTILITY,노틸러스,빙결 강화,영감,결의,609,308,50.57
UTILITY,노틸러스,빙결 강화,영감,마법,16,11,68.75
UTILITY,노틸러스,빙결 강화,영감,지배,21,10,47.62
UTILITY,노틸러스,수호자,결의,영감,14,6,42.86
UTILITY,노틸러스,여진,결의,영감,5592,2748,49.14
UTILITY,노틸러스,여진,결의,정밀,180,85,47.22
UTILITY,노틸러스,여진,결의,지배,890,485,54.49
UTILITY,노틸러스,칼날비,지배,결의,5,3,60.0
UTILITY,녹턴,정복자,정밀,영감,5,2,40.0
UTILITY,누누와 윌럼프,감전,지배,마법,6,5,83.33
UTILITY,누누와 윌럼프,감전,지배,영감,5,1,20.0
UTILITY,누누와 윌럼프,어둠의 수확,지배,마법,5,2,40.0
UTILITY,니달리,착취의 손아귀,결의,마법,8,3,37.5
UTILITY,니달리,착취의 손아귀,결의,영감,22,9,40.91
UTILITY,니달리,착취의 손아귀,결의,정밀,7,4,57.14
UTILITY,니달리,착취의 손아귀,결의,지배,383,187,48.83
UTILITY,니달리,콩콩이 소환,마법,결의,37,20,54.05
UTILITY,니달리,콩콩이 소환,마법,지배,29,13,44.83
UTILITY,니코,감전,지배,마법,11,6,54.55
UTILITY,니코,신비로운 유성,마법,결의,156,85,54.49
UTILITY,니코,신비로운 유성,마법,영감,2313,1200,51.88
UTILITY,니코,신비로운 유성,마법,지배,647,330,51.0
UTILITY,니코,칼날비,지배,영감,14,7,50.0
UTILITY,니코,콩콩이 소환,마법,지배,5,0,0.0
UTILITY,라칸,감전,지배,결의,6,3,50.0
UTILITY,라칸,감전,지배,마법,24,12,50.0
UTILITY,라칸,감전,지배,영감,74,41,55.41
UTILITY,라칸,봉인 풀린 주문서,영감,결의,210,106,50.48
UTILITY,라칸,봉인 풀린 주문서,영감,마법,45,26,57.78
UTILITY,라칸,봉인 풀린 주문서,영감,지배,1400,700,50.0
UTILITY,라칸,빙결 강화,영감,결의,7,4,57.14
UTILITY,라칸,빙결 강화,영감,지배,36,20,55.56
UTILITY,라칸,수호자,결의,마법,126,56,44.44
UTILITY,라칸,수호자,결의,영감,76,30,39.47
UTILITY,라칸,수호자,결의,지배,2323,1200,51.66
UTILITY,라칸,여진,결의,지배,5,2,40.0
UTILITY,라칸,콩콩이 소환,마법,영감,7,3,42.86
UTILITY,라칸,콩콩이 소환,마법,지배,9,5,55.56
UTILITY,람머스,감전,지배,마법,9,3,33.33
UTILITY,람머스,여진,결의,마법,88,44,50.0
UTILITY,람머스,여진,결의,영감,19,9,47.37
UTILITY,람머스,여진,결의,정밀,48,20,41.67
UTILITY,람머스,여진,결의,지배,10,4,40.0
UTILITY,럭스,신비로운 유성,마법,결의,31,17,54.84
UTILITY,럭스,신비로운 유성,마법,영감,352,188,53.41
UTILITY,럭스,신비로운 유성,마법,정밀,22,13,59.09
UTILITY,럭스,신비로운 유성,마법,지배,272,134,49.26
UTILITY,럭스,어둠의 수확,지배,마법,13,8,61.54
UTILITY,럭스,콩콩이 소환,마법,영감,7,4,57.14
UTILITY,럼블,신비로운 유성,마법,결의,13,6,46.15
UTILITY,럼블,신비로운 유성,마법,영감,6,4,66.67
UTILITY,럼블,신비로운 유성,마법,지배,8,2,25.0
UTILITY,레나타 글라스크,봉인 풀린 주문서,영감,결의,15,8,53.33
UTILITY,레나타 글라스크,봉인 풀린 주문서,영감,지배,25,12,48.0
UTILITY,레나타 글라스크,수호자,결의,영감,41,23,56.1
UTILITY,레나타 글라스크,수호자,결의,지배,141,71,50.35
UTILITY,레나타 글라스크,콩콩이 소환,마법,결의,18,9,50.0
UTILITY,레오나,봉인 풀린 주문서,영감,결의,248,134,54.03
UTILITY,레오나,봉인 풀린 주문서,영감,마법,5,3,60.0
UTILITY,레오나,봉인 풀린 주문서,영감,지배,13,8,61.54
UTILITY,레오나,빙결 강화,영감,결의,183,99,54.1
UTILITY,레오나,빙결 강화,영감,마법,5,4,80.0
UTILITY,레오나,빙결 강화,영감,지배,34,16,47.06
UTILITY,레오나,여진,결의,영감,2579,1312,50.87
UTILITY,레오나,여진,결의,정밀,164,81,49.39
UTILITY,레오나,여진,결의,지배,1018,531,52.16
UTILITY,레오나,착취의 손아귀,결의,영감,6,1,16.67
UTILITY,렐,감전,지배,영감,53,24,45.28
UTILITY,렐,봉인 풀린 주문서,영감,결의,530,250,47.17
UTILITY,렐,봉인 풀린 주문서,영감,마법,52,26,50.0
UTILITY,렐,봉인 풀린 주문서,영감,지배,9,6,66.67
UTILITY,렐,빙결 강화,영감,결의,148,78,52.7
UTILITY,렐,빙결 강화,영감,마법,115,63,54.78
UTILITY,렐,빙결 강화,영감,지배,7,4,57.14
UTILITY,렐,여진,결의,영감,2739,1442,52.65
UTILITY,렐,여진,결의,정밀,19,10,52.63
UTILITY,렐,여진,결의,지배,32,17,53.12
UTILITY,렝가,감전,지배,영감,32,13,40.62
UTILITY,렝가,신비로운 유성,마법,결의,54,32,59.26
UTILITY,렝가,신비로운 유성,마법,지배,21,11,52.38
UTILITY,룰루,감전,지배,마법,13,7,53.85
UTILITY,룰루,감전,지배,영감,6,2,33.33
UTILITY,룰루,수호자,결의,마법,14,5,35.71
UTILITY,룰루,수호자,결의,영감,118,50,42.37
UTILITY,룰루,신비로운 유성,마법,결의,15,7,46.67
UTILITY,룰루,신비로운 유성,마법,영감,13,7,53.85
UTILITY,룰루,신비로운 유성,마법,정밀,5,2,40.0
UTILITY,룰루,콩콩이 소환,마법,결의,2019,907,44.92
UTILITY,룰루,콩콩이 소환,마법,영감,2824,1363,48.26
UTILITY,룰루,콩콩이 소환,마법,정밀,189,85,44.97
UTILITY,룰루,콩콩이 소환,마법,지배,32,19,59.38
UTILITY,르블랑,감전,지배,결의,6,4,66.67
UTILITY,르블랑,감전,지배,마법,490,227,46.33
UTILITY,르블랑,감전,지배,영감,68,39,57.35
UTILITY,르블랑,감전,지배,정밀,21,12,57.14
UTILITY,르블랑,선제공격,영감,지배,25,17,68.0
UTILITY,리 신,감전,지배,정밀,8,3,37.5
UTILITY,리산드라,신비로운 유성,마법,결의,5,3,60.0
UTILITY,리산드라,신비로운 유성,마법,지배,7,3,42.86
UTILITY,리산드라,여진,결의,지배,10,4,40.0
UTILITY,마오카이,감전,지배,영감,5,1,20.0
UTILITY,마오카이,봉인 풀린 주문서,영감,결의,23,13,56.52
UTILITY,마오카이,봉인 풀린 주문서,영감,지배,6,5,83.33
UTILITY,마오카이,빙결 강화,영감,마법,5,4,80.0
UTILITY,마오카이,여진,결의,영감,1005,537,53.43
UTILITY,마오카이,여진,결의,정밀,7,0,0.0
UTILITY,마오카이,여진,결의,지배,91,49,53.85
UTILITY,말파이트,봉인 풀린 주문서,영감,결의,5,0,0.0
UTILITY,멜,신비로운 유성,마법,영감,86,38,44.19
UTILITY,멜,신비로운 유성,마법,정밀,452,200,44.25
UTILITY,멜,신비로운 유성,마법,지배,43,9,20.93
UTILITY,멜,어둠의 수확,지배,마법,5,1,20.0
UTILITY,모르가나,감전,지배,마법,6,2,33.33
UTILITY,모르가나,봉인 풀린 주문서,영감,결의,5,3,60.0
UTILITY,모르가나,봉인 풀린 주문서,영감,마법,37,26,70.27
UTILITY,모르가나,빙결 강화,영감,결의,6,3,50.0
UTILITY,모르가나,빙결 강화,영감,마법,50,21,42.0
UTILITY,모르가나,빙결 강화,영감,지배,9,5,55.56
UTILITY,모르가나,수호자,결의,마법,5,4,80.0
UTILITY,모르가나,수호자,결의,영감,8,2,25.0
UTILITY,모르가나,신비로운 유성,마법,결의,12,8,66.67
UTILITY,모르가나,신비로운 유성,마법,영감,215,112,52.09
UTILITY,모르가나,신비로운 유성,마법,정밀,7,3,42.86
UTILITY,모르가나,신비로운 유성,마법,지배,209,96,45.93
UTILITY,모르가나,콩콩이 소환,마법,결의,6,1,16.67
UTILITY,모르가나,콩콩이 소환,마법,영감,18,9,50.0
UTILITY,문도 박사,봉인 풀린 주문서,영감,마법,5,3,60.0
UTILITY,문도 박사,신비로운 유성,마법,영감,6,1,16.67
UTILITY,밀리오,수호자,결의,마법,5,0,0.0
UTILITY,밀리오,수호자,결의,영감,54,28,51.85
UTILITY,밀리오,콩콩이 소환,마법,결의,584,263,45.03
UTILITY,밀리오,콩콩이 소환,마법,영감,350,168,48.0
UTILITY,밀리오,콩콩이 소환,마법,지배,5,2,40.0
UTILITY,바드,감전,지배,결의,1308,693,52.98
UTILITY,바드,감전,지배,마법,1207,603,49.96
UTILITY,바드,감전,지배,영감,337,157,46.59
UTILITY,바드,기민한 발놀림,정밀,지배,12,8,66.67
UTILITY,바드,봉인 풀린 주문서,영감,결의,60,30,50.0
UTILITY,바드,봉인 풀린 주문서,영감,마법,16,9,56.25
UTILITY,바드,봉인 풀린 주문서,영감,지배,365,173,47.4
UTILITY,바드,수호자,결의,영감,135,71,52.59
UTILITY,바드,수호자,결의,지배,260,150,57.69
UTILITY,바드,신비로운 유성,마법,영감,41,21,51.22
UTILITY,바드,신비로운 유성,마법,지배,5,2,40.0
UTILITY,바루스,신비로운 유성,마법,영감,5,1,20.0
UTILITY,바이,칼날비,지배,결의,5,4,80.0
UTILITY,바이,칼날비,지배,영감,6,4,66.67
UTILITY,베이가,선제공격,영감,마법,6,1,16.67
UTILITY,베이가,신비로운 유성,마법,결의,13,4,30.77
UTILITY,베이가,신비로운 유성,마법,영감,7,4,57.14
UTILITY,베이가,신비로운 유성,마법,정밀,15,7,46.67
UTILITY,베이가,신비로운 유성,마법,지배,7,3,42.86
UTILITY,베이가,콩콩이 소환,마법,결의,6,5,83.33
UTILITY,베이가,콩콩이 소환,마법,영감,9,2,22.22
UTILITY,베이가,콩콩이 소환,마법,지배,5,2,40.0
UTILITY,베인,기민한 발놀림,정밀,지배,30,16,53.33
UTILITY,벨베스,집중 공격,정밀,지배,5,4,80.0
UTILITY,벨코즈,선제공격,영감,마법,14,6,42.86
UTILITY,벨코즈,신비로운 유성,마법,결의,24,12,50.0
UTILITY,벨코즈,신비로운 유성,마법,영감,98,53,54.08
UTILITY,벨코즈,신비로운 유성,마법,정밀,64,30,46.88
UTILITY,벨코즈,신비로운 유성,마법,지배,239,124,51.88
UTILITY,벨코즈,어둠의 수확,지배,마법,5,3,60.0
UTILITY,브라움,봉인 풀린 주문서,영감,결의,1502,798,53.13
UTILITY,브라움,봉인 풀린 주문서,영감,마법,14,7,50.0
UTILITY,브라움,봉인 풀린 주문서,영감,지배,31,19,61.29
UTILITY,브라움,수호자,결의,마법,6,4,66.67
UTILITY,브라움,수호자,결의,영감,5413,2803,51.78
UTILITY,브라움,수호자,결의,정밀,238,123,51.68
UTILITY,브라움,수호자,결의,지배,53,27,50.94
UTILITY,브라움,여진,결의,영감,119,50,42.02
UTILITY,브라움,칼날비,지배,결의,10,3,30.0
UTILITY,브라움,칼날비,지배,영감,7,4,57.14
UTILITY,브랜드,신비로운 유성,마법,결의,24,14,58.33
UTILITY,브랜드,신비로운 유성,마법,영감,22,15,68.18
UTILITY,브랜드,신비로운 유성,마법,정밀,28,10,35.71
UTILITY,브랜드,신비로운 유성,마법,지배,11,4,36.36
UTILITY,브랜드,어둠의 수확,지배,마법,28,11,39.29
UTILITY,블리츠크랭크,감전,지배,마법,9,5,55.56
UTILITY,블리츠크랭크,감전,지배,영감,11,3,27.27
UTILITY,블리츠크랭크,봉인 풀린 주문서,영감,결의,94,45,47.87
UTILITY,블리츠크랭크,봉인 풀린 주문서,영감,마법,487,239,49.08
UTILITY,블리츠크랭크,빙결 강화,영감,결의,270,138,51.11
UTILITY,블리츠크랭크,빙결 강화,영감,마법,1494,781,52.28
UTILITY,블리츠크랭크,빙결 강화,영감,지배,30,18,60.0
UTILITY,블리츠크랭크,수호자,결의,영감,7,3,42.86
UTILITY,블리츠크랭크,수호자,결의,지배,5,3,60.0
UTILITY,블리츠크랭크,여진,결의,마법,19,7,36.84
UTILITY,블리츠크랭크,여진,결의,영감,420,179,42.62
UTILITY,블리츠크랭크,여진,결의,지배,11,4,36.36
UTILITY,블리츠크랭크,칼날비,지배,마법,5,1,20.0
UTILITY,블리츠크랭크,칼날비,지배,영감,8,4,50.0
UTILITY,뽀삐,감전,지배,결의,7,2,28.57
UTILITY,뽀삐,감전,지배,영감,15,10,66.67
UTILITY,뽀삐,난입,마법,영감,16,8,50.0
UTILITY,뽀삐,난입,마법,지배,11,5,45.45
UTILITY,뽀삐,봉인 풀린 주문서,영감,결의,678,390,57.52
UTILITY,뽀삐,봉인 풀린 주문서,영감,마법,26,10,38.46
UTILITY,뽀삐,봉인 풀린 주문서,영감,지배,130,70,53.85
UTILITY,뽀삐,빙결 강화,영감,결의,7,3,42.86
UTILITY,뽀삐,여진,결의,영감,798,401,50.25
UTILITY,뽀삐,여진,결의,지배,70,35,50.0
UTILITY,뽀삐,칼날비,지배,결의,28,15,53.57
UTILITY,뽀삐,칼날비,지배,영감,361,186,51.52
UTILITY,뽀삐,칼날비,지배,정밀,20,7,35.0
UTILITY,사이온,빙결 강화,영감,결의,10,5,50.0
UTILITY,사일러스,감전,지배,결의,124,72,58.06
UTILITY,사일러스,감전,지배,마법,44,16,36.36
UTILITY,사일러스,감전,지배,영감,187,94,50.27
UTILITY,사일러스,감전,지배,정밀,58,25,43.1
UTILITY,사일러스,선제공격,영감,지배,12,6,50.0
UTILITY,사일러스,어둠의 수확,지배,영감,12,7,58.33
UTILITY,사일러스,정복자,정밀,결의,13,4,30.77
UTILITY,사일러스,정복자,정밀,영감,11,3,27.27
UTILITY,샤코,봉인 풀린 주문서,영감,마법,8,2,25.0
UTILITY,샤코,선제공격,영감,마법,18,13,72.22
UTILITY,샤코,선제공격,영감,정밀,5,0,0.0
UTILITY,샤코,선제공격,영감,지배,6,3,50.0
UTILITY,샤코,신비로운 유성,마법,영감,80,40,50.0
UTILITY,샤코,신비로운 유성,마법,정밀,5,2,40.0
UTILITY,샤코,신비로운 유성,마법,지배,51,23,45.1
UTILITY,샤코,어둠의 수확,지배,마법,25,12,48.0
UTILITY,샤코,칼날비,지배,마법,70,30,42.86
UTILITY,샤코,칼날비,지배,영감,30,12,40.0
UTILITY,샤코,칼날비,지배,정밀,38,15,39.47
UTILITY,세나,기민한 발놀림,정밀,결의,112,55,49.11
UTILITY,세나,기민한 발놀림,정밀,마법,100,66,66.0
UTILITY,세나,기민한 발놀림,정밀,영감,83,42,50.6
UTILITY,세나,선제공격,영감,마법,11,4,36.36
UTILITY,세나,선제공격,영감,정밀,6,1,16.67
UTILITY,세나,착취의 손아귀,결의,마법,6,4,66.67
UTILITY,세나,착취의 손아귀,결의,영감,28,17,60.71
UTILITY,세나,착취의 손아귀,결의,정밀,501,262,52.3
UTILITY,세나,치명적 속도,정밀,영감,9,4,44.44
UTILITY,세나,콩콩이 소환,마법,결의,180,102,56.67
UTILITY,세나,콩콩이 소환,마법,영감,7,3,42.86
UTILITY,세나,콩콩이 소환,마법,정밀,32,15,46.88
UTILITY,세라핀,수호자,결의,마법,179,95,53.07
UTILITY,세라핀,수호자,결의,영감,19,7,36.84
UTILITY,세라핀,신비로운 유성,마법,결의,12,4,33.33
UTILITY,세라핀,신비로운 유성,마법,영감,37,15,40.54
UTILITY,세라핀,신비로운 유성,마법,정밀,34,15,44.12
UTILITY,세라핀,콩콩이 소환,마법,결의,716,303,42.32
UTILITY,세라핀,콩콩이 소환,마법,영감,195,93,47.69
UTILITY,세라핀,콩콩이 소환,마법,정밀,31,13,41.94
UTILITY,세주아니,여진,결의,영감,7,5,71.43
UTILITY,세트,봉인 풀린 주문서,영감,마법,6,5,83.33
UTILITY,세트,빙결 강화,영감,마법,8,2,25.0
UTILITY,세트,여진,결의,영감,6,2,33.33
UTILITY,세트,칼날비,지배,영감,15,6,40.0
UTILITY,소나,수호자,결의,마법,6,4,66.67
UTILITY,소나,콩콩이 소환,마법,결의,476,207,43.49
UTILITY,소나,콩콩이 소환,마법,영감,493,258,52.33
UTILITY,소나,콩콩이 소환,마법,정밀,149,67,44.97
UTILITY,소라카,수호자,결의,마법,59,30,50.85
UTILITY,소라카,수호자,결의,영감,114,65,57.02
UTILITY,소라카,신비로운 유성,마법,결의,14,9,64.29
UTILITY,소라카,콩콩이 소환,마법,결의,579,283,48.88
UTILITY,소라카,콩콩이 소환,마법,영감,84,29,34.52
UTILITY,소라카,콩콩이 소환,마법,지배,79,49,62.03
UTILITY,쉔,봉인 풀린 주문서,영감,지배,9,5,55.56
UTILITY,쉔,수호자,결의,지배,56,26,46.43
UTILITY,쉔,여진,결의,영감,15,4,26.67
UTILITY,쉔,여진,결의,지배,112,57,50.89
UTILITY,쉔,착취의 손아귀,결의,영감,6,4,66.67
UTILITY,스웨인,감전,지배,결의,99,42,42.42
UTILITY,스웨인,감전,지배,마법,41,17,41.46
UTILITY,스웨인,감전,지배,영감,68,39,57.35
UTILITY,스웨인,감전,지배,정밀,113,44,38.94
UTILITY,스웨인,난입,마법,영감,5,2,40.0
UTILITY,스웨인,봉인 풀린 주문서,영감,마법,5,3,60.0
UTILITY,스웨인,빙결 강화,영감,결의,95,48,50.53
UTILITY,스웨인,빙결 강화,영감,마법,6,2,33.33
UTILITY,스웨인,빙결 강화,영감,지배,6,5,83.33
UTILITY,스웨인,어둠의 수확,지배,정밀,5,2,40.0
UTILITY,스웨인,정복자,정밀,결의,76,35,46.05
UTILITY,스웨인,정복자,정밀,마법,26,17,65.38
UTILITY,스웨인,정복자,정밀,영감,12,3,25.0
UTILITY,스웨인,콩콩이 소환,마법,결의,5,1,20.0
UTILITY,스카너,신비로운 유성,마법,결의,14,6,42.86
UTILITY,스카너,신비로운 유성,마법,영감,43,21,48.84
UTILITY,스카너,신비로운 유성,마법,지배,7,5,71.43
UTILITY,스카너,여진,결의,영감,9,4,44.44
UTILITY,스카너,칼날비,지배,결의,8,4,50.0
UTILITY,스카너,칼날비,지배,영감,45,25,55.56
UTILITY,신 짜오,칼날비,지배,정밀,5,2,40.0
UTILITY,신드라,선제공격,영감,마법,5,2,40.0
UTILITY,신드라,콩콩이 소환,마법,정밀,5,3,60.0
UTILITY,신지드,봉인 풀린 주문서,영감,마법,6,2,33.33
UTILITY,쓰레쉬,감전,지배,결의,47,26,55.32
UTILITY,쓰레쉬,봉인 풀린 주문서,영감,결의,460,239,51.96
UTILITY,쓰레쉬,봉인 풀린 주문서,영감,마법,16,7,43.75
UTILITY,쓰레쉬,봉인 풀린 주문서,영감,지배,20,9,45.0
UTILITY,쓰레쉬,빙결 강화,영감,결의,769,395,51.37
UTILITY,쓰레쉬,빙결 강화,영감,마법,17,6,35.29
UTILITY,쓰레쉬,빙결 강화,영감,지배,80,41,51.25
UTILITY,쓰레쉬,수호자,결의,마법,11,7,63.64
UTILITY,쓰레쉬,수호자,결의,영감,239,127,53.14
UTILITY,쓰레쉬,수호자,결의,지배,35,20,57.14
UTILITY,쓰레쉬,여진,결의,마법,28,17,60.71
UTILITY,쓰레쉬,여진,결의,영감,4351,2232,51.3
UTILITY,쓰레쉬,여진,결의,정밀,5,3,60.0
UTILITY,쓰레쉬,여진,결의,지배,327,151,46.18
UTILITY,아리,감전,지배,영감,5,1,20.0
UTILITY,아리,선제공격,영감,마법,8,2,25.0
UTILITY,아무무,빙결 강화,영감,지배,35,21,60.0
UTILITY,아무무,여진,결의,영감,6,0,0.0
UTILITY,아무무,여진,결의,지배,56,27,48.21
UTILITY,아이번,콩콩이 소환,마법,결의,15,10,66.67
UTILITY,아지르,선제공격,영감,마법,6,2,33.33
UTILITY,알리스타,감전,지배,마법,5,3,60.0
UTILITY,알리스타,감전,지배,영감,73,43,58.9
UTILITY,알리스타,난입,마법,결의,16,11,68.75
UTILITY,알리스타,난입,마법,영감,358,182,50.84
UTILITY,알리스타,봉인 풀린 주문서,영감,결의,412,203,49.27
UTILITY,알리스타,봉인 풀린 주문서,영감,마법,1460,787,53.9
UTILITY,알리스타,봉인 풀린 주문서,영감,지배,8,3,37.5
UTILITY,알리스타,빙결 강화,영감,결의,213,96,45.07
UTILITY,알리스타,빙결 강화,영감,마법,376,202,53.72
UTILITY,알리스타,수호자,결의,영감,6,3,50.0
UTILITY,알리스타,여진,결의,마법,165,85,51.52
UTILITY,알리스타,여진,결의,영감,1572,783,49.81
UTILITY,알리스타,여진,결의,지배,44,26,59.09
UTILITY,애니비아,감전,지배,결의,9,5,55.56
UTILITY,애니비아,감전,지배,마법,19,11,57.89
UTILITY,애니비아,감전,지배,영감,11,4,36.36
UTILITY,애니비아,감전,지배,정밀,170,92,54.12
UTILITY,애니비아,난입,마법,영감,6,4,66.67
UTILITY,애니비아,빙결 강화,영감,마법,9,7,77.78
UTILITY,애니비아,빙결 강화,영감,정밀,5,2,40.0
UTILITY,애니비아,신비로운 유성,마법,영감,6,5,83.33
UTILITY,애니비아,신비로운 유성,마법,정밀,12,5,41.67
UTILITY,애쉬,신비로운 유성,마법,지배,7,4,57.14
UTILITY,애쉬,칼날비,지배,영감,63,35,55.56
UTILITY,에코,칼날비,지배,마법,9,4,44.44
UTILITY,에코,칼날비,지배,영감,8,6,75.0
UTILITY,엘리스,감전,지배,결의,61,29,47.54
UTILITY,엘리스,감전,지배,마법,478,262,54.81
UTILITY,엘리스,감전,지배,영감,209,110,52.63
UTILITY,엘리스,감전,지배,정밀,1401,712,50.82
UTILITY,엘리스,어둠의 수확,지배,마법,8,6,75.0
UTILITY,엘리스,어둠의 수확,지배,영감,5,3,60.0
UTILITY,엘리스,어둠의 수확,지배,정밀,43,18,41.86
UTILITY,오공,감전,지배,영감,12,5,41.67
UTILITY,오공,정복자,정밀,영감,6,2,33.33
UTILITY,오리아나,콩콩이 소환,마법,결의,8,4,50.0
UTILITY,오리아나,콩콩이 소환,마법,정밀,14,7,50.0
UTILITY,우디르,착취의 손아귀,결의,마법,6,4,66.67
UTILITY,우디르,착취의 손아귀,결의,영감,7,4,57.14
UTILITY,유미,선제공격,영감,마법,18,8,44.44
UTILITY,유미,신비로운 유성,마법,결의,11,6,54.55
UTILITY,유미,신비로운 유성,마법,정밀,48,18,37.5
UTILITY,유미,콩콩이 소환,마법,결의,1513,678,44.81
UTILITY,유미,콩콩이 소환,마법,영감,55,22,40.0
UTILITY,유미,콩콩이 소환,마법,정밀,232,92,39.66
UTILITY,유미,콩콩이 소환,마법,지배,5,0,0.0
UTILITY,자르반 4세,감전,지배,결의,12,6,50.0
UTILITY,자르반 4세,감전,지배,정밀,9,3,33.33
UTILITY,자르반 4세,치명적 속도,정밀,영감,15,10,66.67
UTILITY,자르반 4세,콩콩이 소환,마법,영감,18,13,72.22
UTILITY,자르반 4세,콩콩이 소환,마법,정밀,5,3,60.0
UTILITY,자이라,감전,지배,마법,137,73,53.28
UTILITY,자이라,신비로운 유성,마법,결의,9,1,11.11
UTILITY,자이라,신비로운 유성,마법,영감,67,31,46.27
UTILITY,자이라,신비로운 유성,마법,정밀,26,11,42.31
UTILITY,자이라,신비로운 유성,마법,지배,141,62,43.97
UTILITY,자크,빙결 강화,영감,결의,5,2,40.0
UTILITY,자크,여진,결의,영감,43,18,41.86
UTILITY,자크,여진,결의,정밀,37,19,51.35
UTILITY,자크,여진,결의,지배,8,5,62.5
UTILITY,잔나,빙결 강화,영감,결의,213,115,53.99
UTILITY,잔나,빙결 강화,영감,마법,11,4,36.36
UTILITY,잔나,신비로운 유성,마법,결의,12,7,58.33
UTILITY,잔나,신비로운 유성,마법,정밀,8,5,62.5
UTILITY,잔나,신비로운 유성,마법,지배,152,73,48.03
UTILITY,잔나,콩콩이 소환,마법,결의,124,64,51.61
UTILITY,잔나,콩콩이 소환,마법,영감,23,13,56.52
UTILITY,잔나,콩콩이 소환,마법,정밀,20,13,65.0
UTILITY,잔나,콩콩이 소환,마법,지배,68,33,48.53
UTILITY,잭스,난입,마법,지배,5,5,100.0
UTILITY,잭스,칼날비,지배,마법,5,4,80.0
UTILITY,제라스,선제공격,영감,마법,60,22,36.67
UTILITY,제라스,신비로운 유성,마법,영감,77,37,48.05
UTILITY,제라스,신비로운 유성,마법,정밀,151,61,40.4
UTILITY,제라스,신비로운 유성,마법,지배,12,3,25.0
UTILITY,제라스,어둠의 수확,지배,마법,13,6,46.15
UTILITY,제이스,감전,지배,영감,15,13,86.67
UTILITY,조이,감전,지배,마법,159,82,51.57
UTILITY,조이,감전,지배,영감,9,6,66.67
UTILITY,조이,봉인 풀린 주문서,영감,마법,10,4,40.0
UTILITY,조이,어둠의 수확,지배,마법,5,3,60.0
UTILITY,조이,콩콩이 소환,마법,영감,7,1,14.29
UTILITY,조이,콩콩이 소환,마법,지배,7,4,57.14
UTILITY,직스,신비로운 유성,마법,영감,5,2,40.0
UTILITY,진,어둠의 수확,지배,영감,9,6,66.67
UTILITY,질리언,감전,지배,마법,11,4,36.36
UTILITY,질리언,봉인 풀린 주문서,영감,결의,11,5,45.45
UTILITY,질리언,봉인 풀린 주문서,영감,마법,28,13,46.43
UTILITY,질리언,빙결 강화,영감,마법,8,2,25.0
UTILITY,질리언,빙결 강화,영감,지배,23,16,69.57
UTILITY,질리언,수호자,결의,마법,26,11,42.31
UTILITY,질리언,수호자,결의,영감,18,9,50.0
UTILITY,질리언,수호자,결의,정밀,9,8,88.89
UTILITY,질리언,수호자,결의,지배,11,6,54.55
UTILITY,질리언,신비로운 유성,마법,영감,34,14,41.18
UTILITY,질리언,콩콩이 소환,마법,결의,21,11,52.38
UTILITY,질리언,콩콩이 소환,마법,영감,152,78,51.32
UTILITY,질리언,콩콩이 소환,마법,정밀,72,34,47.22
UTILITY,질리언,콩콩이 소환,마법,지배,135,81,60.0
UTILITY,카르마,선제공격,영감,마법,6,3,50.0
UTILITY,카르마,신비로운 유성,마법,결의,530,275,51.89
UTILITY,카르마,신비로운 유성,마법,영감,2132,1048,49.16
UTILITY,카르마,신비로운 유성,마법,정밀,32,17,53.12
UTILITY,카르마,신비로운 유성,마법,지배,362,151,41.71
UTILITY,카르마,콩콩이 소환,마법,결의,1110,505,45.5
UTILITY,카르마,콩콩이 소환,마법,영감,305,151,49.51
UTILITY,카르마,콩콩이 소환,마법,지배,32,17,53.12
UTILITY,카밀,칼날비,지배,결의,166,69,41.57
UTILITY,카밀,칼날비,지배,영감,68,47,69.12
UTILITY,카밀,칼날비,지배,정밀,10,4,40.0
UTILITY,카서스,어둠의 수확,지배,정밀,6,3,50.0
UTILITY,카시오페아,감전,지배,마법,24,15,62.5
UTILITY,케넨,감전,지배,결의,6,2,33.33
UTILITY,케넨,감전,지배,마법,14,8,57.14
UTILITY,케넨,감전,지배,영감,58,37,63.79
UTILITY,케이틀린,어둠의 수확,지배,정밀,8,3,37.5
UTILITY,코그모,신비로운 유성,마법,정밀,5,5,100.0
UTILITY,크산테,여진,결의,영감,34,15,44.12
UTILITY,크산테,여진,결의,지배,16,5,31.25
UTILITY,키아나,감전,지배,영감,15,7,46.67
UTILITY,키아나,감전,지배,정밀,25,11,44.0
UTILITY,타릭,봉인 풀린 주문서,영감,결의,6,2,33.33
UTILITY,타릭,봉인 풀린 주문서,영감,정밀,7,3,42.86
UTILITY,타릭,빙결 강화,영감,결의,890,453,50.9
UTILITY,타릭,빙결 강화,영감,마법,8,5,62.5
UTILITY,타릭,빙결 강화,영감,정밀,19,5,26.32
UTILITY,타릭,빙결 강화,영감,지배,11,7,63.64
UTILITY,타릭,수호자,결의,영감,14,4,28.57
UTILITY,타릭,수호자,결의,정밀,8,5,62.5
UTILITY,타릭,수호자,결의,지배,17,8,47.06
UTILITY,타릭,여진,결의,정밀,38,23,60.53
UTILITY,타릭,여진,결의,지배,6,5,83.33
UTILITY,탈리야,감전,지배,마법,55,31,56.36
UTILITY,탐 켄치,봉인 풀린 주문서,영감,결의,31,16,51.61
UTILITY,탐 켄치,수호자,결의,마법,5,4,80.0
UTILITY,탐 켄치,수호자,결의,영감,118,58,49.15
UTILITY,탐 켄치,수호자,결의,정밀,7,4,57.14
UTILITY,탐 켄치,수호자,결의,지배,20,9,45.0
UTILITY,탐 켄치,착취의 손아귀,결의,영감,13,5,38.46
UTILITY,탐 켄치,착취의 손아귀,결의,정밀,61,29,47.54
UTILITY,탐 켄치,착취의 손아귀,결의,지배,17,6,35.29
UTILITY,탐 켄치,칼날비,지배,결의,5,2,40.0
UTILITY,트런들,치명적 속도,정밀,영감,7,3,42.86
UTILITY,트위스티드 페이트,봉인 풀린 주문서,영감,마법,10,4,40.0
UTILITY,트위스티드 페이트,빙결 강화,영감,마법,5,2,40.0
UTILITY,트위치,집중 공격,정밀,영감,7,3,42.86
UTILITY,트위치,집중 공격,정밀,지배,38,16,42.11
UTILITY,트위치,칼날비,지배,영감,5,3,60.0
UTILITY,트위치,칼날비,지배,정밀,9,4,44.44
UTILITY,티모,어둠의 수확,지배,마법,6,4,66.67
UTILITY,파이크,감전,지배,마법,6,5,83.33
UTILITY,파이크,빙결 강화,영감,결의,13,6,46.15
UTILITY,파이크,빙결 강화,영감,마법,6,3,50.0
UTILITY,파이크,빙결 강화,영감,지배,12,5,41.67
UTILITY,파이크,여진,결의,지배,22,12,54.55
UTILITY,파이크,칼날비,지배,결의,1701,835,49.09
UTILITY,파이크,칼날비,지배,마법,626,309,49.36
UTILITY,파이크,칼날비,지배,영감,520,263,50.58
UTILITY,파이크,칼날비,지배,정밀,13,7,53.85
UTILITY,판테온,감전,지배,결의,21,17,80.95
UTILITY,판테온,감전,지배,마법,9,4,44.44
UTILITY,판테온,감전,지배,영감,114,45,39.47
UTILITY,판테온,감전,지배,정밀,24,11,45.83
UTILITY,판테온,정복자,정밀,결의,37,20,54.05
UTILITY,판테온,정복자,정밀,마법,8,3,37.5
UTILITY,판테온,정복자,정밀,영감,157,79,50.32
UTILITY,판테온,정복자,정밀,지배,446,226,50.67
UTILITY,판테온,집중 공격,정밀,결의,8,6,75.0
UTILITY,판테온,집중 공격,정밀,영감,63,30,47.62
UTILITY,판테온,집중 공격,정밀,지배,174,77,44.25
UTILITY,피들스틱,선제공격,영감,지배,6,1,16.67
UTILITY,피들스틱,신비로운 유성,마법,결의,65,33,50.77
UTILITY,피들스틱,신비로운 유성,마법,영감,16,8,50.0
UTILITY,피들스틱,신비로운 유성,마법,지배,151,76,50.33
UTILITY,피들스틱,어둠의 수확,지배,마법,9,4,44.44
UTILITY,피들스틱,여진,결의,마법,7,4,57.14
UTILITY,피들스틱,여진,결의,영감,11,4,36.36
UTILITY,피들스틱,여진,결의,지배,7,2,28.57
UTILITY,하이머딩거,선제공격,영감,마법,18,9,50.0
UTILITY,하이머딩거,신비로운 유성,마법,영감,54,25,46.3
UTILITY,하이머딩거,신비로운 유성,마법,정밀,20,12,60.0
UTILITY,하이머딩거,신비로운 유성,마법,지배,13,4,30.77
UTILITY,하이머딩거,정복자,정밀,영감,15,8,53.33
UTILITY,흐웨이,신비로운 유성,마법,영감,13,10,76.92
UTILITY,흐웨이,신비로운 유성,마법,정밀,62,33,53.23
UTILITY,흐웨이,콩콩이 소환,마법,정밀,12,6,50.0
