position,champion,game_time,total_games,win_count,win_rate
TOP,나르,0-20분,465,239.0,51.4
JUNGLE,뽀삐,0-20분,69,36.0,52.17
MIDDLE,벡스,0-20분,225,113.0,50.22
BOTTOM,징크스,0-20분,977,530.0,54.25
UTILITY,브라움,0-20분,1516,708.0,46.7
TOP,야스오,0-20분,239,109.0,45.61
JUNGLE,암베사,0-20분,549,224.0,40.8
MIDDLE,신드라,0-20분,567,269.0,47.44
BOTTOM,아펠리오스,0-20분,2672,1304.0,48.8
UTILITY,바드,0-20분,807,402.0,49.81
TOP,스웨인,0-20분,48,24.0,50.0
JUNGLE,리 신,0-20분,2108,1129.0,53.56
MIDDLE,갈리오,0-20분,921,420.0,45.6
BOTTOM,루시안,0-20분,1589,757.0,47.64
UTILITY,유미,0-20분,405,182.0,44.94
TOP,피오라,0-20분,561,307.0,54.72
JUNGLE,탈론,0-20분,394,195.0,49.49
MIDDLE,아리,0-20분,444,222.0,50.0
BOTTOM,유나라,0-20분,1723,866.0,50.26
UTILITY,룰루,0-20분,1112,524.0,47.12
TOP,갈리오,35-40분,20,11.0,55.0
JUNGLE,비에고,35-40분,310,156.0,50.32
MIDDLE,사일러스,35-40분,234,133.0,56.84
BOTTOM,아펠리오스,35-40분,820,432.0,52.68
UTILITY,룰루,35-40분,310,142.0,45.81
TOP,잭스,35-40분,286,155.0,54.2
JUNGLE,신 짜오,35-40분,146,84.0,57.53
MIDDLE,아리,35-40분,162,77.0,47.53
BOTTOM,카이사,35-40분,558,272.0,48.75
UTILITY,엘리스,35-40분,168,85.0,50.6
TOP,럼블,0-20분,932,469.0,50.32
MIDDLE,아칼리,0-20분,1178,620.0,52.63
TOP,크산테,0-20분,895,436.0,48.72
JUNGLE,바이,0-20분,625,272.0,43.52
MIDDLE,르블랑,0-20분,509,291.0,57.17
BOTTOM,카이사,0-20분,1734,825.0,47.58
UTILITY,사일러스,0-20분,103,58.0,56.31
TOP,암베사,20-25분,1176,564.0,47.96
JUNGLE,리 신,20-25분,2211,1168.0,52.83
MIDDLE,라이즈,20-25분,996,525.0,52.71
BOTTOM,제라스,20-25분,20,6.0,30.0
UTILITY,알리스타,20-25분,1105,592.0,53.57
TOP,이렐리아,20-25분,548,288.0,52.55
JUNGLE,제이스,20-25분,1648,853.0,51.76
MIDDLE,아리,20-25분,474,236.0,49.79
BOTTOM,카이사,20-25분,2043,1016.0,49.73
UTILITY,라칸,20-25분,988,487.0,49.29
TOP,판테온,0-20분,170,80.0,47.06
JUNGLE,비에고,0-20분,804,387.0,48.13
MIDDLE,탈리야,0-20분,493,212.0,43.0
BOTTOM,스몰더,0-20분,251,133.0,52.99
UTILITY,알리스타,0-20분,1034,526.0,50.87
TOP,암베사,25-30분,1505,718.0,47.71
JUNGLE,누누와 윌럼프,25-30분,499,266.0,53.31
MIDDLE,나서스,25-30분,17,8.0,47.06
BOTTOM,스몰더,25-30분,388,196.0,50.52
UTILITY,알리스타,25-30분,1375,667.0,48.51
TOP,그웬,25-30분,494,272.0,55.06
JUNGLE,말파이트,25-30분,1077,486.0,45.13
MIDDLE,키아나,25-30분,526,279.0,53.04
BOTTOM,시비르,25-30분,1006,554.0,55.07
UTILITY,뽀삐,25-30분,656,340.0,51.83
TOP,크산테,30-35분,891,418.0,46.91
JUNGLE,제이스,30-35분,1541,777.0,50.42
MIDDLE,애니비아,30-35분,250,127.0,50.8
BOTTOM,이즈리얼,30-35분,1645,743.0,45.17
UTILITY,라칸,30-35분,813,426.0,52.4
TOP,암베사,30-35분,1014,523.0,51.58
JUNGLE,리 신,30-35분,1810,863.0,47.68
MIDDLE,르블랑,30-35분,499,248.0,49.7
BOTTOM,루시안,30-35분,1589,832.0,52.36
UTILITY,엘리스,30-35분,413,191.0,46.25
TOP,룰루,35-40분,10,6.0,60.0
JUNGLE,사일러스,35-40분,171,85.0,49.71
MIDDLE,키아나,35-40분,133,75.0,56.39
BOTTOM,제리,35-40분,100,61.0,61.0
UTILITY,쓰레쉬,35-40분,450,233.0,51.78
TOP,아트록스,35-40분,145,78.0,53.79
JUNGLE,에코,35-40분,295,159.0,53.9
MIDDLE,카타리나,35-40분,215,104.0,48.37
UTILITY,브라움,35-40분,486,283.0,58.23
TOP,럼블,25-30분,1381,763.0,55.25
JUNGLE,마스터 이,25-30분,184,81.0,44.02
MIDDLE,사일러스,25-30분,1250,563.0,45.04
BOTTOM,케이틀린,25-30분,1492,738.0,49.46
UTILITY,바드,25-30분,1091,551.0,50.5
TOP,판테온,25-30분,228,102.0,44.74
JUNGLE,탈론,25-30분,565,294.0,52.04
MIDDLE,조이,25-30분,874,459.0,52.52
BOTTOM,벨코즈,25-30분,120,63.0,52.5
UTILITY,카르마,25-30분,1334,644.0,48.28
TOP,라이즈,0-20분,244,116.0,47.54
MIDDLE,리산드라,0-20분,199,105.0,52.76
TOP,아트록스,0-20분,524,246.0,46.95
JUNGLE,헤카림,0-20분,505,259.0,51.29
UTILITY,노틸러스,0-20분,1644,821.0,49.94
TOP,바루스,30-35분,187,84.0,44.92
JUNGLE,말파이트,30-35분,668,311.0,46.56
MIDDLE,빅토르,30-35분,607,278.0,45.8
BOTTOM,카이사,30-35분,1664,793.0,47.66
UTILITY,마오카이,30-35분,223,117.0,52.47
TOP,잭스,30-35분,871,428.0,49.14
MIDDLE,라이즈,30-35분,799,361.0,45.18
BOTTOM,트리스타나,30-35분,441,231.0,52.38
UTILITY,브라움,30-35분,1378,760.0,55.15
JUNGLE,에코,0-20분,1030,546.0,53.01
MIDDLE,야스오,0-20분,463,227.0,49.03
UTILITY,나미,0-20분,297,127.0,42.76
TOP,요네,0-20분,309,137.0,44.34
JUNGLE,니달리,0-20분,720,395.0,54.86
MIDDLE,키아나,0-20분,390,234.0,60.0
TOP,잭스,0-20분,1007,522.0,51.84
UTILITY,판테온,0-20분,241,124.0,51.45
TOP,갱플랭크,0-20분,513,264.0,51.46
JUNGLE,카직스,0-20분,435,215.0,49.43
MIDDLE,다이애나,0-20분,228,108.0,47.37
BOTTOM,이즈리얼,0-20분,1773,826.0,46.59
UTILITY,니코,0-20분,654,346.0,52.91
TOP,루시안,0-20분,10,1.0,10.0
JUNGLE,그웬,0-20분,406,168.0,41.38
MIDDLE,요네,0-20분,491,232.0,47.25
TOP,티모,0-20분,138,69.0,50.0
JUNGLE,누누와 윌럼프,0-20분,332,182.0,54.82
MIDDLE,트리스타나,0-20분,88,40.0,45.45
BOTTOM,코르키,0-20분,237,118.0,49.79
MIDDLE,아리,30-35분,463,224.0,48.38
BOTTOM,세라핀,30-35분,16,7.0,43.75
UTILITY,잭스,30-35분,6,5.0,83.33
TOP,탐 켄치,30-35분,48,24.0,50.0
JUNGLE,카직스,30-35분,466,230.0,49.36
MIDDLE,누누와 윌럼프,30-35분,68,29.0,42.65
BOTTOM,아펠리오스,30-35분,2380,1267.0,53.24
UTILITY,알리스타,30-35분,874,465.0,53.2
TOP,럼블,20-25분,948,470.0,49.58
JUNGLE,누누와 윌럼프,20-25분,372,210.0,56.45
MIDDLE,아크샨,20-25분,257,131.0,50.97
BOTTOM,이즈리얼,20-25분,1773,889.0,50.14
UTILITY,카르마,20-25분,941,456.0,48.46
TOP,라이즈,20-25분,259,134.0,51.74
JUNGLE,나피리,20-25분,94,41.0,43.62
MIDDLE,니코,20-25분,115,70.0,60.87
BOTTOM,루시안,20-25분,1771,847.0,47.83
UTILITY,엘리스,20-25분,455,243.0,53.41
TOP,사일러스,25-30분,181,99.0,54.7
JUNGLE,판테온,25-30분,129,67.0,51.94
MIDDLE,아칼리,25-30분,1794,849.0,47.32
BOTTOM,진,25-30분,1532,710.0,46.34
TOP,오른,25-30분,246,123.0,50.0
JUNGLE,자이라,25-30분,326,166.0,50.92
MIDDLE,이즈리얼,25-30분,16,8.0,50.0
TOP,말파이트,20-25분,326,173.0,53.07
MIDDLE,이렐리아,20-25분,349,184.0,52.72
TOP,판테온,20-25분,195,99.0,50.77
JUNGLE,에코,20-25분,1060,552.0,52.08
MIDDLE,레넥톤,20-25분,43,22.0,51.16
BOTTOM,케이틀린,20-25분,1066,549.0,51.5
UTILITY,바드,20-25분,783,418.0,53.38
TOP,녹턴,25-30분,67,35.0,52.24
JUNGLE,키아나,25-30분,992,507.0,51.11
MIDDLE,탈리야,25-30분,671,333.0,49.63
BOTTOM,징크스,25-30분,1479,787.0,53.21
UTILITY,쓰레쉬,25-30분,1949,979.0,50.23
TOP,레넥톤,25-30분,1158,582.0,50.26
JUNGLE,사일러스,25-30분,833,421.0,50.54
MIDDLE,제드,25-30분,841,448.0,53.27
BOTTOM,유나라,25-30분,2455,1185.0,48.27
UTILITY,룰루,25-30분,1611,742.0,46.06
JUNGLE,녹턴,25-30분,178,94.0,52.81
MIDDLE,오로라,25-30분,559,259.0,46.33
BOTTOM,이즈리얼,25-30분,2535,1224.0,48.28
UTILITY,마오카이,25-30분,353,186.0,52.69
TOP,리븐,25-30분,369,201.0,54.47
JUNGLE,리 신,25-30분,2969,1513.0,50.96
MIDDLE,오리아나,25-30분,1785,905.0,50.7
BOTTOM,아펠리오스,25-30분,3984,1996.0,50.1
UTILITY,니코,25-30분,924,484.0,52.38
MIDDLE,오리아나,20-25분,1273,645.0,50.67
TOP,요릭,20-25분,172,89.0,51.74
JUNGLE,제드,20-25분,430,196.0,45.58
BOTTOM,아펠리오스,20-25분,3016,1450.0,48.08
UTILITY,브라움,20-25분,1735,885.0,51.01
TOP,신지드,25-30분,411,249.0,60.58
JUNGLE,비에고,25-30분,1193,586.0,49.12
MIDDLE,갈리오,25-30분,1214,592.0,48.76
BOTTOM,트리스타나,25-30분,728,384.0,52.75
UTILITY,라칸,25-30분,1344,704.0,52.38
TOP,잭스,25-30분,1387,713.0,51.41
JUNGLE,오공,25-30분,290,141.0,48.62
MIDDLE,요네,25-30분,638,279.0,43.73
UTILITY,사일러스,25-30분,145,73.0,50.34
TOP,이렐리아,0-20분,505,274.0,54.26
UTILITY,뽀삐,0-20분,427,223.0,52.22
TOP,요릭,0-20분,141,83.0,58.87
BOTTOM,미스 포츈,0-20분,820,430.0,52.44
JUNGLE,릴리아,30-35분,267,139.0,52.06
MIDDLE,야스오,30-35분,387,182.0,47.03
BOTTOM,바루스,30-35분,420,193.0,45.95
TOP,베인,30-35분,170,89.0,52.35
BOTTOM,닐라,30-35분,135,78.0,57.78
TOP,피오라,25-30분,861,441.0,51.22
JUNGLE,킨드레드,25-30분,278,165.0,59.35
TOP,카밀,25-30분,482,238.0,49.38
JUNGLE,에코,25-30분,1422,707.0,49.72
UTILITY,렐,25-30분,1091,553.0,50.69
TOP,피즈,25-30분,7,1.0,14.29
MIDDLE,르블랑,25-30분,728,321.0,44.09
TOP,자헨,25-30분,854,445.0,52.11
JUNGLE,암베사,25-30분,807,373.0,46.22
UTILITY,소라카,25-30분,283,132.0,46.64
TOP,카밀,20-25분,367,184.0,50.14
JUNGLE,렉사이,20-25분,592,318.0,53.72
MIDDLE,사일러스,20-25분,965,468.0,48.5
BOTTOM,닐라,20-25분,188,102.0,54.26
UTILITY,타릭,20-25분,254,136.0,53.54
TOP,피오라,20-25분,689,346.0,50.22
JUNGLE,암베사,20-25분,586,248.0,42.32
MIDDLE,아칼리,20-25분,1227,562.0,45.8
UTILITY,렝가,20-25분,29,12.0,41.38
TOP,스웨인,30-35분,48,24.0,50.0
MIDDLE,비에고,30-35분,44,26.0,59.09
UTILITY,카르마,30-35분,922,438.0,47.51
TOP,럼블,30-35분,958,532.0,55.53
JUNGLE,제드,30-35분,446,209.0,46.86
MIDDLE,아칼리,30-35분,1147,525.0,45.77
BOTTOM,직스,30-35분,134,62.0,46.27
TOP,카시오페아,20-25분,128,71.0,55.47
MIDDLE,누누와 윌럼프,20-25분,77,40.0,51.95
BOTTOM,유나라,20-25분,1816,876.0,48.24
UTILITY,파이크,20-25분,633,317.0,50.08
JUNGLE,자르반 4세,20-25분,605,276.0,45.62
UTILITY,럭스,20-25분,138,72.0,52.17
MIDDLE,탈론,0-20분,385,203.0,52.73
BOTTOM,진,0-20분,1000,490.0,49.0
UTILITY,르블랑,0-20분,125,63.0,50.4
TOP,케넨,0-20분,464,250.0,53.88
MIDDLE,빅토르,0-20분,659,262.0,39.76
BOTTOM,트리스타나,0-20분,549,298.0,54.28
MIDDLE,갈리오,20-25분,990,462.0,46.67
BOTTOM,제리,20-25분,346,150.0,43.35
UTILITY,소라카,20-25분,194,100.0,51.55
TOP,갱플랭크,20-25분,528,279.0,52.84
UTILITY,판테온,20-25분,227,117.0,51.54
JUNGLE,바이,25-30분,944,457.0,48.41
MIDDLE,트위스티드 페이트,25-30분,1199,639.0,53.29
UTILITY,엘리스,25-30분,689,351.0,50.94
TOP,갱플랭크,25-30분,721,384.0,53.26
BOTTOM,코르키,25-30분,308,142.0,46.1
UTILITY,레오나,25-30분,1272,664.0,52.2
TOP,티모,25-30분,197,103.0,52.28
JUNGLE,헤카림,25-30분,695,353.0,50.79
BOTTOM,카이사,25-30분,2673,1324.0,49.53
UTILITY,파이크,25-30분,834,424.0,50.84
TOP,라이즈,25-30분,388,218.0,56.19
MIDDLE,흐웨이,25-30분,338,175.0,51.78
TOP,자헨,0-20분,641,306.0,47.74
MIDDLE,오로라,0-20분,406,187.0,46.06
JUNGLE,말파이트,0-20분,661,282.0,42.66
BOTTOM,제리,0-20분,268,114.0,42.54
UTILITY,갈리오,0-20분,45,26.0,57.78
JUNGLE,탈리야,0-20분,136,70.0,51.47
JUNGLE,오공,0-20분,137,55.0,40.15
UTILITY,세나,0-20분,231,124.0,53.68
TOP,판테온,30-35분,166,80.0,48.19
JUNGLE,엘리스,30-35분,137,71.0,51.82
MIDDLE,키아나,30-35분,333,177.0,53.15
BOTTOM,드레이븐,30-35분,280,126.0,45.0
TOP,문도 박사,30-35분,226,104.0,46.02
JUNGLE,비에고,30-35분,768,367.0,47.79
MIDDLE,오리아나,30-35분,1236,656.0,53.07
UTILITY,벨코즈,30-35분,92,42.0,45.65
TOP,사이온,25-30분,678,303.0,44.69
JUNGLE,탈리야,25-30분,217,122.0,56.22
MIDDLE,탈론,25-30분,537,290.0,54.0
UTILITY,노틸러스,25-30분,2363,1189.0,50.32
BOTTOM,제리,25-30분,482,214.0,44.4
UTILITY,유미,25-30분,548,217.0,39.6
TOP,크산테,25-30분,1351,617.0,45.67
UTILITY,니달리,25-30분,145,54.0,37.24
TOP,이렐리아,25-30분,702,352.0,50.14
JUNGLE,세주아니,25-30분,135,55.0,40.74
MIDDLE,애니비아,25-30분,376,207.0,55.05
JUNGLE,자르반 4세,30-35분,532,279.0,52.44
MIDDLE,갱플랭크,30-35분,18,11.0,61.11
TOP,요릭,30-35분,163,69.0,42.33
JUNGLE,키아나,30-35분,755,414.0,54.83
MIDDLE,제드,30-35분,541,269.0,49.72
BOTTOM,케이틀린,30-35분,1035,502.0,48.5
UTILITY,노틸러스,30-35분,1534,767.0,50.0
UTILITY,피들스틱,0-20분,51,21.0,41.18
TOP,카밀,0-20분,320,159.0,49.69
JUNGLE,키아나,0-20분,680,348.0,51.18
MIDDLE,트위스티드 페이트,0-20분,719,367.0,51.04
UTILITY,레오나,0-20분,892,457.0,51.23
TOP,아칼리,0-20분,253,129.0,50.99
MIDDLE,제드,0-20분,525,287.0,54.67
TOP,갈리오,0-20분,48,27.0,56.25
TOP,신지드,20-25분,276,139.0,50.36
JUNGLE,탈론,20-25분,370,192.0,51.89
MIDDLE,아지르,20-25분,314,140.0,44.59
UTILITY,뽀삐,20-25분,436,253.0,58.03
TOP,녹턴,20-25분,39,20.0,51.28
JUNGLE,아트록스,20-25분,64,27.0,42.19
MIDDLE,초가스,20-25분,19,6.0,31.58
BOTTOM,자야,20-25분,249,133.0,53.41
TOP,세트,25-30분,332,160.0,48.19
JUNGLE,제드,25-30분,611,292.0,47.79
BOTTOM,닐라,25-30분,231,129.0,55.84
TOP,나르,25-30분,652,316.0,48.47
TOP,암베사,0-20분,1074,528.0,49.16
JUNGLE,벨베스,0-20분,298,177.0,59.4
MIDDLE,라이즈,0-20분,915,406.0,44.37
TOP,신지드,0-20분,231,109.0,47.19
TOP,레넥톤,0-20분,876,435.0,49.66
MIDDLE,아지르,0-20분,233,94.0,40.34
BOTTOM,닐라,0-20분,148,83.0,56.08
UTILITY,타릭,0-20분,239,128.0,53.56
TOP,말파이트,0-20분,293,153.0,52.22
MIDDLE,오리아나,0-20분,1310,645.0,49.24
TOP,일라오이,0-20분,82,40.0,48.78
JUNGLE,그레이브즈,0-20분,270,121.0,44.81
MIDDLE,흐웨이,0-20분,229,100.0,43.67
BOTTOM,애쉬,0-20분,368,153.0,41.58
TOP,그웬,0-20분,344,170.0,49.42
MIDDLE,모데카이저,0-20분,12,5.0,41.67
UTILITY,카르마,0-20분,926,452.0,48.81
MIDDLE,카타리나,0-20분,665,397.0,59.7
JUNGLE,제이스,25-30분,2251,1096.0,48.69
UTILITY,브라움,25-30분,2197,1160.0,52.8
MIDDLE,라이즈,25-30분,1332,682.0,51.2
TOP,문도 박사,0-20분,260,128.0,49.23
TOP,렝가,25-30분,186,95.0,51.08
TOP,클레드,25-30분,333,173.0,51.95
JUNGLE,신 짜오,25-30분,677,332.0,49.04
MIDDLE,이렐리아,25-30분,421,224.0,53.21
UTILITY,조이,25-30분,61,34.0,55.74
BOTTOM,칼리스타,25-30분,137,66.0,48.18
TOP,요네,25-30분,518,230.0,44.4
MIDDLE,스웨인,25-30분,129,62.0,48.06
TOP,베인,35-40분,53,32.0,60.38
JUNGLE,제이스,35-40분,599,276.0,46.08
MIDDLE,오로라,35-40분,137,73.0,53.28
UTILITY,뽀삐,35-40분,186,96.0,51.61
TOP,라이즈,35-40분,115,56.0,48.7
JUNGLE,판테온,35-40분,31,18.0,58.06
MIDDLE,요네,35-40분,136,69.0,50.74
BOTTOM,벨코즈,35-40분,49,22.0,44.9
UTILITY,레오나,35-40분,270,132.0,48.89
TOP,블라디미르,25-30분,362,175.0,48.34
MIDDLE,에코,25-30분,557,278.0,49.91
BOTTOM,자야,25-30분,339,181.0,53.39
TOP,라이즈,30-35분,258,108.0,41.86
MIDDLE,사일러스,30-35분,729,350.0,48.01
UTILITY,바드,30-35분,759,397.0,52.31
TOP,갱플랭크,30-35분,563,310.0,55.06
MIDDLE,탈리야,30-35분,447,233.0,52.13
BOTTOM,미스 포츈,30-35분,769,409.0,53.19
UTILITY,파이크,30-35분,599,249.0,41.57
JUNGLE,자르반 4세,0-20분,594,309.0,52.02
TOP,바루스,0-20분,221,110.0,49.77
TOP,렉사이,0-20분,90,47.0,52.22
TOP,사이온,0-20분,463,204.0,44.06
BOTTOM,자야,0-20분,225,121.0,53.78
UTILITY,렐,0-20분,784,412.0,52.55
BOTTOM,시비르,0-20분,694,339.0,48.85
JUNGLE,제이스,0-20분,1506,713.0,47.34
TOP,그웬,30-35분,315,165.0,52.38
TOP,사이온,30-35분,437,182.0,41.65
JUNGLE,문도 박사,30-35분,131,60.0,45.8
BOTTOM,시비르,30-35분,711,384.0,54.01
UTILITY,세나,30-35분,236,130.0,55.08
UTILITY,블리츠크랭크,25-30분,871,439.0,50.4
TOP,우디르,25-30분,142,69.0,48.59
MIDDLE,사일러스,0-20분,887,450.0,50.73
BOTTOM,멜,0-20분,59,28.0,47.46
UTILITY,렝가,0-20분,36,22.0,61.11
MIDDLE,조이,0-20분,614,352.0,57.33
UTILITY,블리츠크랭크,0-20분,569,286.0,50.26
JUNGLE,케인,25-30분,126,65.0,51.59
TOP,크산테,35-40분,346,165.0,47.69
MIDDLE,애니비아,35-40분,107,53.0,49.53
BOTTOM,바루스,35-40분,183,79.0,43.17
UTILITY,르블랑,35-40분,39,15.0,38.46
TOP,신지드,35-40분,79,43.0,54.43
JUNGLE,카직스,35-40분,149,80.0,53.69
MIDDLE,블라디미르,35-40분,48,30.0,62.5
UTILITY,사일러스,35-40분,30,18.0,60.0
TOP,크산테,20-25분,985,444.0,45.08
JUNGLE,바이,20-25분,703,312.0,44.38
BOTTOM,스몰더,20-25분,239,120.0,50.21
MIDDLE,탈론,20-25분,393,207.0,52.67
UTILITY,노틸러스,20-25분,1740,850.0,48.85
TOP,리산드라,20-25분,33,19.0,57.58
MIDDLE,오로라,20-25분,358,169.0,47.21
BOTTOM,트리스타나,20-25분,541,276.0,51.02
UTILITY,사일러스,20-25분,87,40.0,45.98
JUNGLE,카직스,20-25분,477,229.0,48.01
MIDDLE,조이,20-25분,619,340.0,54.93
UTILITY,쓰레쉬,20-25분,1417,699.0,49.33
BOTTOM,벨코즈,30-35분,101,53.0,52.48
TOP,오로라,30-35분,109,47.0,43.12
JUNGLE,신 짜오,30-35분,394,201.0,51.02
TOP,뽀삐,20-25분,152,71.0,46.71
JUNGLE,비에고,20-25분,895,424.0,47.37
BOTTOM,진,20-25분,992,448.0,45.16
UTILITY,니코,20-25분,651,354.0,54.38
MIDDLE,탈리야,20-25분,516,268.0,51.94
BOTTOM,벨코즈,20-25분,76,44.0,57.89
UTILITY,스웨인,0-20분,119,60.0,50.42
TOP,제이스,0-20분,288,138.0,47.92
MIDDLE,카시오페아,0-20분,163,78.0,47.85
BOTTOM,바루스,0-20분,447,205.0,45.86
BOTTOM,바루스,25-30분,592,300.0,50.68
TOP,트위스티드 페이트,25-30분,17,8.0,47.06
TOP,럼블,35-40분,367,192.0,52.32
MIDDLE,아칼리,35-40분,426,212.0,49.77
JUNGLE,피들스틱,35-40분,66,40.0,60.61
MIDDLE,스몰더,35-40분,22,9.0,40.91
BOTTOM,미스 포츈,35-40분,250,132.0,52.8
UTILITY,알리스타,35-40분,277,149.0,53.79
TOP,트리스타나,25-30분,18,10.0,55.56
TOP,자르반 4세,25-30분,6,3.0,50.0
TOP,바루스,20-25분,212,114.0,53.77
JUNGLE,사일러스,20-25분,720,351.0,48.75
MIDDLE,사이온,20-25분,99,50.0,50.51
BOTTOM,미스 포츈,20-25분,844,422.0,50.0
TOP,케넨,20-25분,469,251.0,53.52
TOP,렉사이,20-25분,108,54.0,50.0
JUNGLE,잭스,20-25분,49,26.0,53.06
MIDDLE,신드라,20-25분,554,270.0,48.74
BOTTOM,징크스,20-25분,1156,631.0,54.58
UTILITY,레오나,20-25분,955,495.0,51.83
TOP,하이머딩거,20-25분,57,21.0,36.84
JUNGLE,신 짜오,20-25분,494,237.0,47.98
TOP,애니비아,0-20분,86,56.0,65.12
MIDDLE,빅토르,25-30분,878,430.0,48.97
UTILITY,람머스,25-30분,44,21.0,47.73
TOP,애니비아,25-30분,96,50.0,52.08
JUNGLE,문도 박사,25-30분,181,91.0,50.28
TOP,우디르,30-35분,122,56.0,45.9
JUNGLE,암베사,30-35분,529,263.0,49.72
MIDDLE,멜,30-35분,246,125.0,50.81
UTILITY,타릭,30-35분,181,89.0,49.17
TOP,케일,25-30분,118,62.0,52.54
JUNGLE,카직스,25-30분,705,376.0,53.33
JUNGLE,카서스,25-30분,491,265.0,53.97
MIDDLE,사이온,25-30분,131,74.0,56.49
TOP,리산드라,30-35분,26,15.0,57.69
JUNGLE,니달리,30-35분,524,255.0,48.66
MIDDLE,이렐리아,30-35분,222,97.0,43.69
UTILITY,쓰레쉬,30-35분,1216,606.0,49.84
MIDDLE,그라가스,30-35분,49,25.0,51.02
UTILITY,사일러스,30-35분,92,38.0,41.3
TOP,베인,0-20분,188,90.0,47.87
TOP,바루스,25-30분,321,157.0,48.91
MIDDLE,리산드라,25-30분,324,168.0,51.85
TOP,사이온,20-25분,537,267.0,49.72
MIDDLE,에코,0-20분,438,236.0,53.88
TOP,레넥톤,30-35분,718,356.0,49.58
MIDDLE,요네,30-35분,479,243.0,50.73
UTILITY,렐,30-35분,735,404.0,54.97
MIDDLE,스웨인,30-35분,81,47.0,58.02
UTILITY,레오나,30-35분,820,418.0,50.98
TOP,볼리베어,30-35분,258,126.0,48.84
JUNGLE,자이라,30-35분,248,132.0,53.23
UTILITY,라칸,0-20분,916,442.0,48.25
MIDDLE,트위스티드 페이트,35-40분,230,117.0,50.87
UTILITY,니코,35-40분,233,109.0,46.78
MIDDLE,탈리야,35-40분,176,96.0,54.55
BOTTOM,케이틀린,35-40분,386,206.0,53.37
UTILITY,오리아나,25-30분,5,1.0,20.0
JUNGLE,키아나,20-25분,762,375.0,49.21
BOTTOM,사미라,20-25분,128,61.0,47.66
TOP,오른,0-20분,141,46.0,32.62
MIDDLE,니코,0-20분,81,44.0,54.32
TOP,세주아니,0-20분,85,40.0,47.06
BOTTOM,케이틀린,0-20분,1071,551.0,51.45
TOP,제드,0-20분,28,10.0,35.71
JUNGLE,다이애나,0-20분,292,127.0,43.49
MIDDLE,아크샨,0-20분,238,135.0,56.72
UTILITY,엘리스,0-20분,450,255.0,56.67
TOP,요네,20-25분,383,177.0,46.21
MIDDLE,카타리나,20-25분,721,375.0,52.01
TOP,자헨,20-25분,655,323.0,49.31
BOTTOM,징크스,30-35분,843,412.0,48.87
TOP,이렐리아,30-35분,393,183.0,46.56
UTILITY,니코,30-35분,640,309.0,48.28
TOP,케넨,30-35분,470,246.0,52.34
JUNGLE,바이,30-35분,598,305.0,51.0
JUNGLE,럼블,0-20분,6,2.0,33.33
UTILITY,쓰레쉬,0-20분,1262,712.0,56.42
TOP,다리우스,25-30분,461,207.0,44.9
JUNGLE,니달리,25-30분,913,453.0,49.62
MIDDLE,암베사,25-30분,118,65.0,55.08
UTILITY,파이크,0-20분,624,342.0,54.81
JUNGLE,트런들,0-20분,56,23.0,41.07
MIDDLE,애니비아,20-25분,276,154.0,55.8
UTILITY,룰루,20-25분,1227,566.0,46.13
TOP,렝가,20-25분,153,81.0,52.94
JUNGLE,킨드레드,20-25분,225,119.0,52.89
MIDDLE,스웨인,20-25분,93,49.0,52.69
BOTTOM,야스오,20-25분,82,40.0,48.78
UTILITY,세주아니,20-25분,5,2.0,40.0
MIDDLE,스웨인,35-40분,24,9.0,37.5
BOTTOM,진,35-40분,398,189.0,47.49
TOP,올라프,35-40분,86,40.0,46.51
JUNGLE,암베사,35-40분,185,92.0,49.73
MIDDLE,갈리오,35-40분,236,123.0,52.12
UTILITY,애쉬,35-40분,6,4.0,66.67
MIDDLE,신드라,25-30분,738,391.0,52.98
TOP,문도 박사,25-30분,337,146.0,43.32
UTILITY,진,25-30분,5,4.0,80.0
BOTTOM,진,30-35분,1082,542.0,50.09
UTILITY,블리츠크랭크,30-35분,579,287.0,49.57
JUNGLE,탈론,30-35분,385,193.0,50.13
UTILITY,애니비아,30-35분,51,26.0,50.98
JUNGLE,렉사이,0-20분,619,363.0,58.64
UTILITY,모르가나,0-20분,116,61.0,52.59
JUNGLE,녹턴,20-25분,134,70.0,52.24
BOTTOM,멜,20-25분,55,28.0,50.91
JUNGLE,킨드레드,0-20분,244,119.0,48.77
UTILITY,니달리,30-35분,97,56.0,57.73
TOP,피오라,30-35분,546,268.0,49.08
MIDDLE,갈리오,30-35분,817,420.0,51.41
UTILITY,질리언,30-35분,104,60.0,57.69
TOP,아칼리,25-30분,319,149.0,46.71
JUNGLE,그레이브즈,25-30분,340,167.0,49.12
TOP,퀸,25-30분,105,56.0,53.33
JUNGLE,자크,25-30분,588,301.0,51.19
MIDDLE,멜,20-25분,279,109.0,39.07
JUNGLE,말파이트,20-25분,787,340.0,43.2
BOTTOM,루시안,25-30분,2269,1105.0,48.7
MIDDLE,파이크,25-30분,5,2.0,40.0
UTILITY,렝가,25-30분,27,14.0,51.85
TOP,뽀삐,0-20분,157,94.0,59.87
MIDDLE,애니비아,0-20분,260,151.0,58.08
MIDDLE,신드라,30-35분,522,250.0,47.89
TOP,말파이트,30-35분,285,139.0,48.77
JUNGLE,뽀삐,30-35분,59,35.0,59.32
UTILITY,탐 켄치,25-30분,79,43.0,54.43
MIDDLE,멜,25-30분,332,127.0,38.25
TOP,레넥톤,20-25분,870,421.0,48.39
JUNGLE,문도 박사,20-25분,128,51.0,39.84
UTILITY,그라가스,20-25분,13,7.0,53.85
MIDDLE,아지르,25-30분,431,211.0,48.96
JUNGLE,자르반 4세,25-30분,825,396.0,48.0
TOP,오로라,0-20분,116,58.0,50.0
TOP,베인,20-25분,203,101.0,49.75
MIDDLE,에코,20-25분,403,196.0,48.64
UTILITY,레나타 글라스크,20-25분,45,25.0,55.56
TOP,아트록스,20-25분,538,254.0,47.21
JUNGLE,자크,20-25분,445,245.0,55.06
TOP,베인,25-30분,274,145.0,52.92
TOP,리 신,25-30분,44,21.0,47.73
BOTTOM,야스오,0-20분,93,52.0,55.91
TOP,그라가스,0-20분,221,104.0,47.06
JUNGLE,트런들,25-30분,53,31.0,58.49
TOP,자크,25-30분,114,45.0,39.47
TOP,워윅,0-20분,162,91.0,56.17
MIDDLE,멜,0-20분,238,98.0,41.18
JUNGLE,샤코,0-20분,117,60.0,51.28
BOTTOM,드레이븐,20-25분,313,179.0,57.19
JUNGLE,그웬,20-25분,470,246.0,52.34
MIDDLE,루시안,20-25분,20,10.0,50.0
BOTTOM,시비르,20-25분,675,354.0,52.44
UTILITY,세라핀,20-25분,288,128.0,44.44
UTILITY,쉔,25-30분,70,30.0,42.86
BOTTOM,제리,30-35분,300,161.0,53.67
UTILITY,유미,30-35분,355,177.0,49.86
TOP,자헨,30-35분,527,293.0,55.6
UTILITY,룰루,30-35분,927,445.0,48.0
JUNGLE,렉사이,25-30분,842,447.0,53.09
JUNGLE,카서스,20-25분,356,186.0,52.25
MIDDLE,트린다미어,20-25분,27,11.0,40.74
TOP,아이번,0-20분,34,20.0,58.82
JUNGLE,신 짜오,0-20분,442,195.0,44.12
TOP,볼리베어,25-30분,414,220.0,53.14
TOP,잭스,20-25분,962,495.0,51.46
JUNGLE,탈리야,20-25분,147,78.0,53.06
MIDDLE,야스오,20-25분,503,266.0,52.88
BOTTOM,애쉬,20-25분,388,194.0,50.0
MIDDLE,스웨인,0-20분,91,44.0,48.35
TOP,쉔,30-35분,220,129.0,58.64
MIDDLE,카밀,30-35분,8,6.0,75.0
UTILITY,뽀삐,30-35분,425,209.0,49.18
TOP,나르,20-25분,451,235.0,52.11
BOTTOM,베인,20-25분,76,31.0,40.79
UTILITY,블리츠크랭크,20-25분,636,308.0,48.43
JUNGLE,나피리,0-20분,73,30.0,41.1
MIDDLE,아우렐리온 솔,0-20분,159,73.0,45.91
JUNGLE,자이라,0-20분,240,134.0,55.83
MIDDLE,카밀,0-20분,5,3.0,60.0
JUNGLE,에코,30-35분,951,477.0,50.16
MIDDLE,사이온,30-35분,95,49.0,51.58
JUNGLE,릴리아,0-20분,253,121.0,47.83
UTILITY,마오카이,0-20분,221,116.0,52.49
BOTTOM,칼리스타,0-20분,108,70.0,64.81
BOTTOM,드레이븐,0-20분,353,187.0,52.97
TOP,볼리베어,20-25분,295,145.0,49.15
UTILITY,카밀,30-35분,50,20.0,40.0
JUNGLE,트런들,30-35분,32,16.0,50.0
BOTTOM,유나라,30-35분,1483,726.0,48.95
MIDDLE,트리스타나,30-35분,74,45.0,60.81
TOP,아칼리,35-40분,90,36.0,40.0
JUNGLE,키아나,35-40분,254,128.0,50.39
BOTTOM,이즈리얼,35-40분,616,267.0,43.34
TOP,요릭,35-40분,54,24.0,44.44
UTILITY,라칸,35-40분,254,128.0,50.39
TOP,자헨,40분+,58,27.0,46.55
JUNGLE,오공,40분+,15,3.0,20.0
MIDDLE,사일러스,40분+,39,23.0,58.97
BOTTOM,바루스,40분+,45,22.0,48.89
UTILITY,알리스타,40분+,62,33.0,53.23
TOP,그웬,40분+,18,12.0,66.67
JUNGLE,자이라,40분+,32,17.0,53.12
MIDDLE,탈론,40분+,37,20.0,54.05
BOTTOM,진,40분+,117,61.0,52.14
UTILITY,렐,40분+,66,26.0,39.39
UTILITY,샤코,30-35분,84,48.0,57.14
TOP,야스오,30-35분,216,107.0,49.54
MIDDLE,세라핀,30-35분,9,3.0,33.33
TOP,워윅,25-30분,252,113.0,44.84
MIDDLE,제라스,25-30분,294,155.0,52.72
TOP,클레드,30-35분,192,82.0,42.71
BOTTOM,사미라,30-35분,109,61.0,55.96
UTILITY,판테온,25-30분,304,159.0,52.3
JUNGLE,이블린,25-30분,229,115.0,50.22
TOP,암베사,35-40분,353,173.0,49.01
MIDDLE,에코,35-40분,124,56.0,45.16
UTILITY,카르마,35-40분,327,145.0,44.34
TOP,블라디미르,35-40분,88,40.0,45.45
JUNGLE,리 신,35-40분,687,326.0,47.45
BOTTOM,유나라,35-40분,476,250.0,52.52
MIDDLE,카르마,30-35분,23,12.0,52.17
JUNGLE,사일러스,0-20분,607,305.0,50.25
MIDDLE,카르마,0-20분,32,13.0,40.62
MIDDLE,코르키,20-25분,136,68.0,50.0
MIDDLE,이즈리얼,20-25분,10,5.0,50.0
UTILITY,마오카이,20-25분,253,134.0,52.96
JUNGLE,그웬,25-30분,586,325.0,55.46
JUNGLE,피들스틱,25-30분,225,119.0,52.89
TOP,아트록스,25-30분,700,297.0,42.43
UTILITY,소나,25-30분,363,181.0,49.86
TOP,니달리,30-35분,31,13.0,41.94
UTILITY,스웨인,30-35분,101,43.0,42.57
MIDDLE,아지르,30-35분,270,144.0,53.33
UTILITY,소나,30-35분,228,110.0,48.25
UTILITY,소나,20-25분,255,130.0,50.98
BOTTOM,직스,20-25분,141,85.0,60.28
BOTTOM,직스,25-30분,217,128.0,58.99
TOP,말파이트,40분+,17,6.0,35.29
JUNGLE,키아나,40분+,82,36.0,43.9
MIDDLE,라이즈,40분+,69,34.0,49.28
BOTTOM,유나라,40분+,135,82.0,60.74
UTILITY,니코,40분+,61,34.0,55.74
JUNGLE,릴리아,40분+,21,11.0,52.38
MIDDLE,요네,40분+,32,19.0,59.38
BOTTOM,이즈리얼,40분+,186,88.0,47.31
UTILITY,카르마,40분+,80,37.0,46.25
TOP,나르,30-35분,409,205.0,50.12
JUNGLE,헤카림,30-35분,394,197.0,50.0
UTILITY,람머스,30-35분,39,13.0,33.33
JUNGLE,아트록스,30-35분,55,24.0,43.64
BOTTOM,애쉬,30-35분,334,151.0,45.21
MIDDLE,다이애나,25-30분,310,156.0,50.32
UTILITY,스웨인,25-30분,175,83.0,47.43
TOP,아트록스,30-35분,447,225.0,50.34
MIDDLE,카타리나,25-30분,889,424.0,47.69
BOTTOM,미스 포츈,25-30분,1179,627.0,53.18
TOP,아지르,30-35분,34,19.0,55.88
BOTTOM,스몰더,30-35분,262,143.0,54.58
UTILITY,럭스,30-35분,130,75.0,57.69
JUNGLE,뽀삐,20-25분,56,29.0,51.79
BOTTOM,코르키,20-25분,230,124.0,53.91
BOTTOM,코르키,30-35분,251,116.0,46.22
MIDDLE,코르키,0-20분,128,51.0,39.84
UTILITY,애니비아,0-20분,58,31.0,53.45
TOP,아칼리,30-35분,220,113.0,51.36
TOP,퀸,20-25분,59,32.0,54.24
JUNGLE,판테온,20-25분,73,38.0,52.05
JUNGLE,니달리,20-25분,703,383.0,54.48
BOTTOM,바루스,20-25분,454,232.0,51.1
UTILITY,조이,20-25분,37,19.0,51.35
MIDDLE,모르가나,25-30분,46,26.0,56.52
UTILITY,나미,25-30분,433,221.0,51.04
TOP,티모,20-25분,130,69.0,53.08
JUNGLE,렝가,35-40분,36,21.0,58.33
BOTTOM,루시안,35-40분,516,274.0,53.1
UTILITY,자르반 4세,35-40분,6,4.0,66.67
TOP,티모,35-40분,42,20.0,47.62
MIDDLE,트리스타나,35-40분,28,13.0,46.43
UTILITY,트위치,35-40분,9,6.0,66.67
UTILITY,럭스,25-30분,214,110.0,51.4
MIDDLE,제드,20-25분,605,306.0,50.58
UTILITY,애니비아,20-25분,55,32.0,58.18
TOP,클레드,20-25분,262,131.0,50.0
JUNGLE,헤카림,20-25분,490,235.0,47.96
MIDDLE,르블랑,20-25분,519,243.0,46.82
TOP,세트,20-25분,255,118.0,46.27
UTILITY,렐,20-25분,798,402.0,50.38
TOP,올라프,30-35분,250,115.0,46.0
JUNGLE,이블린,30-35분,172,94.0,54.65
TOP,애니비아,30-35분,90,53.0,58.89
MIDDLE,판테온,25-30분,180,97.0,53.89
UTILITY,애니비아,25-30분,66,35.0,53.03
TOP,케넨,25-30분,689,383.0,55.59
BOTTOM,코르키,35-40분,82,35.0,42.68
TOP,바루스,35-40분,61,27.0,44.26
JUNGLE,오공,35-40분,55,29.0,52.73
MIDDLE,조이,35-40분,193,75.0,38.86
TOP,쉔,35-40분,82,44.0,53.66
TOP,카밀,35-40분,102,55.0,53.92
JUNGLE,자크,35-40분,124,71.0,57.26
TOP,아칼리,20-25분,226,118.0,52.21
MIDDLE,암베사,20-25분,97,47.0,48.45
JUNGLE,판테온,0-20분,76,35.0,46.05
BOTTOM,스웨인,0-20분,186,119.0,63.98
TOP,올라프,25-30분,396,221.0,55.81
JUNGLE,렝가,25-30분,194,104.0,53.61
BOTTOM,제라스,25-30분,36,22.0,61.11
TOP,올라프,20-25분,359,209.0,58.22
MIDDLE,요네,20-25분,523,244.0,46.65
UTILITY,아무무,25-30분,29,16.0,55.17
JUNGLE,다리우스,25-30분,6,5.0,83.33
MIDDLE,카사딘,25-30분,138,83.0,60.14
UTILITY,애쉬,25-30분,28,14.0,50.0
MIDDLE,클레드,0-20분,33,16.0,48.48
JUNGLE,제드,0-20분,418,213.0,50.96
UTILITY,벨코즈,0-20분,81,47.0,58.02
JUNGLE,잭스,0-20분,58,26.0,44.83
MIDDLE,녹턴,0-20분,11,4.0,36.36
UTILITY,럭스,0-20분,153,77.0,50.33
MIDDLE,바루스,0-20분,35,22.0,62.86
JUNGLE,벨베스,30-35분,200,110.0,55.0
TOP,르블랑,30-35분,7,4.0,57.14
TOP,클레드,0-20분,232,119.0,51.29
BOTTOM,베인,25-30분,91,40.0,43.96
TOP,트런들,30-35분,15,8.0,53.33
JUNGLE,피들스틱,30-35분,161,80.0,49.69
TOP,다리우스,0-20분,295,146.0,49.49
TOP,제이스,30-35분,253,117.0,46.25
TOP,그라가스,30-35분,217,97.0,44.7
MIDDLE,벡스,30-35분,225,121.0,53.78
TOP,뽀삐,30-35분,143,72.0,50.35
JUNGLE,누누와 윌럼프,30-35분,319,145.0,45.45
UTILITY,렝가,30-35분,25,12.0,48.0
JUNGLE,바이,35-40분,198,107.0,54.04
UTILITY,바드,35-40분,243,119.0,48.97
TOP,오로라,35-40분,44,17.0,38.64
MIDDLE,라이즈,35-40분,278,149.0,53.6
UTILITY,노틸러스,35-40분,483,226.0,46.79
BOTTOM,자야,35-40분,64,28.0,43.75
BOTTOM,스몰더,35-40분,98,49.0,50.0
MIDDLE,비에고,0-20분,54,28.0,51.85
BOTTOM,벨코즈,0-20분,90,55.0,61.11
UTILITY,카밀,0-20분,51,29.0,56.86
MIDDLE,베이가,0-20분,77,34.0,44.16
TOP,벨코즈,0-20분,10,4.0,40.0
BOTTOM,초가스,0-20분,7,6.0,85.71
TOP,카밀,30-35분,301,149.0,49.5
TOP,오로라,25-30분,131,69.0,52.67
JUNGLE,그레이브즈,30-35분,228,104.0,45.61
TOP,세주아니,30-35분,106,52.0,49.06
UTILITY,멜,30-35분,126,45.0,35.71
UTILITY,밀리오,0-20분,203,86.0,42.36
MIDDLE,벡스,20-25분,253,144.0,56.92
TOP,렝가,0-20분,153,84.0,54.9
MIDDLE,암베사,0-20분,73,38.0,52.05
MIDDLE,리산드라,20-25분,223,115.0,51.57
MIDDLE,그라가스,20-25분,55,30.0,54.55
TOP,말파이트,35-40분,95,56.0,58.95
MIDDLE,베이가,35-40분,25,15.0,60.0
UTILITY,조이,35-40분,24,10.0,41.67
TOP,사일러스,35-40분,45,20.0,44.44
JUNGLE,누누와 윌럼프,35-40분,88,55.0,62.5
UTILITY,갈리오,35-40분,17,7.0,41.18
TOP,신드라,0-20분,9,4.0,44.44
JUNGLE,제드,35-40분,184,86.0,46.74
TOP,렝가,35-40분,44,21.0,47.73
TOP,오로라,20-25분,93,48.0,51.61
TOP,신지드,30-35분,262,145.0,55.34
MIDDLE,판테온,30-35분,129,74.0,57.36
JUNGLE,람머스,0-20분,56,24.0,42.86
UTILITY,소라카,0-20분,206,97.0,47.09
JUNGLE,녹턴,0-20분,112,62.0,55.36
BOTTOM,카시오페아,0-20분,171,105.0,61.4
TOP,이렐리아,35-40분,141,61.0,43.26
BOTTOM,카시오페아,35-40분,55,25.0,45.45
MIDDLE,신드라,35-40분,186,81.0,43.55
BOTTOM,트리스타나,35-40분,152,75.0,49.34
TOP,리 신,20-25분,32,12.0,37.5
UTILITY,갈리오,20-25분,53,24.0,45.28
BOTTOM,카서스,20-25분,26,14.0,53.85
BOTTOM,베이가,20-25분,37,25.0,67.57
BOTTOM,초가스,20-25분,10,6.0,60.0
JUNGLE,비에고,40분+,69,30.0,43.48
MIDDLE,말자하,40분+,21,11.0,52.38
UTILITY,레오나,40분+,69,34.0,49.28
TOP,갱플랭크,40분+,60,27.0,45.0
JUNGLE,자르반 4세,40분+,46,27.0,58.7
MIDDLE,신드라,40분+,61,25.0,40.98
BOTTOM,아펠리오스,40분+,195,100.0,51.28
UTILITY,마오카이,40분+,30,14.0,46.67
UTILITY,잔나,20-25분,140,69.0,49.29
MIDDLE,녹턴,20-25분,27,17.0,62.96
UTILITY,흐웨이,30-35분,25,18.0,72.0
MIDDLE,직스,25-30분,45,28.0,62.22
UTILITY,갈리오,30-35분,32,17.0,53.12
MIDDLE,벨코즈,20-25분,23,13.0,56.52
TOP,렉사이,25-30분,143,78.0,54.55
MIDDLE,트리스타나,25-30분,146,69.0,47.26
TOP,애니비아,20-25분,72,36.0,50.0
JUNGLE,그레이브즈,20-25분,238,119.0,50.0
TOP,트린다미어,20-25분,163,68.0,41.72
MIDDLE,빅토르,20-25분,603,296.0,49.09
JUNGLE,사일러스,30-35분,536,264.0,49.25
MIDDLE,쉔,20-25분,7,5.0,71.43
TOP,그웬,20-25분,360,201.0,55.83
MIDDLE,멜,35-40분,105,53.0,50.48
UTILITY,파이크,35-40분,195,90.0,46.15
TOP,리븐,35-40분,68,33.0,48.53
JUNGLE,말파이트,35-40분,238,92.0,38.66
MIDDLE,트리스타나,20-25분,87,38.0,43.68
BOTTOM,트위치,0-20분,135,75.0,55.56
UTILITY,니달리,0-20분,109,55.0,50.46
JUNGLE,아트록스,25-30분,95,39.0,41.05
BOTTOM,칼리스타,30-35분,81,43.0,53.09
MIDDLE,트위스티드 페이트,20-25분,822,461.0,56.08
UTILITY,르블랑,20-25분,132,76.0,57.58
TOP,레넥톤,40분+,56,23.0,41.07
JUNGLE,카직스,40분+,42,27.0,64.29
MIDDLE,애니비아,40분+,22,8.0,36.36
TOP,잭스,40분+,71,34.0,47.89
JUNGLE,제이스,40분+,161,63.0,39.13
UTILITY,르블랑,40분+,16,8.0,50.0
MIDDLE,제라스,35-40분,71,44.0,61.97
TOP,애니비아,35-40분,35,18.0,51.43
JUNGLE,자르반 4세,35-40분,150,78.0,52.0
MIDDLE,르블랑,35-40분,174,90.0,51.72
BOTTOM,야스오,25-30분,104,58.0,55.77
TOP,사일러스,20-25분,140,60.0,42.86
UTILITY,쉔,20-25분,48,25.0,52.08
TOP,스몰더,20-25분,18,6.0,33.33
MIDDLE,오리아나,35-40분,426,212.0,49.77
UTILITY,모르가나,35-40분,55,26.0,47.27
MIDDLE,코르키,35-40분,52,20.0,38.46
BOTTOM,시비르,35-40분,228,130.0,57.02
UTILITY,애니비아,35-40분,14,8.0,57.14
MIDDLE,흐웨이,30-35분,277,124.0,44.77
MIDDLE,벨코즈,0-20분,25,11.0,44.0
TOP,트린다미어,25-30분,205,99.0,48.29
TOP,야스오,20-25분,242,113.0,46.69
MIDDLE,조이,30-35분,578,289.0,50.0
TOP,코르키,25-30분,32,15.0,46.88
JUNGLE,나피리,25-30분,127,62.0,48.82
TOP,리 신,30-35분,29,13.0,44.83
UTILITY,밀리오,35-40분,83,48.0,57.83
TOP,레넥톤,35-40분,271,127.0,46.86
BOTTOM,애쉬,35-40분,113,61.0,53.98
TOP,볼리베어,0-20분,305,132.0,43.28
JUNGLE,자헨,25-30분,25,15.0,60.0
JUNGLE,엘리스,25-30분,254,112.0,44.09
MIDDLE,제이스,25-30분,75,39.0,52.0
MIDDLE,벨코즈,30-35분,28,14.0,50.0
MIDDLE,판테온,0-20분,125,79.0,63.2
TOP,나르,40분+,45,20.0,44.44
JUNGLE,킨드레드,40분+,16,8.0,50.0
TOP,크산테,40분+,92,44.0,47.83
JUNGLE,암베사,40분+,34,21.0,61.76
MIDDLE,르블랑,40분+,52,24.0,46.15
UTILITY,쓰레쉬,40분+,120,57.0,47.5
TOP,럼블,40분+,88,51.0,57.95
JUNGLE,바이,40분+,40,22.0,55.0
BOTTOM,제리,40분+,26,12.0,46.15
TOP,암베사,40분+,102,50.0,49.02
MIDDLE,조이,40분+,47,25.0,53.19
UTILITY,타릭,25-30분,298,148.0,49.66
MIDDLE,자크,20-25분,56,26.0,46.43
MIDDLE,빅토르,35-40분,204,92.0,45.1
BOTTOM,트위치,35-40분,40,20.0,50.0
BOTTOM,닐라,35-40분,36,18.0,50.0
UTILITY,판테온,30-35분,182,77.0,42.31
MIDDLE,다이애나,20-25분,255,131.0,51.37
JUNGLE,뽀삐,35-40분,28,10.0,35.71
UTILITY,나미,35-40분,113,64.0,56.64
UTILITY,르블랑,30-35분,115,52.0,45.22
MIDDLE,아리,25-30분,675,349.0,51.7
TOP,마오카이,25-30분,68,33.0,48.53
MIDDLE,야스오,25-30분,682,331.0,48.53
UTILITY,잔나,0-20분,117,62.0,52.99
MIDDLE,트위스티드 페이트,30-35분,700,376.0,53.71
TOP,오른,30-35분,155,99.0,63.87
JUNGLE,그웬,30-35분,309,179.0,57.93
JUNGLE,렉사이,30-35분,484,255.0,52.69
BOTTOM,카서스,25-30분,38,21.0,55.26
TOP,렝가,30-35분,113,60.0,53.1
MIDDLE,오로라,30-35분,383,214.0,55.87
MIDDLE,자이라,30-35분,9,6.0,66.67
UTILITY,리산드라,30-35분,6,3.0,50.0
BOTTOM,칼리스타,20-25분,91,56.0,61.54
MIDDLE,피즈,20-25분,128,65.0,50.78
MIDDLE,파이크,20-25분,5,4.0,80.0
UTILITY,니달리,20-25분,112,60.0,53.57
MIDDLE,블라디미르,0-20분,192,90.0,46.88
TOP,카시오페아,25-30분,159,83.0,52.2
BOTTOM,베이가,25-30분,39,20.0,51.28
TOP,제이스,25-30분,412,199.0,48.3
JUNGLE,벨베스,25-30분,363,166.0,45.73
UTILITY,소나,0-20분,197,73.0,37.06
MIDDLE,말자하,20-25분,173,65.0,37.57
MIDDLE,베이가,20-25분,90,44.0,48.89
UTILITY,피들스틱,20-25분,64,31.0,48.44
BOTTOM,베이가,0-20분,20,13.0,65.0
UTILITY,크산테,20-25분,13,4.0,30.77
JUNGLE,벨베스,20-25분,281,162.0,57.65
MIDDLE,흐웨이,20-25분,225,98.0,43.56
UTILITY,신지드,0-20분,5,2.0,40.0
TOP,마오카이,20-25분,49,21.0,42.86
MIDDLE,블라디미르,20-25분,165,75.0,45.45
UTILITY,벨코즈,20-25분,82,44.0,53.66
MIDDLE,루시안,30-35분,22,12.0,54.55
UTILITY,르블랑,25-30분,192,89.0,46.35
MIDDLE,루시안,25-30분,33,12.0,36.36
BOTTOM,스웨인,20-25분,152,90.0,59.21
JUNGLE,문도 박사,0-20분,124,44.0,35.48
JUNGLE,탈리야,30-35분,147,66.0,44.9
MIDDLE,탈론,30-35분,363,181.0,49.86
TOP,케넨,40분+,45,27.0,60.0
MIDDLE,트위스티드 페이트,40분+,56,33.0,58.93
UTILITY,룰루,40분+,80,40.0,50.0
TOP,오로라,40분+,8,1.0,12.5
MIDDLE,멜,40분+,25,16.0,64.0
MIDDLE,파이크,30-35분,9,6.0,66.67
TOP,나서스,20-25분,75,32.0,42.67
JUNGLE,다이애나,20-25분,343,165.0,48.1
TOP,우르곳,25-30분,286,148.0,51.75
JUNGLE,렝가,20-25분,152,68.0,44.74
MIDDLE,클레드,30-35분,16,11.0,68.75
TOP,벨코즈,25-30분,6,4.0,66.67
TOP,요릭,25-30분,218,108.0,49.54
UTILITY,세라핀,25-30분,368,180.0,48.91
TOP,제이스,35-40분,80,38.0,47.5
JUNGLE,탈론,35-40분,142,66.0,46.48
MIDDLE,아우렐리온 솔,35-40분,52,29.0,55.77
TOP,그웬,35-40분,116,63.0,54.31
BOTTOM,드레이븐,35-40분,101,46.0,45.54
TOP,블라디미르,20-25분,260,129.0,49.62
MIDDLE,트린다미어,25-30분,55,26.0,47.27
MIDDLE,블라디미르,30-35분,145,77.0,53.1
TOP,세트,30-35분,215,93.0,43.26
BOTTOM,멜,30-35분,52,27.0,51.92
TOP,나서스,25-30분,94,41.0,43.62
UTILITY,세나,25-30분,329,181.0,55.02
MIDDLE,크산테,0-20분,22,10.0,45.45
BOTTOM,코그모,20-25분,63,35.0,55.56
BOTTOM,아우렐리온 솔,0-20분,43,23.0,53.49
BOTTOM,트위치,25-30분,188,91.0,48.4
UTILITY,말파이트,25-30분,5,0.0,0.0
TOP,워윅,20-25분,175,95.0,54.29
MIDDLE,제라스,20-25분,193,99.0,51.3
BOTTOM,애쉬,25-30분,489,243.0,49.69
MIDDLE,그라가스,25-30분,76,40.0,52.63
MIDDLE,그라가스,0-20분,54,34.0,62.96
TOP,나서스,0-20분,52,18.0,34.62
TOP,요네,30-35분,339,170.0,50.15
JUNGLE,람머스,30-35분,69,43.0,62.32
JUNGLE,녹턴,30-35분,128,63.0,49.22
JUNGLE,다이애나,25-30분,394,188.0,47.72
MIDDLE,크산테,30-35분,19,11.0,57.89
BOTTOM,드레이븐,25-30분,415,212.0,51.08
MIDDLE,자크,25-30분,65,31.0,47.69
MIDDLE,아크샨,25-30분,340,174.0,51.18
TOP,조이,25-30분,16,7.0,43.75
UTILITY,잔나,35-40분,48,26.0,54.17
MIDDLE,초가스,35-40분,5,3.0,60.0
JUNGLE,엘리스,35-40분,41,17.0,41.46
JUNGLE,자크,30-35분,397,211.0,53.15
UTILITY,소라카,30-35분,180,97.0,53.89
JUNGLE,오공,20-25분,189,87.0,46.03
TOP,일라오이,25-30분,109,41.0,37.61
JUNGLE,자이라,20-25분,236,126.0,53.39
JUNGLE,카서스,0-20분,404,226.0,55.94
MIDDLE,피즈,0-20분,110,54.0,49.09
UTILITY,세라핀,0-20분,251,95.0,37.85
MIDDLE,누누와 윌럼프,25-30분,94,50.0,53.19
MIDDLE,자헨,20-25분,24,11.0,45.83
UTILITY,스카너,20-25분,25,13.0,52.0
UTILITY,스카너,25-30분,35,22.0,62.86
TOP,우디르,20-25분,143,86.0,60.14
JUNGLE,올라프,20-25분,21,7.0,33.33
JUNGLE,피들스틱,0-20분,149,88.0,59.06
MIDDLE,케넨,0-20분,25,16.0,64.0
UTILITY,잔나,30-35분,130,67.0,51.54
TOP,나르,35-40분,128,59.0,46.09
JUNGLE,니달리,35-40분,190,92.0,48.42
MIDDLE,제이스,35-40분,17,9.0,52.94
UTILITY,판테온,35-40분,95,35.0,36.84
TOP,자헨,35-40분,153,71.0,46.41
JUNGLE,람머스,35-40분,31,20.0,64.52
TOP,사일러스,0-20분,124,61.0,49.19
TOP,가렌,25-30분,239,114.0,47.7
MIDDLE,에코,30-35분,367,170.0,46.32
MIDDLE,럭스,0-20분,67,31.0,46.27
MIDDLE,초가스,25-30분,26,13.0,50.0
UTILITY,카밀,25-30분,79,36.0,45.57
BOTTOM,카시오페아,30-35분,139,60.0,43.17
MIDDLE,카서스,20-25분,7,3.0,42.86
MIDDLE,카서스,25-30분,10,2.0,20.0
JUNGLE,피들스틱,20-25분,140,78.0,55.71
MIDDLE,키아나,20-25분,423,220.0,52.01
MIDDLE,니코,30-35분,70,42.0,60.0
JUNGLE,나피리,30-35분,73,36.0,49.32
JUNGLE,다이애나,30-35분,231,100.0,43.29
JUNGLE,릴리아,25-30분,399,206.0,51.63
JUNGLE,람머스,25-30분,108,52.0,48.15
TOP,우디르,35-40분,29,9.0,31.03
JUNGLE,녹턴,35-40분,43,22.0,51.16
UTILITY,스웨인,20-25분,140,68.0,48.57
TOP,트위스티드 페이트,30-35분,6,3.0,50.0
MIDDLE,피들스틱,25-30분,15,6.0,40.0
UTILITY,자크,25-30분,35,16.0,45.71
TOP,갈리오,25-30분,77,44.0,57.14
UTILITY,모르가나,25-30분,176,85.0,48.3
MIDDLE,카타리나,30-35분,525,280.0,53.33
TOP,쉔,25-30분,366,177.0,48.36
JUNGLE,자크,0-20분,362,207.0,57.18
BOTTOM,카시오페아,25-30분,180,101.0,56.11
TOP,렉사이,30-35분,73,36.0,49.32
MIDDLE,아크샨,30-35분,242,122.0,50.41
TOP,갈리오,30-35분,52,27.0,51.92
TOP,아크샨,20-25분,23,12.0,52.17
BOTTOM,직스,0-20분,134,70.0,52.24
UTILITY,스카너,0-20분,25,14.0,56.0
TOP,요릭,40분+,11,4.0,36.36
MIDDLE,빅토르,40분+,58,33.0,56.9
BOTTOM,루시안,40분+,124,64.0,51.61
MIDDLE,오리아나,40분+,110,48.0,43.64
TOP,신 짜오,30-35분,44,14.0,31.82
TOP,판테온,40분+,23,13.0,56.52
MIDDLE,아칼리,40분+,109,56.0,51.38
BOTTOM,닐라,40분+,11,5.0,45.45
TOP,사이온,40분+,40,19.0,47.5
TOP,그라가스,25-30분,336,170.0,50.6
UTILITY,제라스,0-20분,69,29.0,42.03
MIDDLE,코르키,25-30분,198,109.0,55.05
UTILITY,멜,0-20분,120,52.0,43.33
TOP,제드,25-30분,57,31.0,54.39
TOP,우디르,0-20분,160,97.0,60.62
MIDDLE,루시안,0-20분,28,13.0,46.43
TOP,드레이븐,0-20분,41,26.0,63.41
BOTTOM,트위치,30-35분,112,65.0,58.04
UTILITY,케넨,30-35분,17,7.0,41.18
UTILITY,세라핀,30-35분,247,115.0,46.56
BOTTOM,직스,35-40분,52,22.0,42.31
MIDDLE,카사딘,35-40분,35,18.0,51.43
JUNGLE,렝가,0-20분,140,65.0,46.43
JUNGLE,잭스,25-30분,73,41.0,56.16
TOP,사이온,35-40분,156,82.0,52.56
TOP,일라오이,35-40분,36,15.0,41.67
MIDDLE,피즈,30-35분,126,66.0,52.38
JUNGLE,아이번,25-30분,154,72.0,46.75
MIDDLE,블라디미르,25-30분,229,109.0,47.6
MIDDLE,갱플랭크,25-30분,27,16.0,59.26
TOP,리산드라,35-40분,7,4.0,57.14
UTILITY,럭스,35-40분,62,31.0,50.0
MIDDLE,누누와 윌럼프,0-20분,49,32.0,65.31
JUNGLE,말파이트,40분+,63,34.0,53.97
MIDDLE,아리,40분+,33,18.0,54.55
MIDDLE,누누와 윌럼프,40분+,8,3.0,37.5
UTILITY,사일러스,40분+,13,5.0,38.46
BOTTOM,아우렐리온 솔,30-35분,55,29.0,52.73
UTILITY,말파이트,30-35분,5,2.0,40.0
BOTTOM,아우렐리온 솔,25-30분,66,34.0,51.52
MIDDLE,카시오페아,30-35분,164,89.0,54.27
MIDDLE,시비르,0-20분,5,0.0,0.0
UTILITY,카시오페아,30-35분,8,4.0,50.0
JUNGLE,탈리야,35-40분,39,13.0,33.33
MIDDLE,탈론,35-40분,144,73.0,50.69
BOTTOM,카시오페아,20-25분,132,79.0,59.85
MIDDLE,아우렐리온 솔,25-30분,257,136.0,52.92
UTILITY,밀리오,25-30분,305,145.0,47.54
TOP,라이즈,40분+,18,8.0,44.44
BOTTOM,트리스타나,40분+,24,15.0,62.5
UTILITY,브라움,40분+,102,52.0,50.98
JUNGLE,헤카림,40분+,26,14.0,53.85
BOTTOM,시비르,40분+,53,25.0,47.17
UTILITY,뽀삐,40분+,49,27.0,55.1
TOP,벨코즈,30-35분,5,3.0,60.0
MIDDLE,비에고,25-30분,74,41.0,55.41
TOP,카타리나,20-25분,8,2.0,25.0
UTILITY,흐웨이,25-30분,28,13.0,46.43
MIDDLE,트위치,25-30분,6,2.0,33.33
MIDDLE,나피리,0-20분,146,86.0,58.9
JUNGLE,케인,20-25분,87,48.0,55.17
MIDDLE,카시오페아,20-25분,203,91.0,44.83
UTILITY,멜,25-30분,167,79.0,47.31
JUNGLE,렉사이,35-40분,147,73.0,49.66
JUNGLE,헤카림,35-40분,124,66.0,53.23
MIDDLE,트린다미어,35-40분,16,6.0,37.5
UTILITY,쉔,30-35분,41,21.0,51.22
JUNGLE,샤코,20-25분,117,48.0,41.03
MIDDLE,클레드,20-25분,30,13.0,43.33
UTILITY,유미,20-25분,450,179.0,39.78
TOP,제이스,20-25분,294,164.0,55.78
TOP,케일,20-25분,95,47.0,49.47
MIDDLE,스몰더,25-30분,74,42.0,56.76
MIDDLE,탈리야,40분+,48,28.0,58.33
JUNGLE,리 신,40분+,158,79.0,50.0
JUNGLE,킨드레드,30-35분,171,81.0,47.37
MIDDLE,아크샨,35-40분,86,43.0,50.0
TOP,오른,35-40분,57,35.0,61.4
UTILITY,니달리,35-40분,24,9.0,37.5
UTILITY,레나타 글라스크,25-30분,77,31.0,40.26
TOP,오른,20-25분,157,64.0,40.76
TOP,아지르,25-30분,46,28.0,60.87
TOP,말파이트,25-30분,421,198.0,47.03
JUNGLE,우디르,20-25분,62,28.0,45.16
MIDDLE,리븐,25-30분,29,18.0,62.07
UTILITY,크산테,25-30분,16,4.0,25.0
MIDDLE,나피리,20-25분,157,79.0,50.32
MIDDLE,말자하,30-35분,131,64.0,48.85
TOP,모데카이저,25-30분,235,126.0,53.62
JUNGLE,우디르,25-30분,102,57.0,55.88
MIDDLE,리 신,25-30분,28,10.0,35.71
UTILITY,트위치,25-30분,21,10.0,47.62
TOP,녹턴,0-20분,46,20.0,43.48
BOTTOM,트위치,20-25분,138,62.0,44.93
TOP,올라프,0-20분,320,183.0,57.19
TOP,우르곳,0-20분,176,99.0,56.25
TOP,리산드라,0-20분,39,21.0,53.85
TOP,루시안,25-30분,19,9.0,47.37
TOP,문도 박사,35-40분,67,31.0,46.27
JUNGLE,자이라,35-40분,97,62.0,63.92
MIDDLE,비에고,35-40분,13,4.0,30.77
UTILITY,레나타 글라스크,35-40분,14,6.0,42.86
UTILITY,질리언,20-25분,130,63.0,48.46
MIDDLE,니코,25-30분,136,73.0,53.68
UTILITY,벨코즈,25-30분,140,73.0,52.14
MIDDLE,암베사,30-35분,68,36.0,52.94
BOTTOM,신지드,30-35분,42,23.0,54.76
MIDDLE,카사딘,30-35분,79,47.0,59.49
UTILITY,나미,30-35분,301,153.0,50.83
TOP,나서스,30-35분,62,40.0,64.52
BOTTOM,흐웨이,30-35분,15,7.0,46.67
JUNGLE,그라가스,30-35분,17,11.0,64.71
MIDDLE,리산드라,30-35분,225,129.0,57.33
UTILITY,스카너,30-35분,37,13.0,35.14
TOP,그라가스,20-25분,244,120.0,49.18
MIDDLE,비에고,20-25분,63,30.0,47.62
MIDDLE,바루스,20-25분,40,28.0,70.0
MIDDLE,초가스,0-20분,14,5.0,35.71
UTILITY,레나타 글라스크,0-20분,67,37.0,55.22
UTILITY,샤코,20-25분,72,34.0,47.22
TOP,니달리,20-25분,45,26.0,57.78
TOP,세주아니,25-30분,145,74.0,51.03
MIDDLE,드레이븐,20-25분,7,5.0,71.43
MIDDLE,니코,35-40분,29,12.0,41.38
UTILITY,마오카이,35-40분,77,45.0,58.44
TOP,케넨,35-40분,164,87.0,53.05
UTILITY,질리언,35-40분,37,22.0,59.46
TOP,초가스,25-30분,59,26.0,44.07
TOP,워윅,35-40분,38,17.0,44.74
MIDDLE,카르마,35-40분,9,4.0,44.44
UTILITY,유미,35-40분,110,62.0,56.36
UTILITY,자르반 4세,25-30분,32,20.0,62.5
TOP,말자하,25-30분,18,7.0,38.89
TOP,뽀삐,25-30분,234,119.0,50.85
MIDDLE,벡스,25-30분,346,195.0,56.36
TOP,아크샨,25-30분,22,8.0,36.36
UTILITY,피들스틱,30-35분,62,27.0,43.55
JUNGLE,올라프,30-35분,13,6.0,46.15
TOP,벨코즈,20-25분,8,5.0,62.5
UTILITY,베인,20-25분,10,6.0,60.0
TOP,요네,35-40분,113,60.0,53.1
UTILITY,렐,35-40분,246,131.0,53.25
TOP,퀸,0-20분,70,39.0,55.71
MIDDLE,판테온,20-25분,148,85.0,57.43
JUNGLE,사일러스,40분+,51,23.0,45.1
BOTTOM,카이사,40분+,126,61.0,48.41
UTILITY,엘리스,40분+,42,22.0,52.38
UTILITY,샤코,0-20분,48,16.0,33.33
JUNGLE,이블린,20-25분,165,78.0,47.27
UTILITY,멜,20-25분,115,35.0,30.43
JUNGLE,엘리스,20-25분,168,92.0,54.76
BOTTOM,카서스,30-35분,27,16.0,59.26
MIDDLE,코르키,30-35분,126,62.0,49.21
JUNGLE,잭스,30-35분,45,24.0,53.33
MIDDLE,럭스,30-35분,86,40.0,46.51
MIDDLE,제라스,0-20분,174,88.0,50.57
JUNGLE,케인,0-20분,123,54.0,43.9
MIDDLE,카르마,20-25분,28,12.0,42.86
TOP,클레드,35-40분,70,33.0,47.14
MIDDLE,제드,35-40분,205,102.0,49.76
BOTTOM,카서스,35-40분,11,6.0,54.55
TOP,렉사이,35-40분,25,16.0,64.0
TOP,피오라,35-40분,154,94.0,61.04
JUNGLE,그웬,35-40분,96,55.0,57.29
UTILITY,세나,20-25분,213,116.0,54.46
JUNGLE,에코,40분+,74,37.0,50.0
UTILITY,나미,40분+,28,14.0,50.0
UTILITY,블리츠크랭크,40분+,53,26.0,49.06
UTILITY,크산테,30-35분,9,4.0,44.44
TOP,쉔,0-20분,252,126.0,50.0
JUNGLE,아이번,30-35분,107,47.0,43.93
TOP,모데카이저,20-25분,181,88.0,48.62
TOP,코르키,20-25분,21,9.0,42.86
MIDDLE,말파이트,20-25분,26,15.0,57.69
MIDDLE,이렐리아,0-20분,269,155.0,57.62
BOTTOM,세나,25-30분,9,3.0,33.33
UTILITY,키아나,25-30분,15,8.0,53.33
TOP,트린다미어,30-35분,128,56.0,43.75
TOP,탈론,30-35분,5,4.0,80.0
BOTTOM,자야,30-35분,212,105.0,49.53
TOP,블라디미르,0-20분,241,117.0,48.55
BOTTOM,흐웨이,25-30분,19,11.0,57.89
MIDDLE,카시오페아,25-30분,231,124.0,53.68
UTILITY,질리언,25-30분,184,94.0,51.09
UTILITY,람머스,20-25분,40,20.0,50.0
TOP,트리스타나,0-20분,15,9.0,60.0
MIDDLE,세트,0-20분,15,6.0,40.0
MIDDLE,케넨,20-25분,25,14.0,56.0
TOP,리븐,20-25분,260,136.0,52.31
MIDDLE,카사딘,20-25분,116,52.0,44.83
TOP,오공,20-25분,50,23.0,46.0
JUNGLE,람머스,20-25분,46,25.0,54.35
MIDDLE,아지르,35-40분,76,37.0,48.68
JUNGLE,모르가나,20-25분,14,8.0,57.14
UTILITY,제이스,20-25분,6,2.0,33.33
UTILITY,나미,20-25분,333,164.0,49.25
UTILITY,아무무,30-35분,25,14.0,56.0
JUNGLE,이블린,0-20분,139,90.0,64.75
JUNGLE,카서스,30-35분,401,208.0,51.87
TOP,티모,30-35분,115,58.0,50.43
BOTTOM,사미라,0-20분,128,71.0,55.47
MIDDLE,신지드,35-40분,11,8.0,72.73
JUNGLE,마스터 이,20-25분,161,80.0,49.69
TOP,문도 박사,20-25분,252,117.0,46.43
UTILITY,제라스,25-30분,101,40.0,39.6
JUNGLE,이블린,35-40분,72,37.0,51.39
TOP,클레드,40분+,13,5.0,38.46
MIDDLE,갈리오,40분+,65,33.0,50.77
BOTTOM,미스 포츈,40분+,60,29.0,48.33
UTILITY,라칸,40분+,64,36.0,56.25
MIDDLE,흐웨이,35-40분,96,44.0,45.83
JUNGLE,카서스,35-40분,164,82.0,50.0
MIDDLE,판테온,35-40분,33,20.0,60.61
TOP,쉔,20-25분,246,125.0,50.81
UTILITY,스카너,35-40분,15,6.0,40.0
UTILITY,피들스틱,25-30분,85,43.0,50.59
UTILITY,잔나,25-30분,191,99.0,51.83
MIDDLE,레넥톤,0-20분,63,30.0,47.62
JUNGLE,세주아니,20-25분,88,43.0,48.86
UTILITY,탐 켄치,20-25분,66,32.0,48.48
TOP,리 신,0-20분,36,17.0,47.22
TOP,자크,30-35분,69,38.0,55.07
JUNGLE,릴리아,35-40분,86,53.0,61.63
TOP,녹턴,30-35분,31,16.0,51.61
TOP,트린다미어,0-20분,157,83.0,52.87
TOP,초가스,20-25분,40,21.0,52.5
BOTTOM,징크스,35-40분,285,141.0,49.47
TOP,리산드라,25-30분,39,23.0,58.97
UTILITY,자이라,30-35분,88,40.0,45.45
MIDDLE,말자하,0-20분,160,73.0,45.62
BOTTOM,스웨인,25-30분,226,122.0,53.98
JUNGLE,케인,35-40분,38,18.0,47.37
MIDDLE,세주아니,25-30분,6,0.0,0.0
JUNGLE,엘리스,0-20분,179,90.0,50.28
MIDDLE,제이스,20-25분,61,32.0,52.46
JUNGLE,트런들,20-25분,45,19.0,42.22
TOP,케일,0-20분,74,38.0,51.35
TOP,블라디미르,30-35분,235,127.0,54.04
TOP,케일,30-35분,79,48.0,60.76
MIDDLE,말파이트,30-35분,18,8.0,44.44
MIDDLE,직스,35-40분,8,5.0,62.5
UTILITY,소라카,35-40분,57,34.0,59.65
UTILITY,스웨인,35-40분,45,20.0,44.44
TOP,다리우스,30-35분,286,138.0,48.25
UTILITY,탐 켄치,30-35분,67,22.0,32.84
MIDDLE,벨코즈,25-30분,36,13.0,36.11
UTILITY,레나타 글라스크,30-35분,44,25.0,56.82
MIDDLE,리븐,30-35분,17,9.0,52.94
MIDDLE,레넥톤,25-30분,75,41.0,54.67
TOP,말자하,0-20분,8,4.0,50.0
MIDDLE,다이애나,30-35분,192,82.0,42.71
TOP,룰루,30-35분,38,19.0,50.0
TOP,키아나,30-35분,25,8.0,32.0
MIDDLE,모르가나,20-25분,29,13.0,44.83
MIDDLE,세트,25-30분,12,7.0,58.33
TOP,리븐,30-35분,218,119.0,54.59
JUNGLE,오공,30-35분,177,93.0,52.54
UTILITY,질리언,0-20분,118,55.0,46.61
UTILITY,카밀,20-25분,63,37.0,58.73
JUNGLE,모르가나,0-20분,18,9.0,50.0
MIDDLE,리 신,0-20분,17,10.0,58.82
MIDDLE,신지드,0-20분,43,21.0,48.84
MIDDLE,말자하,25-30분,258,128.0,49.61
TOP,탐 켄치,20-25분,70,34.0,48.57
MIDDLE,바루스,30-35분,34,19.0,55.88
JUNGLE,릴리아,20-25분,272,156.0,57.35
MIDDLE,아우렐리온 솔,20-25분,183,95.0,51.91
UTILITY,자이라,20-25분,72,37.0,51.39
JUNGLE,스카너,30-35분,93,44.0,47.31
JUNGLE,우디르,30-35분,75,34.0,45.33
BOTTOM,카서스,0-20분,18,13.0,72.22
UTILITY,샤코,25-30분,94,40.0,42.55
MIDDLE,베인,25-30분,12,3.0,25.0
TOP,워윅,40분+,11,5.0,45.45
JUNGLE,렝가,40분+,11,5.0,45.45
BOTTOM,직스,40분+,24,9.0,37.5
TOP,티모,40분+,14,7.0,50.0
UTILITY,노틸러스,40분+,96,51.0,53.12
TOP,오공,25-30분,90,46.0,51.11
MIDDLE,유나라,25-30분,6,4.0,66.67
BOTTOM,베인,0-20분,56,26.0,46.43
BOTTOM,야스오,30-35분,47,21.0,44.68
MIDDLE,제리,35-40분,5,4.0,80.0
BOTTOM,신지드,35-40분,13,7.0,53.85
JUNGLE,아트록스,35-40분,16,8.0,50.0
BOTTOM,칼리스타,35-40분,20,9.0,45.0
TOP,빅토르,25-30분,21,11.0,52.38
TOP,워윅,30-35분,133,67.0,50.38
TOP,카시오페아,0-20분,98,47.0,47.96
MIDDLE,나서스,20-25분,8,6.0,75.0
MIDDLE,직스,30-35분,42,22.0,52.38
TOP,야스오,25-30분,340,161.0,47.35
MIDDLE,제이스,30-35분,59,23.0,38.98
TOP,우르곳,30-35분,196,113.0,57.65
TOP,다리우스,20-25분,323,158.0,48.92
MIDDLE,럭스,20-25분,94,58.0,61.7
TOP,그레이브즈,0-20분,7,1.0,14.29
UTILITY,잭스,20-25분,5,2.0,40.0
MIDDLE,질리언,20-25분,15,6.0,40.0
TOP,소라카,30-35분,5,4.0,80.0
UTILITY,모르가나,30-35분,112,58.0,51.79
TOP,마오카이,30-35분,37,18.0,48.65
JUNGLE,스카너,20-25분,99,44.0,44.44
TOP,우르곳,20-25분,199,120.0,60.3
UTILITY,럼블,25-30분,11,5.0,45.45
TOP,세주아니,20-25분,119,60.0,50.42
MIDDLE,잭스,25-30분,11,4.0,36.36
JUNGLE,렝가,30-35분,122,64.0,52.46
MIDDLE,자크,30-35분,32,14.0,43.75
TOP,자크,35-40분,21,8.0,38.1
JUNGLE,샤코,35-40분,45,24.0,53.33
TOP,카시오페아,30-35분,110,50.0,45.45
TOP,판테온,35-40분,54,27.0,50.0
JUNGLE,샤코,25-30분,204,107.0,52.45
TOP,녹턴,35-40분,11,4.0,36.36
UTILITY,세나,35-40분,79,35.0,44.3
TOP,모데카이저,0-20분,152,74.0,48.68
JUNGLE,아트록스,0-20분,73,36.0,49.32
MIDDLE,제이스,0-20분,47,23.0,48.94
MIDDLE,말파이트,25-30분,36,19.0,52.78
UTILITY,자이라,25-30분,111,52.0,46.85
UTILITY,밀리오,30-35분,182,94.0,51.65
MIDDLE,룰루,0-20분,12,5.0,41.67
MIDDLE,바루스,25-30분,40,28.0,70.0
JUNGLE,자헨,20-25분,14,9.0,64.29
MIDDLE,직스,0-20분,34,20.0,58.82
BOTTOM,벨코즈,40분+,11,2.0,18.18
UTILITY,멜,40분+,28,14.0,50.0
TOP,피오라,40분+,42,22.0,52.38
UTILITY,바드,40분+,75,32.0,42.67
BOTTOM,멜,25-30분,65,33.0,50.77
TOP,아크샨,30-35분,9,4.0,44.44
TOP,니달리,25-30분,47,24.0,51.06
JUNGLE,리븐,25-30분,18,9.0,50.0
MIDDLE,레넥톤,30-35분,42,22.0,52.38
JUNGLE,워윅,30-35분,42,25.0,59.52
MIDDLE,자이라,25-30분,11,5.0,45.45
MIDDLE,모르가나,30-35분,47,32.0,68.09
JUNGLE,잭스,35-40분,11,6.0,54.55
UTILITY,베인,0-20분,6,4.0,66.67
MIDDLE,크산테,25-30분,29,18.0,62.07
TOP,세트,0-20분,219,107.0,48.86
MIDDLE,쉔,25-30분,9,6.0,66.67
BOTTOM,빅토르,20-25분,15,8.0,53.33
JUNGLE,세주아니,30-35분,113,60.0,53.1
JUNGLE,럼블,25-30분,12,5.0,41.67
JUNGLE,니코,25-30분,12,8.0,66.67
BOTTOM,케이틀린,40분+,95,49.0,51.58
JUNGLE,렉사이,40분+,43,22.0,51.16
UTILITY,크산테,0-20분,12,5.0,41.67
UTILITY,럼블,20-25분,6,2.0,33.33
BOTTOM,코그모,35-40분,25,12.0,48.0
TOP,탐 켄치,25-30분,96,39.0,40.62
UTILITY,갈리오,25-30분,67,37.0,55.22
UTILITY,흐웨이,20-25분,15,7.0,46.67
TOP,빅토르,20-25분,14,6.0,42.86
BOTTOM,세라핀,20-25분,16,8.0,50.0
JUNGLE,뽀삐,25-30분,76,40.0,52.63
TOP,드레이븐,35-40분,14,6.0,42.86
MIDDLE,카사딘,0-20분,87,43.0,49.43
UTILITY,람머스,0-20분,37,18.0,48.65
TOP,아이번,25-30분,30,15.0,50.0
UTILITY,세트,30-35분,7,3.0,42.86
MIDDLE,갱플랭크,20-25분,15,5.0,33.33
TOP,다이애나,25-30분,11,7.0,63.64
JUNGLE,세주아니,35-40분,34,12.0,35.29
JUNGLE,문도 박사,35-40분,44,22.0,50.0
BOTTOM,징크스,40분+,60,25.0,41.67
TOP,빅토르,0-20분,10,5.0,50.0
UTILITY,트위치,20-25분,7,2.0,28.57
TOP,루시안,30-35분,13,9.0,69.23
UTILITY,애쉬,0-20분,19,5.0,26.32
TOP,가렌,0-20분,156,71.0,45.51
TOP,자크,20-25분,81,40.0,49.38
TOP,사일러스,30-35분,125,66.0,52.8
MIDDLE,케넨,30-35분,23,13.0,56.52
TOP,니달리,0-20분,46,25.0,54.35
TOP,리 신,35-40분,5,2.0,40.0
UTILITY,블리츠크랭크,35-40분,175,92.0,52.57
TOP,초가스,0-20분,32,17.0,53.12
TOP,코르키,30-35분,13,5.0,38.46
MIDDLE,스몰더,0-20분,67,29.0,43.28
TOP,룰루,20-25분,40,23.0,57.5
TOP,트런들,25-30분,38,17.0,44.74
TOP,트위스티드 페이트,0-20분,11,6.0,54.55
MIDDLE,자이라,0-20분,7,1.0,14.29
BOTTOM,세나,20-25분,5,2.0,40.0
UTILITY,애쉬,30-35분,11,6.0,54.55
UTILITY,모르가나,20-25분,134,62.0,46.27
MIDDLE,사이온,35-40분,27,10.0,37.04
JUNGLE,판테온,30-35분,70,33.0,47.14
MIDDLE,제라스,30-35분,201,103.0,51.24
BOTTOM,카시오페아,40분+,20,8.0,40.0
JUNGLE,니달리,40분+,57,23.0,40.35
MIDDLE,야스오,35-40분,114,54.0,47.37
TOP,초가스,35-40분,13,6.0,46.15
UTILITY,오리아나,30-35분,9,5.0,55.56
TOP,퀸,30-35분,94,47.0,50.0
TOP,카르마,25-30분,23,10.0,43.48
UTILITY,흐웨이,35-40분,10,4.0,40.0
TOP,세주아니,35-40분,28,16.0,57.14
MIDDLE,말파이트,35-40분,7,2.0,28.57
TOP,스몰더,30-35분,20,10.0,50.0
TOP,갱플랭크,35-40분,208,87.0,41.83
MIDDLE,나피리,35-40분,38,14.0,36.84
JUNGLE,브랜드,25-30분,35,23.0,65.71
TOP,키아나,25-30분,34,10.0,29.41
MIDDLE,녹턴,25-30분,16,5.0,31.25
JUNGLE,세주아니,0-20분,106,60.0,56.6
TOP,케인,0-20분,18,6.0,33.33
TOP,드레이븐,25-30분,62,30.0,48.39
TOP,갈리오,20-25분,70,43.0,61.43
MIDDLE,케넨,25-30분,38,26.0,68.42
MIDDLE,스몰더,20-25분,62,24.0,38.71
TOP,가렌,30-35분,132,62.0,46.97
TOP,제드,30-35분,41,21.0,51.22
JUNGLE,마오카이,25-30분,24,9.0,37.5
TOP,야스오,35-40분,77,34.0,44.16
MIDDLE,벡스,35-40분,79,34.0,43.04
TOP,그레이브즈,25-30분,8,2.0,25.0
TOP,르블랑,25-30분,12,7.0,58.33
TOP,다이애나,30-35분,10,4.0,40.0
JUNGLE,샤코,30-35분,127,67.0,52.76
TOP,리븐,0-20분,262,138.0,52.67
TOP,카밀,40분+,19,7.0,36.84
UTILITY,럭스,40분+,19,8.0,42.11
MIDDLE,암베사,40분+,7,4.0,57.14
BOTTOM,자야,40분+,15,9.0,60.0
MIDDLE,이렐리아,35-40분,76,39.0,51.32
TOP,니달리,35-40분,7,3.0,42.86
MIDDLE,리산드라,35-40분,55,26.0,47.27
TOP,키아나,0-20분,13,7.0,53.85
BOTTOM,세라핀,0-20분,17,8.0,47.06
TOP,카타리나,30-35분,5,4.0,80.0
TOP,에코,30-35분,9,2.0,22.22
TOP,일라오이,20-25분,89,43.0,48.31
MIDDLE,직스,20-25분,42,21.0,50.0
TOP,하이머딩거,0-20분,79,42.0,53.16
MIDDLE,나피리,30-35분,157,76.0,48.41
UTILITY,조이,0-20분,40,22.0,55.0
JUNGLE,이블린,40분+,15,11.0,73.33
BOTTOM,드레이븐,40분+,31,15.0,48.39
UTILITY,파이크,40분+,57,32.0,56.14
TOP,갈리오,40분+,6,1.0,16.67
MIDDLE,오로라,40분+,35,22.0,62.86
TOP,베인,40분+,14,8.0,57.14
JUNGLE,아트록스,40분+,9,2.0,22.22
TOP,아칼리,40분+,17,7.0,41.18
UTILITY,소나,40분+,20,12.0,60.0
JUNGLE,아이번,20-25분,138,69.0,50.0
UTILITY,세트,20-25분,13,4.0,30.77
TOP,오리아나,25-30분,9,5.0,55.56
UTILITY,샤코,35-40분,33,13.0,39.39
UTILITY,자크,0-20분,20,13.0,65.0
UTILITY,그라가스,0-20분,22,14.0,63.64
BOTTOM,베인,30-35분,47,20.0,42.55
BOTTOM,자이라,25-30분,5,2.0,40.0
BOTTOM,사미라,25-30분,170,76.0,44.71
MIDDLE,카시오페아,35-40분,52,23.0,44.23
UTILITY,에코,20-25분,6,3.0,50.0
JUNGLE,럼블,20-25분,8,3.0,37.5
MIDDLE,애니,20-25분,49,23.0,46.94
BOTTOM,세나,30-35분,9,2.0,22.22
MIDDLE,럭스,25-30분,121,56.0,46.28
JUNGLE,벨베스,35-40분,54,28.0,51.85
BOTTOM,야스오,35-40분,16,11.0,68.75
UTILITY,소나,35-40분,78,37.0,47.44
TOP,가렌,20-25분,165,75.0,45.45
TOP,아크샨,35-40분,7,5.0,71.43
BOTTOM,멜,35-40분,24,10.0,41.67
MIDDLE,카서스,0-20분,10,3.0,30.0
TOP,아이번,20-25분,22,11.0,50.0
MIDDLE,리 신,30-35분,15,8.0,53.33
TOP,람머스,25-30분,16,11.0,68.75
MIDDLE,질리언,25-30분,19,10.0,52.63
MIDDLE,애니,0-20분,42,21.0,50.0
MIDDLE,리 신,20-25분,18,12.0,66.67
MIDDLE,야스오,40분+,26,14.0,53.85
UTILITY,세라핀,40분+,22,13.0,59.09
MIDDLE,키아나,40분+,21,11.0,52.38
JUNGLE,문도 박사,40분+,8,6.0,75.0
MIDDLE,신지드,25-30분,65,34.0,52.31
MIDDLE,아트록스,0-20분,28,17.0,60.71
TOP,룰루,0-20분,30,14.0,46.67
BOTTOM,아우렐리온 솔,20-25분,40,23.0,57.5
UTILITY,브랜드,25-30분,40,17.0,42.5
BOTTOM,아우렐리온 솔,35-40분,28,11.0,39.29
BOTTOM,신지드,25-30분,55,28.0,50.91
MIDDLE,스몰더,30-35분,68,30.0,44.12
UTILITY,베인,30-35분,5,2.0,40.0
MIDDLE,피즈,25-30분,207,109.0,52.66
TOP,카타리나,25-30분,10,3.0,30.0
UTILITY,멜,35-40분,44,26.0,59.09
MIDDLE,럭스,35-40분,46,25.0,54.35
TOP,드레이븐,20-25분,53,28.0,52.83
JUNGLE,우디르,0-20분,63,40.0,63.49
TOP,제드,20-25분,37,16.0,43.24
UTILITY,탈리야,20-25분,15,9.0,60.0
JUNGLE,자헨,30-35분,15,6.0,40.0
BOTTOM,코그모,25-30분,71,36.0,50.7
MIDDLE,트린다미어,30-35분,37,14.0,37.84
UTILITY,하이머딩거,25-30분,29,16.0,55.17
MIDDLE,애니,30-35분,52,22.0,42.31
BOTTOM,초가스,30-35분,5,2.0,40.0
JUNGLE,다이애나,35-40분,60,24.0,40.0
MIDDLE,제리,25-30분,20,6.0,30.0
MIDDLE,나피리,25-30분,233,107.0,45.92
UTILITY,자르반 4세,30-35분,12,5.0,41.67
TOP,오공,0-20분,55,28.0,50.91
TOP,스웨인,20-25분,41,22.0,53.66
TOP,그라가스,35-40분,71,34.0,47.89
BOTTOM,사미라,35-40분,34,15.0,44.12
TOP,다이애나,0-20분,9,6.0,66.67
MIDDLE,벨코즈,35-40분,15,9.0,60.0
MIDDLE,나피리,40분+,11,5.0,45.45
BOTTOM,초가스,25-30분,6,2.0,33.33
UTILITY,베인,25-30분,12,7.0,58.33
TOP,조이,20-25분,15,4.0,26.67
MIDDLE,카밀,20-25분,14,4.0,28.57
MIDDLE,트린다미어,0-20분,57,29.0,50.88
JUNGLE,스카너,0-20분,72,27.0,37.5
BOTTOM,탈리야,20-25분,6,4.0,66.67
JUNGLE,피들스틱,40분+,19,15.0,78.95
MIDDLE,유나라,0-20분,8,3.0,37.5
TOP,트리스타나,30-35분,17,6.0,35.29
BOTTOM,빅토르,25-30분,26,16.0,61.54
UTILITY,조이,30-35분,44,18.0,40.91
MIDDLE,베이가,25-30분,128,69.0,53.91
TOP,쉔,40분+,26,11.0,42.31
TOP,볼리베어,40분+,23,13.0,56.52
JUNGLE,제드,40분+,45,19.0,42.22
BOTTOM,애쉬,40분+,34,18.0,52.94
TOP,그라가스,40분+,21,11.0,52.38
MIDDLE,사이온,0-20분,69,36.0,52.17
UTILITY,탐 켄치,0-20분,50,25.0,50.0
JUNGLE,킨드레드,35-40분,43,24.0,55.81
UTILITY,잭스,0-20분,7,4.0,57.14
BOTTOM,자이라,0-20분,5,4.0,80.0
BOTTOM,코그모,0-20분,54,33.0,61.11
TOP,스몰더,25-30분,31,19.0,61.29
TOP,키아나,20-25분,10,4.0,40.0
JUNGLE,케인,40분+,7,3.0,42.86
UTILITY,판테온,40분+,27,11.0,40.74
TOP,블라디미르,40분+,23,15.0,65.22
UTILITY,키아나,20-25분,13,7.0,53.85
UTILITY,세주아니,25-30분,6,3.0,50.0
TOP,마오카이,0-20분,34,12.0,35.29
JUNGLE,올라프,0-20분,15,6.0,40.0
MIDDLE,이즈리얼,0-20분,11,4.0,36.36
BOTTOM,흐웨이,0-20분,16,6.0,37.5
JUNGLE,브랜드,0-20분,25,8.0,32.0
UTILITY,그라가스,30-35분,20,12.0,60.0
MIDDLE,신지드,30-35분,40,20.0,50.0
MIDDLE,리븐,20-25분,23,16.0,69.57
JUNGLE,초가스,20-25분,33,24.0,72.73
TOP,올라프,40분+,25,14.0,56.0
JUNGLE,그레이브즈,35-40분,95,48.0,50.53
UTILITY,탈리야,25-30분,20,12.0,60.0
JUNGLE,초가스,25-30분,49,24.0,48.98
JUNGLE,아이번,0-20분,119,57.0,47.9
JUNGLE,그라가스,0-20분,19,9.0,47.37
UTILITY,신지드,20-25분,6,2.0,33.33
MIDDLE,말파이트,0-20분,27,14.0,51.85
JUNGLE,그라가스,25-30분,33,13.0,39.39
MIDDLE,카르마,25-30분,34,16.0,47.06
TOP,탐 켄치,0-20분,54,28.0,51.85
TOP,다리우스,35-40분,98,53.0,54.08
TOP,카르마,35-40분,6,1.0,16.67
MIDDLE,세라핀,0-20분,11,2.0,18.18
BOTTOM,탈리야,30-35분,6,1.0,16.67
JUNGLE,모르가나,25-30분,21,4.0,19.05
TOP,세트,35-40분,69,34.0,49.28
MIDDLE,자크,0-20분,54,30.0,55.56
JUNGLE,스카너,25-30분,117,63.0,53.85
TOP,요네,40분+,25,14.0,56.0
JUNGLE,그웬,40분+,20,12.0,60.0
BOTTOM,제라스,30-35분,29,11.0,37.93
TOP,에코,25-30분,18,8.0,44.44
MIDDLE,뽀삐,20-25분,6,4.0,66.67
MIDDLE,제리,20-25분,11,5.0,45.45
BOTTOM,하이머딩거,30-35분,29,16.0,55.17
UTILITY,케이틀린,25-30분,5,3.0,60.0
UTILITY,자이라,0-20분,66,28.0,42.42
TOP,케인,35-40분,12,5.0,41.67
JUNGLE,볼리베어,0-20분,13,7.0,53.85
BOTTOM,신지드,20-25분,32,18.0,56.25
UTILITY,케넨,0-20분,19,14.0,73.68
MIDDLE,퀸,25-30분,27,9.0,33.33
UTILITY,세트,25-30분,20,11.0,55.0
BOTTOM,탈리야,25-30분,7,3.0,42.86
MIDDLE,베이가,30-35분,60,34.0,56.67
UTILITY,밀리오,20-25분,221,83.0,37.56
TOP,가렌,35-40분,57,30.0,52.63
MIDDLE,퀸,20-25분,18,4.0,22.22
TOP,룰루,25-30분,47,31.0,65.96
JUNGLE,자헨,0-20분,15,6.0,40.0
MIDDLE,아트록스,30-35분,22,5.0,22.73
MIDDLE,세라핀,25-30분,17,10.0,58.82
UTILITY,케넨,25-30분,26,17.0,65.38
MIDDLE,바루스,35-40분,15,7.0,46.67
MIDDLE,애니,25-30분,78,32.0,41.03
TOP,트리스타나,20-25분,10,7.0,70.0
MIDDLE,럼블,20-25분,25,16.0,64.0
UTILITY,그라가스,25-30분,30,14.0,46.67
UTILITY,탐 켄치,35-40분,23,13.0,56.52
MIDDLE,클레드,25-30분,39,21.0,53.85
MIDDLE,에코,40분+,33,14.0,42.42
TOP,하이머딩거,25-30분,85,44.0,51.76
TOP,코르키,0-20분,19,13.0,68.42
TOP,마스터 이,20-25분,24,9.0,37.5
UTILITY,이즈리얼,30-35분,5,2.0,40.0
TOP,자크,0-20분,66,33.0,50.0
JUNGLE,그라가스,20-25분,32,21.0,65.62
UTILITY,트런들,20-25분,8,3.0,37.5
BOTTOM,신드라,25-30분,6,3.0,50.0
TOP,나피리,0-20분,17,11.0,64.71
BOTTOM,제라스,0-20분,28,12.0,42.86
JUNGLE,아이번,35-40분,38,20.0,52.63
MIDDLE,자헨,25-30분,22,6.0,27.27
BOTTOM,코그모,30-35분,63,31.0,49.21
JUNGLE,브랜드,20-25분,19,12.0,63.16
BOTTOM,스웨인,30-35분,154,82.0,53.25
JUNGLE,모르가나,30-35분,10,6.0,60.0
MIDDLE,초가스,30-35분,9,2.0,22.22
JUNGLE,마스터 이,30-35분,103,49.0,47.57
BOTTOM,하이머딩거,0-20분,27,19.0,70.37
BOTTOM,빅토르,35-40분,5,3.0,60.0
TOP,벨베스,25-30분,20,4.0,20.0
TOP,케인,25-30분,20,10.0,50.0
JUNGLE,케인,30-35분,106,49.0,46.23
UTILITY,트런들,25-30분,6,2.0,33.33
TOP,제이스,40분+,28,15.0,53.57
MIDDLE,레넥톤,40분+,7,4.0,57.14
TOP,오른,40분+,17,9.0,52.94
UTILITY,오리아나,0-20분,6,1.0,16.67
MIDDLE,이렐리아,40분+,14,5.0,35.71
MIDDLE,다이애나,35-40분,60,32.0,53.33
MIDDLE,신지드,20-25분,46,27.0,58.7
MIDDLE,모르가나,35-40분,13,8.0,61.54
TOP,신 짜오,0-20분,42,16.0,38.1
JUNGLE,카서스,40분+,48,30.0,62.5
TOP,일라오이,30-35분,75,33.0,44.0
UTILITY,자크,20-25분,13,8.0,61.54
UTILITY,카시오페아,0-20분,9,6.0,66.67
TOP,퀸,35-40분,16,7.0,43.75
UTILITY,제라스,30-35분,60,28.0,46.67
UTILITY,애니비아,40분+,8,5.0,62.5
MIDDLE,블라디미르,40분+,5,4.0,80.0
TOP,이렐리아,40분+,33,17.0,51.52
TOP,트위스티드 페이트,20-25분,11,7.0,63.64
BOTTOM,세나,0-20분,7,3.0,42.86
MIDDLE,이즈리얼,30-35분,9,4.0,44.44
TOP,카시오페아,35-40분,38,22.0,57.89
TOP,니코,30-35분,16,8.0,50.0
UTILITY,리산드라,0-20분,12,5.0,41.67
JUNGLE,탈론,40분+,41,24.0,58.54
JUNGLE,뽀삐,40분+,7,2.0,28.57
MIDDLE,아우렐리온 솔,30-35분,147,74.0,50.34
BOTTOM,빅토르,30-35분,13,7.0,53.85
MIDDLE,리산드라,40분+,11,7.0,63.64
JUNGLE,쉔,30-35분,7,3.0,42.86
BOTTOM,트위치,40분+,12,8.0,66.67
MIDDLE,잭스,30-35분,5,1.0,20.0
JUNGLE,초가스,0-20분,32,21.0,65.62
JUNGLE,마오카이,20-25분,19,5.0,26.32
UTILITY,에코,25-30분,6,4.0,66.67
TOP,빅토르,30-35분,8,6.0,75.0
MIDDLE,카이사,30-35분,9,3.0,33.33
JUNGLE,트런들,35-40분,14,5.0,35.71
MIDDLE,누누와 윌럼프,35-40분,17,8.0,47.06
UTILITY,타릭,35-40분,55,20.0,36.36
TOP,나서스,35-40분,19,10.0,52.63
MIDDLE,아트록스,25-30분,40,17.0,42.5
BOTTOM,베이가,30-35분,25,15.0,60.0
TOP,스웨인,35-40분,10,9.0,90.0
MIDDLE,자헨,30-35분,12,5.0,41.67
TOP,신드라,30-35분,5,2.0,40.0
MIDDLE,가렌,0-20분,16,8.0,50.0
MIDDLE,베인,0-20분,6,3.0,50.0
TOP,비에고,30-35분,13,8.0,61.54
MIDDLE,피들스틱,20-25분,7,4.0,57.14
JUNGLE,사이온,20-25분,6,2.0,33.33
TOP,나피리,25-30분,17,7.0,41.18
MIDDLE,그웬,30-35분,5,0.0,0.0
MIDDLE,모르가나,0-20분,44,17.0,38.64
TOP,조이,0-20분,6,5.0,83.33
JUNGLE,니코,30-35분,14,9.0,64.29
UTILITY,하이머딩거,20-25분,27,10.0,37.04
JUNGLE,브라이어,25-30분,86,37.0,43.02
BOTTOM,애니비아,25-30분,5,4.0,80.0
MIDDLE,나서스,30-35분,10,5.0,50.0
MIDDLE,우르곳,0-20분,6,3.0,50.0
MIDDLE,모데카이저,25-30분,25,14.0,56.0
TOP,야스오,40분+,19,8.0,42.11
TOP,카시오페아,40분+,14,7.0,50.0
UTILITY,타릭,40분+,16,6.0,37.5
MIDDLE,클레드,35-40분,7,2.0,28.57
UTILITY,카밀,35-40분,11,5.0,45.45
JUNGLE,브랜드,30-35분,25,15.0,60.0
UTILITY,아무무,0-20분,18,6.0,33.33
MIDDLE,흐웨이,40분+,40,17.0,42.5
JUNGLE,신 짜오,40분+,40,20.0,50.0
TOP,뽀삐,35-40분,52,28.0,53.85
TOP,우르곳,35-40분,61,27.0,44.26
JUNGLE,잭스,40분+,5,3.0,60.0
TOP,아지르,0-20분,25,17.0,68.0
UTILITY,트위스티드 페이트,25-30분,11,5.0,45.45
MIDDLE,럼블,25-30분,33,14.0,42.42
JUNGLE,워윅,20-25분,54,27.0,50.0
UTILITY,자이라,35-40분,39,20.0,51.28
MIDDLE,룰루,25-30분,12,5.0,41.67
JUNGLE,워윅,0-20분,44,26.0,59.09
BOTTOM,스웨인,35-40분,54,26.0,48.15
MIDDLE,케일,25-30분,12,5.0,41.67
JUNGLE,나피리,35-40분,28,12.0,42.86
MIDDLE,럼블,0-20분,15,7.0,46.67
TOP,아지르,20-25분,26,12.0,46.15
MIDDLE,리븐,35-40분,5,5.0,100.0
MIDDLE,잭스,20-25분,7,4.0,57.14
UTILITY,잔나,40분+,14,10.0,71.43
TOP,하이머딩거,30-35분,71,32.0,45.07
TOP,아트록스,40분+,32,13.0,40.62
UTILITY,밀리오,40분+,12,9.0,75.0
TOP,아이번,35-40분,10,8.0,80.0
TOP,신지드,40분+,22,12.0,54.55
BOTTOM,신지드,0-20분,39,23.0,58.97
MIDDLE,카이사,0-20분,8,1.0,12.5
TOP,키아나,35-40분,8,3.0,37.5
UTILITY,아무무,20-25분,21,9.0,42.86
MIDDLE,자이라,20-25분,5,3.0,60.0
TOP,다이애나,20-25분,13,8.0,61.54
TOP,제드,35-40분,10,6.0,60.0
TOP,카르마,0-20분,15,6.0,40.0
TOP,우디르,40분+,9,5.0,55.56
MIDDLE,피즈,40분+,13,3.0,23.08
UTILITY,벨코즈,40분+,10,5.0,50.0
UTILITY,세라핀,35-40분,70,30.0,42.86
TOP,비에고,25-30분,16,10.0,62.5
MIDDLE,카시오페아,40분+,18,9.0,50.0
JUNGLE,판테온,40분+,6,3.0,50.0
TOP,케인,30-35분,14,7.0,50.0
UTILITY,질리언,40분+,11,7.0,63.64
TOP,트린다미어,35-40분,47,20.0,42.55
MIDDLE,피즈,35-40분,38,15.0,39.47
MIDDLE,아크샨,40분+,27,11.0,40.74
BOTTOM,스웨인,40분+,20,9.0,45.0
BOTTOM,스몰더,40분+,31,15.0,48.39
UTILITY,애쉬,20-25분,13,9.0,69.23
TOP,니코,0-20분,19,9.0,47.37
JUNGLE,브라이어,0-20분,43,16.0,37.21
MIDDLE,나서스,0-20분,7,3.0,42.86
UTILITY,바이,0-20분,5,1.0,20.0
BOTTOM,베인,35-40분,19,13.0,68.42
MIDDLE,세트,20-25분,11,6.0,54.55
UTILITY,람머스,35-40분,14,8.0,57.14
JUNGLE,워윅,25-30분,64,33.0,51.56
BOTTOM,하이머딩거,25-30분,33,18.0,54.55
MIDDLE,그레이브즈,0-20분,5,3.0,60.0
TOP,카이사,25-30분,9,4.0,44.44
MIDDLE,니코,40분+,12,5.0,41.67
UTILITY,하이머딩거,0-20분,28,16.0,57.14
TOP,마스터 이,30-35분,16,5.0,31.25
MIDDLE,브랜드,30-35분,17,7.0,41.18
TOP,스웨인,25-30분,103,56.0,54.37
JUNGLE,스카너,35-40분,23,11.0,47.83
MIDDLE,가렌,25-30분,29,18.0,62.07
TOP,카타리나,0-20분,8,4.0,50.0
UTILITY,제라스,40분+,15,6.0,40.0
JUNGLE,럼블,30-35분,16,7.0,43.75
UTILITY,리산드라,25-30분,10,7.0,70.0
UTILITY,제라스,20-25분,51,26.0,50.98
MIDDLE,크산테,20-25분,20,9.0,45.0
TOP,소라카,25-30분,12,4.0,33.33
TOP,피들스틱,25-30분,12,4.0,33.33
MIDDLE,제드,40분+,71,34.0,47.89
JUNGLE,녹턴,40분+,10,7.0,70.0
BOTTOM,제라스,40분+,5,4.0,80.0
TOP,오공,30-35분,50,27.0,54.0
TOP,아지르,35-40분,16,6.0,37.5
MIDDLE,모데카이저,30-35분,10,5.0,50.0
BOTTOM,흐웨이,20-25분,19,13.0,68.42
TOP,모데카이저,30-35분,155,78.0,50.32
TOP,신 짜오,25-30분,63,35.0,55.56
JUNGLE,쉬바나,30-35분,5,2.0,40.0
UTILITY,직스,20-25분,5,2.0,40.0
UTILITY,오공,30-35분,7,4.0,57.14
TOP,가렌,40분+,10,4.0,40.0
TOP,볼리베어,35-40분,86,43.0,50.0
JUNGLE,다리우스,0-20분,5,3.0,60.0
MIDDLE,레넥톤,35-40분,20,9.0,45.0
TOP,오리아나,0-20분,9,2.0,22.22
BOTTOM,하이머딩거,35-40분,7,3.0,42.86
MIDDLE,피오라,20-25분,6,6.0,100.0
MIDDLE,리븐,0-20분,26,16.0,61.54
JUNGLE,자크,40분+,29,15.0,51.72
MIDDLE,카서스,30-35분,11,3.0,27.27
TOP,질리언,30-35분,5,2.0,40.0
MIDDLE,워윅,0-20분,13,5.0,38.46
MIDDLE,럼블,30-35분,22,9.0,40.91
UTILITY,자크,30-35분,21,6.0,28.57
BOTTOM,베이가,35-40분,10,5.0,50.0
UTILITY,제이스,25-30분,7,6.0,85.71
UTILITY,럼블,0-20분,8,4.0,50.0
UTILITY,피들스틱,35-40분,18,11.0,61.11
TOP,케일,35-40분,22,16.0,72.73
MIDDLE,모르가나,40분+,6,4.0,66.67
MIDDLE,갱플랭크,0-20분,14,6.0,42.86
MIDDLE,암베사,35-40분,15,9.0,60.0
BOTTOM,흐웨이,35-40분,11,5.0,45.45
MIDDLE,그웬,25-30분,9,6.0,66.67
JUNGLE,아무무,25-30분,35,14.0,40.0
TOP,초가스,30-35분,44,18.0,40.91
MIDDLE,요릭,25-30분,8,1.0,12.5
MIDDLE,카이사,25-30분,14,6.0,42.86
JUNGLE,아무무,20-25분,22,6.0,27.27
TOP,모데카이저,40분+,17,11.0,64.71
MIDDLE,사이온,40분+,6,4.0,66.67
UTILITY,트위치,30-35분,13,3.0,23.08
TOP,빅토르,35-40분,6,3.0,50.0
TOP,아리,0-20분,7,2.0,28.57
JUNGLE,마스터 이,35-40분,26,10.0,38.46
TOP,마스터 이,25-30분,31,15.0,48.39
TOP,스몰더,0-20분,14,1.0,7.14
MIDDLE,워윅,25-30분,10,3.0,30.0
MIDDLE,자헨,0-20분,15,8.0,53.33
MIDDLE,질리언,0-20분,9,3.0,33.33
JUNGLE,마스터 이,0-20분,120,61.0,50.83
UTILITY,탈리야,0-20분,25,13.0,52.0
MIDDLE,말자하,35-40분,74,42.0,56.76
JUNGLE,브라이어,20-25분,61,29.0,47.54
TOP,나피리,30-35분,15,6.0,40.0
MIDDLE,피오라,25-30분,8,5.0,62.5
TOP,우르곳,40분+,15,8.0,53.33
JUNGLE,벨베스,40분+,16,11.0,68.75
TOP,문도 박사,40분+,15,11.0,73.33
UTILITY,세주아니,0-20분,6,4.0,66.67
MIDDLE,세라핀,20-25분,9,2.0,22.22
MIDDLE,갱플랭크,35-40분,7,2.0,28.57
MIDDLE,신 짜오,0-20분,8,3.0,37.5
UTILITY,소라카,40분+,19,9.0,47.37
UTILITY,유미,40분+,24,12.0,50.0
MIDDLE,마스터 이,25-30분,13,6.0,46.15
TOP,조이,30-35분,7,5.0,71.43
MIDDLE,하이머딩거,30-35분,12,7.0,58.33
UTILITY,에코,0-20분,7,2.0,28.57
UTILITY,누누와 윌럼프,25-30분,9,3.0,33.33
UTILITY,브랜드,30-35분,23,11.0,47.83
TOP,신드라,25-30분,13,11.0,84.62
UTILITY,케넨,20-25분,17,9.0,52.94
TOP,카이사,20-25분,7,4.0,57.14
TOP,코르키,35-40분,7,3.0,42.86
MIDDLE,피들스틱,0-20분,12,3.0,25.0
BOTTOM,세라핀,25-30분,10,5.0,50.0
BOTTOM,하이머딩거,20-25분,27,13.0,48.15
TOP,바이,25-30분,6,2.0,33.33
TOP,오공,35-40분,10,6.0,60.0
MIDDLE,모데카이저,20-25분,10,5.0,50.0
JUNGLE,니코,20-25분,8,5.0,62.5
BOTTOM,키아나,25-30분,9,3.0,33.33
UTILITY,리산드라,20-25분,14,9.0,64.29
UTILITY,흐웨이,0-20분,18,11.0,61.11
TOP,르블랑,0-20분,8,4.0,50.0
UTILITY,피들스틱,40분+,8,4.0,50.0
TOP,나피리,20-25분,15,10.0,66.67
TOP,탐 켄치,35-40분,19,11.0,57.89
UTILITY,베이가,25-30분,22,8.0,36.36
MIDDLE,브랜드,0-20분,10,3.0,30.0
MIDDLE,신 짜오,25-30분,5,4.0,80.0
UTILITY,브랜드,20-25분,28,17.0,60.71
TOP,신 짜오,20-25분,55,23.0,41.82
MIDDLE,트위치,20-25분,12,7.0,58.33
TOP,트런들,0-20분,23,11.0,47.83
TOP,모데카이저,35-40분,62,32.0,51.61
UTILITY,쉔,0-20분,33,14.0,42.42
MIDDLE,다이애나,40분+,12,5.0,41.67
TOP,에코,20-25분,8,4.0,50.0
MIDDLE,뽀삐,25-30분,6,4.0,66.67
MIDDLE,하이머딩거,25-30분,16,7.0,43.75
UTILITY,자르반 4세,0-20분,19,10.0,52.63
UTILITY,스웨인,40분+,10,4.0,40.0
JUNGLE,그라가스,35-40분,12,5.0,41.67
TOP,니코,25-30분,27,16.0,59.26
JUNGLE,브라이어,30-35분,61,31.0,50.82
UTILITY,브랜드,0-20분,20,9.0,45.0
TOP,피들스틱,35-40분,5,0.0,0.0
TOP,카르마,30-35분,18,8.0,44.44
TOP,오리아나,20-25분,14,4.0,28.57
UTILITY,케이틀린,0-20분,5,1.0,20.0
MIDDLE,퀸,30-35분,14,7.0,50.0
TOP,피들스틱,20-25분,14,6.0,42.86
TOP,아이번,30-35분,22,11.0,50.0
MIDDLE,가렌,20-25분,18,5.0,27.78
MIDDLE,가렌,30-35분,13,6.0,46.15
UTILITY,브랜드,35-40분,10,2.0,20.0
MIDDLE,아트록스,20-25분,28,15.0,53.57
TOP,트런들,20-25분,37,19.0,51.35
TOP,벨베스,20-25분,24,12.0,50.0
JUNGLE,리븐,20-25분,6,4.0,66.67
MIDDLE,티모,20-25분,5,2.0,40.0
TOP,카사딘,25-30분,12,3.0,25.0
BOTTOM,탈리야,0-20분,6,4.0,66.67
TOP,카르마,20-25분,21,9.0,42.86
TOP,니코,20-25분,12,7.0,58.33
TOP,드레이븐,30-35분,57,22.0,38.6
UTILITY,세나,40분+,18,7.0,38.89
MIDDLE,그라가스,35-40분,15,9.0,60.0
TOP,케인,20-25분,15,8.0,53.33
TOP,벡스,25-30분,5,5.0,100.0
TOP,바루스,40분+,16,9.0,56.25
TOP,사일러스,40분+,10,4.0,40.0
MIDDLE,케일,0-20분,6,0.0,0.0
MIDDLE,제리,0-20분,9,6.0,66.67
TOP,신 짜오,35-40분,15,6.0,40.0
JUNGLE,마오카이,35-40분,5,5.0,100.0
TOP,벨베스,30-35분,10,4.0,40.0
TOP,하이머딩거,35-40분,28,19.0,67.86
JUNGLE,아이번,40분+,11,8.0,72.73
MIDDLE,아지르,40분+,15,8.0,53.33
BOTTOM,코르키,40분+,17,6.0,35.29
UTILITY,트위치,0-20분,13,7.0,53.85
MIDDLE,애니,35-40분,18,10.0,55.56
UTILITY,세트,0-20분,13,6.0,46.15
BOTTOM,빅토르,0-20분,12,11.0,91.67
MIDDLE,룰루,30-35분,9,2.0,22.22
JUNGLE,워윅,40분+,5,0.0,0.0
MIDDLE,판테온,40분+,9,2.0,22.22
UTILITY,탈리야,30-35분,11,5.0,45.45
TOP,피들스틱,30-35분,14,7.0,50.0
TOP,비에고,0-20분,13,7.0,53.85
TOP,퀸,40분+,11,3.0,27.27
MIDDLE,룰루,20-25분,8,4.0,50.0
TOP,탐 켄치,40분+,6,3.0,50.0
TOP,카사딘,0-20분,5,2.0,40.0
UTILITY,하이머딩거,30-35분,36,18.0,50.0
TOP,리븐,40분+,16,6.0,37.5
UTILITY,사이온,20-25분,6,2.0,33.33
TOP,렉사이,40분+,9,6.0,66.67
MIDDLE,벡스,40분+,27,11.0,40.74
TOP,벨베스,35-40분,5,4.0,80.0
UTILITY,벨코즈,35-40분,45,18.0,40.0
UTILITY,렝가,35-40분,6,3.0,50.0
MIDDLE,뽀삐,0-20분,7,6.0,85.71
MIDDLE,스몰더,40분+,6,4.0,66.67
UTILITY,신지드,30-35분,6,3.0,50.0
TOP,말자하,20-25분,10,4.0,40.0
MIDDLE,카타리나,40분+,46,19.0,41.3
UTILITY,크산테,35-40분,5,4.0,80.0
MIDDLE,케넨,35-40분,7,5.0,71.43
MIDDLE,아이번,0-20분,5,1.0,20.0
MIDDLE,아트록스,35-40분,7,4.0,57.14
MIDDLE,아우렐리온 솔,40분+,21,15.0,71.43
UTILITY,문도 박사,20-25분,6,3.0,50.0
UTILITY,자이라,40분+,12,5.0,41.67
TOP,렝가,40분+,6,1.0,16.67
UTILITY,초가스,0-20분,6,4.0,66.67
JUNGLE,아무무,0-20분,13,7.0,53.85
UTILITY,베이가,0-20분,17,6.0,35.29
MIDDLE,하이머딩거,35-40분,7,5.0,71.43
UTILITY,사이온,25-30분,11,4.0,36.36
TOP,다리우스,40분+,32,23.0,71.88
MIDDLE,코르키,40분+,8,5.0,62.5
TOP,탈론,25-30분,5,4.0,80.0
MIDDLE,녹턴,35-40분,9,4.0,44.44
UTILITY,하이머딩거,35-40분,11,3.0,27.27
MIDDLE,베인,20-25분,5,3.0,60.0
JUNGLE,초가스,35-40분,6,3.0,50.0
MIDDLE,피오라,0-20분,5,3.0,60.0
TOP,아크샨,0-20분,11,5.0,45.45
UTILITY,카시오페아,20-25분,6,4.0,66.67
TOP,질리언,25-30분,6,3.0,50.0
MIDDLE,아이번,25-30분,12,8.0,66.67
UTILITY,베이가,30-35분,19,10.0,52.63
TOP,오리아나,30-35분,6,3.0,50.0
UTILITY,잭스,25-30분,8,4.0,50.0
UTILITY,쉔,35-40분,11,6.0,54.55
MIDDLE,제라스,40분+,24,11.0,45.83
UTILITY,아이번,20-25분,5,3.0,60.0
TOP,카사딘,20-25분,15,8.0,53.33
MIDDLE,자크,35-40분,6,4.0,66.67
MIDDLE,가렌,35-40분,8,3.0,37.5
JUNGLE,마스터 이,40분+,8,4.0,50.0
UTILITY,키아나,30-35분,9,3.0,33.33
JUNGLE,볼리베어,20-25분,15,9.0,60.0
MIDDLE,케일,20-25분,10,5.0,50.0
JUNGLE,볼리베어,25-30분,17,8.0,47.06
TOP,루시안,20-25분,7,4.0,57.14
MIDDLE,크산테,35-40분,9,4.0,44.44
JUNGLE,트위치,30-35분,5,1.0,20.0
TOP,벨베스,0-20분,25,18.0,72.0
TOP,피들스틱,0-20분,9,4.0,44.44
TOP,트런들,35-40분,9,5.0,55.56
TOP,에코,0-20분,9,3.0,33.33
TOP,하이머딩거,40분+,14,7.0,50.0
MIDDLE,신 짜오,20-25분,5,1.0,20.0
UTILITY,베이가,35-40분,6,2.0,33.33
JUNGLE,다이애나,40분+,11,4.0,36.36
TOP,트린다미어,40분+,9,6.0,66.67
TOP,일라오이,40분+,6,1.0,16.67
JUNGLE,마오카이,0-20분,5,3.0,60.0
TOP,뽀삐,40분+,12,7.0,58.33
JUNGLE,볼리베어,30-35분,14,5.0,35.71
UTILITY,키아나,0-20분,7,3.0,42.86
UTILITY,신드라,25-30분,12,3.0,25.0
UTILITY,오리아나,20-25분,7,4.0,57.14
MIDDLE,카밀,25-30분,9,4.0,44.44
JUNGLE,워윅,35-40분,12,4.0,33.33
BOTTOM,제라스,35-40분,9,5.0,55.56
JUNGLE,브라이어,35-40분,18,9.0,50.0
TOP,세주아니,40분+,11,6.0,54.55
UTILITY,자크,35-40분,9,5.0,55.56
TOP,니코,35-40분,6,3.0,50.0
MIDDLE,우르곳,20-25분,11,7.0,63.64
MIDDLE,피들스틱,30-35분,6,5.0,83.33
JUNGLE,누누와 윌럼프,40분+,15,10.0,66.67
JUNGLE,사이온,25-30분,8,2.0,25.0
MIDDLE,트리스타나,40분+,5,3.0,60.0
MIDDLE,자헨,35-40분,6,4.0,66.67
UTILITY,케넨,35-40분,5,3.0,60.0
JUNGLE,모데카이저,25-30분,7,4.0,57.14
JUNGLE,우디르,35-40분,28,16.0,57.14
TOP,소라카,20-25분,8,3.0,37.5
UTILITY,자르반 4세,20-25분,22,10.0,45.45
JUNGLE,탈리야,40분+,16,10.0,62.5
JUNGLE,아무무,30-35분,24,12.0,50.0
MIDDLE,질리언,30-35분,16,10.0,62.5
JUNGLE,그레이브즈,40분+,25,15.0,60.0
MIDDLE,퀸,35-40분,6,2.0,33.33
MIDDLE,요릭,30-35분,5,2.0,40.0
MIDDLE,하이머딩거,0-20분,6,3.0,50.0
JUNGLE,우디르,40분+,7,2.0,28.57
TOP,스카너,25-30분,11,6.0,54.55
BOTTOM,키아나,20-25분,8,3.0,37.5
MIDDLE,나르,25-30분,6,3.0,50.0
TOP,세트,40분+,17,12.0,70.59
JUNGLE,세주아니,40분+,11,7.0,63.64
TOP,카사딘,30-35분,7,6.0,85.71
JUNGLE,초가스,30-35분,18,7.0,38.89
JUNGLE,브랜드,35-40분,9,4.0,44.44
JUNGLE,모데카이저,30-35분,7,4.0,57.14
JUNGLE,스카너,40분+,6,3.0,50.0
MIDDLE,녹턴,30-35분,9,2.0,22.22
UTILITY,아리,25-30분,5,3.0,60.0
JUNGLE,엘리스,40분+,10,2.0,20.0
UTILITY,바이,25-30분,7,6.0,85.71
JUNGLE,쉬바나,0-20분,5,1.0,20.0
MIDDLE,워윅,20-25분,6,1.0,16.67
UTILITY,그라가스,35-40분,7,5.0,71.43
MIDDLE,퀸,0-20분,7,3.0,42.86
UTILITY,제라스,35-40분,27,6.0,22.22
MIDDLE,코그모,0-20분,5,2.0,40.0
JUNGLE,샤코,40분+,16,7.0,43.75
MIDDLE,코그모,25-30분,5,3.0,60.0
JUNGLE,모데카이저,20-25분,5,3.0,60.0
JUNGLE,나피리,40분+,5,2.0,40.0
MIDDLE,마스터 이,20-25분,9,3.0,33.33
BOTTOM,애니비아,0-20분,6,3.0,50.0
UTILITY,애니,30-35분,5,2.0,40.0
UTILITY,베이가,20-25분,10,3.0,30.0
MIDDLE,하이머딩거,20-25분,5,3.0,60.0
TOP,마오카이,35-40분,15,8.0,53.33
TOP,스몰더,40분+,5,2.0,40.0
TOP,세나,30-35분,9,7.0,77.78
BOTTOM,칼리스타,40분+,5,2.0,40.0
BOTTOM,아우렐리온 솔,40분+,6,1.0,16.67
JUNGLE,마오카이,30-35분,11,7.0,63.64
UTILITY,아무무,35-40분,5,5.0,100.0
MIDDLE,럼블,35-40분,8,3.0,37.5
TOP,마스터 이,0-20분,16,8.0,50.0
TOP,비에고,20-25분,10,4.0,40.0
MIDDLE,브랜드,25-30분,21,9.0,42.86
BOTTOM,코그모,40분+,5,1.0,20.0
UTILITY,오공,25-30분,7,1.0,14.29
TOP,람머스,0-20분,5,2.0,40.0
JUNGLE,올라프,25-30분,24,15.0,62.5
MIDDLE,직스,40분+,5,1.0,20.0
UTILITY,모르가나,40분+,8,5.0,62.5
UTILITY,문도 박사,0-20분,5,2.0,40.0
TOP,말자하,30-35분,7,2.0,28.57
MIDDLE,트위치,0-20분,7,4.0,57.14
MIDDLE,케일,35-40분,6,3.0,50.0
MIDDLE,베이가,40분+,8,5.0,62.5
JUNGLE,쉔,25-30분,5,4.0,80.0
BOTTOM,사미라,40분+,9,5.0,55.56
TOP,스몰더,35-40분,8,1.0,12.5
TOP,탈론,20-25분,7,1.0,14.29
MIDDLE,우르곳,25-30분,11,6.0,54.55
JUNGLE,쉬바나,20-25분,5,2.0,40.0
TOP,애니비아,40분+,5,1.0,20.0
UTILITY,사이온,30-35분,6,5.0,83.33
TOP,아리,25-30분,6,3.0,50.0
TOP,그레이브즈,20-25분,8,3.0,37.5
MIDDLE,워윅,30-35분,7,5.0,71.43
MIDDLE,케일,30-35분,11,7.0,63.64
MIDDLE,브랜드,20-25분,8,3.0,37.5
TOP,말자하,35-40분,7,3.0,42.86
UTILITY,아이번,25-30분,8,7.0,87.5
TOP,브랜드,20-25분,5,2.0,40.0
TOP,아리,30-35분,5,2.0,40.0
MIDDLE,애니,40분+,5,1.0,20.0
MIDDLE,럭스,40분+,9,4.0,44.44
TOP,바이,20-25분,6,4.0,66.67
BOTTOM,요네,0-20분,5,2.0,40.0
MIDDLE,마스터 이,0-20분,8,5.0,62.5
UTILITY,오공,0-20분,5,3.0,60.0
UTILITY,샤코,40분+,8,4.0,50.0
UTILITY,리 신,25-30분,7,3.0,42.86
TOP,마스터 이,35-40분,7,5.0,71.43
MIDDLE,브라이어,20-25분,5,2.0,40.0
