position,champion,spell1,spell2,total_games,win_count,win_rate
BOTTOM,그레이브즈,방어막,점멸,7,4,57.14
BOTTOM,닐라,방어막,점멸,215,114,53.02
BOTTOM,닐라,유체화,점멸,490,275,56.12
BOTTOM,닐라,정화,점멸,37,22,59.46
BOTTOM,드레이븐,방어막,점멸,1156,603,52.16
BOTTOM,드레이븐,정화,점멸,327,157,48.01
BOTTOM,드레이븐,탈진,점멸,5,2,40.0
BOTTOM,렝가,방어막,점화,9,8,88.89
BOTTOM,루시안,방어막,점멸,6640,3307,49.8
BOTTOM,루시안,순간이동,점멸,9,8,88.89
BOTTOM,루시안,점화,점멸,31,15,48.39
BOTTOM,루시안,정화,점멸,1138,530,46.57
BOTTOM,루시안,탈진,점멸,37,17,45.95
BOTTOM,멜,방어막,점멸,7,3,42.86
BOTTOM,멜,순간이동,점멸,232,112,48.28
BOTTOM,멜,유체화,점멸,13,9,69.23
BOTTOM,멜,탈진,점멸,5,2,40.0
BOTTOM,미스 포츈,방어막,점멸,3332,1744,52.34
BOTTOM,미스 포츈,순간이동,점멸,9,4,44.44
BOTTOM,미스 포츈,유체화,점멸,7,4,57.14
BOTTOM,미스 포츈,정화,점멸,558,290,51.97
BOTTOM,미스 포츈,탈진,점멸,12,6,50.0
BOTTOM,바루스,방어막,점멸,1233,596,48.34
BOTTOM,바루스,순간이동,점멸,505,242,47.92
BOTTOM,바루스,유체화,점멸,118,59,50.0
BOTTOM,바루스,정화,점멸,276,132,47.83
BOTTOM,바루스,회복,점멸,7,2,28.57
BOTTOM,베이가,순간이동,점멸,82,52,63.41
BOTTOM,베이가,유체화,점멸,38,21,55.26
BOTTOM,베이가,정화,점멸,7,4,57.14
BOTTOM,베인,방어막,점멸,193,94,48.7
BOTTOM,베인,유체화,점멸,47,22,46.81
BOTTOM,베인,정화,점멸,50,15,30.0
BOTTOM,벨코즈,순간이동,점멸,274,152,55.47
BOTTOM,벨코즈,유체화,점멸,162,82,50.62
BOTTOM,벨코즈,탈진,점멸,6,2,33.33
BOTTOM,브랜드,방어막,점멸,5,3,60.0
BOTTOM,블라디미르,유체화,점멸,7,3,42.86
BOTTOM,비에고,점화,점멸,10,5,50.0
BOTTOM,빅토르,방어막,점멸,6,4,66.67
BOTTOM,빅토르,순간이동,점멸,54,32,59.26
BOTTOM,빅토르,유체화,점멸,9,5,55.56
BOTTOM,사미라,방어막,점멸,396,197,49.75
BOTTOM,사미라,정화,점멸,172,85,49.42
BOTTOM,사미라,탈진,점멸,6,4,66.67
BOTTOM,세나,방어막,점멸,18,6,33.33
BOTTOM,세나,유체화,점멸,7,1,14.29
BOTTOM,세나,정화,점멸,6,3,50.0
BOTTOM,세라핀,방어막,점멸,19,8,42.11
BOTTOM,세라핀,순간이동,점멸,40,19,47.5
BOTTOM,스몰더,방어막,점멸,841,421,50.06
BOTTOM,스몰더,순간이동,점멸,221,128,57.92
BOTTOM,스몰더,유체화,점멸,31,15,48.39
BOTTOM,스몰더,정화,점멸,172,91,52.91
BOTTOM,스웨인,순간이동,점멸,61,40,65.57
BOTTOM,스웨인,유체화,점멸,316,169,53.48
BOTTOM,스웨인,탈진,점멸,412,238,57.77
BOTTOM,시비르,방어막,점멸,2915,1541,52.86
BOTTOM,시비르,순간이동,점멸,29,18,62.07
BOTTOM,시비르,유체화,점멸,255,139,54.51
BOTTOM,시비르,정화,점멸,158,83,52.53
BOTTOM,시비르,탈진,점멸,9,5,55.56
BOTTOM,신드라,순간이동,점멸,10,5,50.0
BOTTOM,신드라,유체화,점멸,5,4,80.0
BOTTOM,신지드,유체화,점멸,182,100,54.95
BOTTOM,아우렐리온 솔,방어막,점멸,30,14,46.67
BOTTOM,아우렐리온 솔,순간이동,점멸,190,99,52.11
BOTTOM,아우렐리온 솔,탈진,점멸,15,7,46.67
BOTTOM,아지르,유체화,점멸,5,4,80.0
BOTTOM,아펠리오스,방어막,점멸,8239,4162,50.52
BOTTOM,아펠리오스,순간이동,점멸,21,7,33.33
BOTTOM,아펠리오스,유체화,점멸,2342,1190,50.81
BOTTOM,아펠리오스,정화,점멸,2441,1175,48.14
BOTTOM,아펠리오스,탈진,점멸,12,8,66.67
BOTTOM,아펠리오스,회복,점멸,11,7,63.64
BOTTOM,애니비아,순간이동,점멸,14,7,50.0
BOTTOM,애쉬,방어막,점멸,1259,617,49.01
BOTTOM,애쉬,유체화,점멸,177,75,42.37
BOTTOM,애쉬,정화,점멸,283,124,43.82
BOTTOM,야스오,방어막,점멸,5,0,0.0
BOTTOM,야스오,점화,점멸,12,7,58.33
BOTTOM,야스오,정화,점멸,18,11,61.11
BOTTOM,야스오,탈진,점멸,305,162,53.11
BOTTOM,오로라,방어막,점멸,7,2,28.57
BOTTOM,요네,탈진,점멸,8,3,37.5
BOTTOM,유나라,방어막,점멸,6389,3174,49.68
BOTTOM,유나라,순간이동,점멸,9,4,44.44
BOTTOM,유나라,유체화,점멸,379,174,45.91
BOTTOM,유나라,정화,점멸,1294,626,48.38
BOTTOM,유나라,탈진,점멸,13,5,38.46
BOTTOM,이즈리얼,방어막,점멸,7461,3560,47.71
BOTTOM,이즈리얼,순간이동,점멸,138,77,55.8
BOTTOM,이즈리얼,정화,점멸,900,392,43.56
BOTTOM,이즈리얼,탈진,점멸,22,5,22.73
BOTTOM,자야,방어막,점멸,888,472,53.15
BOTTOM,자야,유체화,점멸,86,42,48.84
BOTTOM,자야,정화,점멸,125,60,48.0
BOTTOM,자이라,순간이동,점멸,12,6,50.0
BOTTOM,제라스,방어막,점멸,18,10,55.56
BOTTOM,제라스,순간이동,점멸,98,45,45.92
BOTTOM,제라스,정화,점멸,5,4,80.0
BOTTOM,제리,방어막,점멸,1134,536,47.27
BOTTOM,제리,유체화,점멸,153,73,47.71
BOTTOM,제리,정화,점멸,232,101,43.53
BOTTOM,직스,방어막,점멸,5,2,40.0
BOTTOM,직스,순간이동,점멸,694,373,53.75
BOTTOM,진,방어막,점멸,4086,1946,47.63
BOTTOM,진,순간이동,점멸,10,6,60.0
BOTTOM,진,유체화,점멸,116,63,54.31
BOTTOM,진,정화,점멸,866,399,46.07
BOTTOM,진,탈진,점멸,15,9,60.0
BOTTOM,진,회복,점멸,27,17,62.96
BOTTOM,징크스,방어막,점멸,3274,1714,52.35
BOTTOM,징크스,유체화,점멸,703,375,53.34
BOTTOM,징크스,정화,점멸,804,429,53.36
BOTTOM,징크스,탈진,점멸,15,5,33.33
BOTTOM,초가스,순간이동,점멸,16,10,62.5
BOTTOM,초가스,탈진,점멸,7,6,85.71
BOTTOM,카서스,순간이동,점멸,10,5,50.0
BOTTOM,카서스,탈진,점멸,112,66,58.93
BOTTOM,카시오페아,방어막,점멸,375,195,52.0
BOTTOM,카시오페아,순간이동,점멸,23,10,43.48
BOTTOM,카시오페아,유체화,점멸,217,129,59.45
BOTTOM,카시오페아,정화,점멸,30,15,50.0
BOTTOM,카시오페아,탈진,점멸,51,28,54.9
BOTTOM,카이사,방어막,점멸,6859,3395,49.5
BOTTOM,카이사,순간이동,점멸,17,8,47.06
BOTTOM,카이사,유체화,점멸,415,194,46.75
BOTTOM,카이사,정화,점멸,1465,671,45.8
BOTTOM,카이사,탈진,점멸,23,12,52.17
BOTTOM,카이사,회복,점멸,19,11,57.89
BOTTOM,칼리스타,방어막,점멸,386,210,54.4
BOTTOM,칼리스타,정화,점멸,54,35,64.81
BOTTOM,케이틀린,방어막,점멸,4029,2054,50.98
BOTTOM,케이틀린,순간이동,점멸,9,3,33.33
BOTTOM,케이틀린,유체화,점멸,318,161,50.63
BOTTOM,케이틀린,정화,점멸,778,369,47.43
BOTTOM,케이틀린,회복,점멸,10,7,70.0
BOTTOM,코그모,방어막,점멸,184,91,49.46
BOTTOM,코그모,순간이동,점멸,15,8,53.33
BOTTOM,코그모,유체화,점멸,37,24,64.86
BOTTOM,코그모,정화,점멸,34,17,50.0
BOTTOM,코그모,탈진,점멸,11,8,72.73
BOTTOM,코르키,방어막,점멸,972,462,47.53
BOTTOM,코르키,순간이동,점멸,5,4,80.0
BOTTOM,코르키,정화,점멸,124,62,50.0
BOTTOM,코르키,탈진,점멸,23,12,52.17
BOTTOM,키아나,점화,점멸,26,12,46.15
BOTTOM,탈리야,순간이동,점멸,6,3,50.0
BOTTOM,탈리야,유체화,점멸,10,6,60.0
BOTTOM,탈리야,회복,점멸,6,1,16.67
BOTTOM,트리스타나,방어막,점멸,2046,1094,53.47
BOTTOM,트리스타나,유체화,점멸,8,4,50.0
BOTTOM,트리스타나,정화,점멸,356,168,47.19
BOTTOM,트리스타나,탈진,점멸,19,10,52.63
BOTTOM,트위스티드 페이트,방어막,점멸,5,4,80.0
BOTTOM,트위치,방어막,점멸,445,219,49.21
BOTTOM,트위치,유체화,점멸,101,64,63.37
BOTTOM,트위치,정화,점멸,76,36,47.37
BOTTOM,하이머딩거,방어막,점멸,6,3,50.0
BOTTOM,하이머딩거,순간이동,점멸,117,67,57.26
BOTTOM,흐웨이,방어막,점멸,14,9,64.29
BOTTOM,흐웨이,순간이동,점멸,69,34,49.28
JUNGLE,그라가스,강타,점멸,115,59,51.3
JUNGLE,그레이브즈,강타,점멸,1194,574,48.07
JUNGLE,그웬,강타,유체화,1818,956,52.59
JUNGLE,그웬,강타,점멸,57,26,45.61
JUNGLE,그웬,강타,탈진,12,3,25.0
JUNGLE,나서스,강타,점멸,7,2,28.57
JUNGLE,나피리,강타,점멸,399,182,45.61
JUNGLE,노틸러스,강타,점멸,6,1,16.67
JUNGLE,녹턴,강타,점멸,605,318,52.56
JUNGLE,누누와 윌럼프,강타,유체화,16,8,50.0
JUNGLE,누누와 윌럼프,강타,점멸,1609,860,53.45
JUNGLE,니달리,강타,점멸,3107,1601,51.53
JUNGLE,니코,강타,점멸,39,24,61.54
JUNGLE,다리우스,강타,점멸,15,8,53.33
JUNGLE,다이애나,강타,점멸,1331,608,45.68
JUNGLE,람머스,강타,유체화,172,87,50.58
JUNGLE,람머스,강타,점멸,139,77,55.4
JUNGLE,럼블,강타,점멸,47,19,40.43
JUNGLE,렉사이,강타,점멸,2727,1478,54.2
JUNGLE,렝가,강타,점멸,655,327,49.92
JUNGLE,리 신,강타,점멸,9941,5076,51.06
JUNGLE,리븐,강타,점멸,34,18,52.94
JUNGLE,릴리아,강타,점멸,1298,686,52.85
JUNGLE,마스터 이,강타,점멸,597,284,47.57
JUNGLE,마오카이,강타,점멸,64,29,45.31
JUNGLE,말파이트,강타,점멸,3491,1543,44.2
JUNGLE,모데카이저,강타,유체화,12,5,41.67
JUNGLE,모데카이저,강타,점멸,9,6,66.67
JUNGLE,모르가나,강타,점멸,66,28,42.42
JUNGLE,문도 박사,강타,점멸,614,273,44.46
JUNGLE,바이,강타,점멸,3108,1475,47.46
JUNGLE,베인,강타,점멸,6,1,16.67
JUNGLE,벨베스,강타,유체화,35,9,25.71
JUNGLE,벨베스,강타,점멸,1177,645,54.8
JUNGLE,볼리베어,강타,점멸,62,30,48.39
JUNGLE,브라이어,강타,점멸,269,122,45.35
JUNGLE,브랜드,강타,점멸,117,62,52.99
JUNGLE,비에고,강타,점멸,4037,1949,48.28
JUNGLE,뽀삐,강타,점멸,295,152,51.53
JUNGLE,사이온,강타,점멸,22,9,40.91
JUNGLE,사일러스,강타,점멸,2918,1449,49.66
JUNGLE,샤코,강타,점멸,10,6,60.0
JUNGLE,샤코,강타,점화,615,307,49.92
JUNGLE,세주아니,강타,점멸,479,233,48.64
JUNGLE,쉔,강타,점멸,21,11,52.38
JUNGLE,쉬바나,강타,점멸,18,7,38.89
JUNGLE,스카너,강타,점멸,409,191,46.7
JUNGLE,신 짜오,강타,점멸,2192,1068,48.72
JUNGLE,아무무,강타,점멸,97,39,40.21
JUNGLE,아우렐리온 솔,강타,점멸,8,2,25.0
JUNGLE,아이번,강타,점멸,567,273,48.15
JUNGLE,아트록스,강타,점멸,312,136,43.59
JUNGLE,암베사,강타,점멸,2688,1220,45.39
JUNGLE,에코,강타,점멸,4832,2478,51.28
JUNGLE,엘리스,강타,점멸,789,384,48.67
JUNGLE,오공,강타,점멸,863,408,47.28
JUNGLE,올라프,강타,유체화,53,24,45.28
JUNGLE,올라프,강타,점멸,26,11,42.31
JUNGLE,요네,강타,점멸,9,4,44.44
JUNGLE,우디르,강타,유체화,22,11,50.0
JUNGLE,우디르,강타,점멸,315,166,52.7
JUNGLE,우르곳,강타,점멸,8,5,62.5
JUNGLE,워윅,강타,점멸,220,115,52.27
JUNGLE,이블린,강타,점멸,792,425,53.66
JUNGLE,자르반 4세,강타,점멸,2750,1365,49.64
JUNGLE,자이라,강타,점멸,1177,636,54.04
JUNGLE,자크,강타,점멸,1945,1050,53.98
JUNGLE,자헨,강타,점멸,71,37,52.11
JUNGLE,잭스,강타,점멸,239,126,52.72
JUNGLE,제드,강타,점멸,2134,1015,47.56
JUNGLE,제이스,강타,점멸,7703,3778,49.05
JUNGLE,초가스,강타,점멸,138,79,57.25
JUNGLE,카서스,강타,점멸,794,445,56.05
JUNGLE,카서스,강타,점화,59,35,59.32
JUNGLE,카서스,강타,탈진,1011,517,51.14
JUNGLE,카이사,강타,점멸,11,1,9.09
JUNGLE,카직스,강타,유체화,10,5,50.0
JUNGLE,카직스,강타,점멸,2251,1141,50.69
JUNGLE,카직스,강타,점화,13,11,84.62
JUNGLE,케인,강타,점멸,482,236,48.96
JUNGLE,케인,강타,점화,5,1,20.0
JUNGLE,키아나,강타,점멸,3525,1808,51.29
JUNGLE,킨드레드,강타,점멸,973,513,52.72
JUNGLE,탈론,강타,점멸,1892,963,50.9
JUNGLE,탈론,강타,점화,5,1,20.0
JUNGLE,탈리야,강타,점멸,702,359,51.14
JUNGLE,트런들,강타,점멸,201,94,46.77
JUNGLE,트위치,강타,점멸,11,4,36.36
JUNGLE,티모,강타,점멸,7,0,0.0
JUNGLE,판테온,강타,점멸,385,194,50.39
JUNGLE,피들스틱,강타,점멸,760,420,55.26
JUNGLE,피즈,강타,점멸,7,2,28.57
JUNGLE,헤카림,강타,유체화,2229,1123,50.38
MIDDLE,가렌,순간이동,점멸,26,16,61.54
MIDDLE,가렌,유체화,점멸,8,5,62.5
MIDDLE,가렌,점화,점멸,53,21,39.62
MIDDLE,갈리오,순간이동,점멸,2758,1299,47.1
MIDDLE,갈리오,유체화,점멸,991,505,50.96
MIDDLE,갈리오,점화,점멸,412,205,49.76
MIDDLE,갈리오,정화,점멸,5,4,80.0
MIDDLE,갈리오,탈진,점멸,53,26,49.06
MIDDLE,갈리오,회복,점멸,22,10,45.45
MIDDLE,갱플랭크,순간이동,점멸,60,30,50.0
MIDDLE,갱플랭크,점화,점멸,24,11,45.83
MIDDLE,그라가스,순간이동,점멸,224,123,54.91
MIDDLE,그라가스,점화,점멸,29,17,58.62
MIDDLE,그레이브즈,점화,점멸,7,2,28.57
MIDDLE,그웬,유체화,점화,5,3,60.0
MIDDLE,그웬,점화,점멸,5,3,60.0
MIDDLE,나르,점화,점멸,9,3,33.33
MIDDLE,나서스,순간이동,유체화,19,13,68.42
MIDDLE,나서스,순간이동,점멸,8,3,37.5
MIDDLE,나서스,유체화,점멸,16,7,43.75
MIDDLE,나피리,순간이동,점멸,63,27,42.86
MIDDLE,나피리,점화,점멸,668,337,50.45
MIDDLE,노틸러스,순간이동,점멸,8,3,37.5
MIDDLE,녹턴,순간이동,점멸,42,20,47.62
MIDDLE,녹턴,점화,점멸,31,12,38.71
MIDDLE,누누와 윌럼프,유체화,점멸,5,1,20.0
MIDDLE,누누와 윌럼프,점화,점멸,293,153,52.22
MIDDLE,누누와 윌럼프,정화,점멸,12,8,66.67
MIDDLE,니코,순간이동,점멸,317,172,54.26
MIDDLE,니코,점화,점멸,117,67,57.26
MIDDLE,니코,탈진,점멸,5,5,100.0
MIDDLE,다리우스,유체화,점멸,7,5,71.43
MIDDLE,다이애나,순간이동,점멸,433,212,48.96
MIDDLE,다이애나,점화,점멸,618,300,48.54
MIDDLE,드레이븐,방어막,점멸,6,2,33.33
MIDDLE,드레이븐,점화,점멸,5,3,60.0
MIDDLE,라이즈,방어막,점멸,5,2,40.0
MIDDLE,라이즈,순간이동,점멸,2658,1273,47.89
MIDDLE,라이즈,유체화,점멸,1353,716,52.92
MIDDLE,라이즈,점화,점멸,235,111,47.23
MIDDLE,라이즈,정화,점멸,69,25,36.23
MIDDLE,라이즈,탈진,점멸,66,29,43.94
MIDDLE,럭스,방어막,점멸,54,30,55.56
MIDDLE,럭스,순간이동,점멸,181,86,47.51
MIDDLE,럭스,유체화,점멸,19,9,47.37
MIDDLE,럭스,점화,점멸,112,63,56.25
MIDDLE,럭스,정화,점멸,18,8,44.44
MIDDLE,럭스,탈진,점멸,34,18,52.94
MIDDLE,럭스,회복,점멸,5,0,0.0
MIDDLE,럼블,순간이동,점멸,17,2,11.76
MIDDLE,럼블,점화,점멸,84,46,54.76
MIDDLE,레넥톤,순간이동,점멸,114,53,46.49
MIDDLE,레넥톤,점화,점멸,132,73,55.3
MIDDLE,루시안,방어막,점멸,5,2,40.0
MIDDLE,루시안,순간이동,점멸,48,22,45.83
MIDDLE,루시안,점화,점멸,34,13,38.24
MIDDLE,루시안,정화,점멸,6,1,16.67
MIDDLE,루시안,탈진,점멸,17,11,64.71
MIDDLE,룰루,순간이동,점멸,16,7,43.75
MIDDLE,룰루,점화,점멸,16,6,37.5
MIDDLE,룰루,회복,점멸,6,3,50.0
MIDDLE,르블랑,순간이동,점멸,640,303,47.34
MIDDLE,르블랑,순간이동,점화,188,85,45.21
MIDDLE,르블랑,점화,점멸,1638,819,50.0
MIDDLE,르블랑,정화,점멸,9,7,77.78
MIDDLE,르블랑,탈진,점멸,5,3,60.0
MIDDLE,리 신,순간이동,점멸,27,16,59.26
MIDDLE,리 신,점화,점멸,51,24,47.06
MIDDLE,리븐,순간이동,점멸,10,6,60.0
MIDDLE,리븐,점화,점멸,82,52,63.41
MIDDLE,리븐,정화,점멸,8,6,75.0
MIDDLE,리산드라,순간이동,점멸,776,409,52.71
MIDDLE,리산드라,점화,점멸,252,139,55.16
MIDDLE,마스터 이,순간이동,점멸,8,5,62.5
MIDDLE,마스터 이,점화,점멸,22,11,50.0
MIDDLE,마스터 이,탈진,점멸,5,1,20.0
MIDDLE,말자하,순간이동,점멸,724,343,47.38
MIDDLE,말자하,유체화,점멸,71,33,46.48
MIDDLE,말자하,점화,점멸,10,3,30.0
MIDDLE,말자하,정화,점멸,6,2,33.33
MIDDLE,말자하,탈진,점멸,6,2,33.33
MIDDLE,말파이트,순간이동,점멸,88,48,54.55
MIDDLE,말파이트,점화,점멸,23,9,39.13
MIDDLE,멜,순간이동,점멸,1117,488,43.69
MIDDLE,멜,유체화,점멸,66,30,45.45
MIDDLE,멜,점화,점멸,13,2,15.38
MIDDLE,멜,정화,점멸,10,5,50.0
MIDDLE,멜,탈진,점멸,16,2,12.5
MIDDLE,모데카이저,순간이동,점멸,15,7,46.67
MIDDLE,모데카이저,유체화,점멸,5,2,40.0
MIDDLE,모데카이저,점화,점멸,15,7,46.67
MIDDLE,모데카이저,탈진,점멸,27,15,55.56
MIDDLE,모르가나,순간이동,점멸,164,92,56.1
MIDDLE,모르가나,점화,점멸,17,7,41.18
MIDDLE,문도 박사,순간이동,점멸,7,2,28.57
MIDDLE,바루스,방어막,점멸,101,71,70.3
MIDDLE,바루스,순간이동,점멸,9,2,22.22
MIDDLE,바루스,유체화,점멸,33,20,60.61
MIDDLE,바루스,정화,점멸,17,9,52.94
MIDDLE,바루스,탈진,점멸,7,3,42.86
MIDDLE,바이,점화,점멸,7,3,42.86
MIDDLE,베이가,순간이동,점멸,351,182,51.85
MIDDLE,베이가,유체화,점멸,20,7,35.0
MIDDLE,베이가,점화,점멸,6,4,66.67
MIDDLE,베이가,탈진,점멸,5,5,100.0
MIDDLE,베인,유체화,점멸,17,4,23.53
MIDDLE,벡스,순간이동,점멸,737,391,53.05
MIDDLE,벡스,유체화,점멸,6,4,66.67
MIDDLE,벡스,점화,점멸,396,217,54.8
MIDDLE,벡스,정화,점멸,6,3,50.0
MIDDLE,벡스,탈진,점멸,10,3,30.0
MIDDLE,벨베스,순간이동,점멸,6,3,50.0
MIDDLE,벨코즈,방어막,점멸,5,3,60.0
MIDDLE,벨코즈,순간이동,점멸,66,27,40.91
MIDDLE,벨코즈,유체화,점멸,51,29,56.86
MIDDLE,브라이어,점화,점멸,13,8,61.54
MIDDLE,브랜드,순간이동,점멸,37,16,43.24
MIDDLE,브랜드,유체화,점멸,7,2,28.57
MIDDLE,브랜드,점화,점멸,13,6,46.15
MIDDLE,블라디미르,순간이동,점멸,21,11,52.38
MIDDLE,블라디미르,유체화,점멸,452,225,49.78
MIDDLE,블라디미르,유체화,점화,10,3,30.0
MIDDLE,블라디미르,점화,점멸,296,144,48.65
MIDDLE,비에고,방어막,점멸,5,3,60.0
MIDDLE,비에고,순간이동,점멸,97,54,55.67
MIDDLE,비에고,점화,점멸,137,69,50.36
MIDDLE,비에고,탈진,점멸,8,2,25.0
MIDDLE,빅토르,방어막,점멸,38,18,47.37
MIDDLE,빅토르,순간이동,점멸,2637,1206,45.73
MIDDLE,빅토르,유체화,점멸,216,108,50.0
MIDDLE,빅토르,점화,점멸,48,27,56.25
MIDDLE,빅토르,정화,점멸,33,20,60.61
MIDDLE,빅토르,탈진,점멸,32,12,37.5
MIDDLE,뽀삐,순간이동,점멸,14,10,71.43
MIDDLE,뽀삐,점화,점멸,8,6,75.0
MIDDLE,사이온,순간이동,점멸,403,213,52.85
MIDDLE,사이온,점화,점멸,17,7,41.18
MIDDLE,사일러스,순간이동,점멸,2868,1386,48.33
MIDDLE,사일러스,점화,점멸,1196,583,48.75
MIDDLE,사일러스,정화,점멸,12,4,33.33
MIDDLE,사일러스,탈진,점멸,25,13,52.0
MIDDLE,세라핀,순간이동,점멸,42,14,33.33
MIDDLE,세주아니,순간이동,점멸,7,3,42.86
MIDDLE,세주아니,순간이동,점화,8,4,50.0
MIDDLE,세트,순간이동,점멸,20,9,45.0
MIDDLE,세트,유체화,점멸,14,9,64.29
MIDDLE,세트,점화,점멸,12,6,50.0
MIDDLE,쉔,순간이동,점멸,5,1,20.0
MIDDLE,쉔,점화,점멸,16,11,68.75
MIDDLE,스몰더,방어막,점멸,7,4,57.14
MIDDLE,스몰더,순간이동,점멸,258,119,46.12
MIDDLE,스몰더,유체화,점멸,21,11,52.38
MIDDLE,스몰더,탈진,점멸,7,2,28.57
MIDDLE,스웨인,순간이동,점멸,200,96,48.0
MIDDLE,스웨인,유체화,점멸,205,115,56.1
MIDDLE,스웨인,점화,점멸,8,1,12.5
MIDDLE,스웨인,탈진,점멸,7,2,28.57
MIDDLE,시비르,순간이동,점멸,7,3,42.86
MIDDLE,신 짜오,점화,점멸,22,8,36.36
MIDDLE,신드라,방어막,점멸,35,19,54.29
MIDDLE,신드라,순간이동,점멸,1973,954,48.35
MIDDLE,신드라,유체화,점멸,439,227,51.71
MIDDLE,신드라,점화,점멸,72,34,47.22
MIDDLE,신드라,정화,점멸,58,31,53.45
MIDDLE,신드라,탈진,점멸,43,18,41.86
MIDDLE,신드라,회복,점멸,8,3,37.5
MIDDLE,신지드,순간이동,점멸,8,6,75.0
MIDDLE,신지드,유체화,점멸,145,75,51.72
MIDDLE,신지드,유체화,점화,13,8,61.54
MIDDLE,신지드,점화,점멸,35,21,60.0
MIDDLE,아리,순간이동,점멸,1730,860,49.71
MIDDLE,아리,점화,점멸,486,256,52.67
MIDDLE,아리,정화,점멸,13,4,30.77
MIDDLE,아리,탈진,점멸,17,4,23.53
MIDDLE,아우렐리온 솔,방어막,점멸,44,20,45.45
MIDDLE,아우렐리온 솔,순간이동,점멸,735,377,51.29
MIDDLE,아우렐리온 솔,점화,점멸,7,6,85.71
MIDDLE,아우렐리온 솔,정화,점멸,10,6,60.0
MIDDLE,아우렐리온 솔,탈진,점멸,23,13,56.52
MIDDLE,아이번,순간이동,점멸,26,17,65.38
MIDDLE,아지르,방어막,점멸,7,0,0.0
MIDDLE,아지르,순간이동,점멸,1238,591,47.74
MIDDLE,아지르,점화,점멸,71,30,42.25
MIDDLE,아지르,정화,점멸,11,7,63.64
MIDDLE,아지르,탈진,점멸,12,6,50.0
MIDDLE,아칼리,순간이동,점멸,2643,1287,48.69
MIDDLE,아칼리,순간이동,점화,19,6,31.58
MIDDLE,아칼리,점화,점멸,3097,1464,47.27
MIDDLE,아칼리,정화,점멸,113,63,55.75
MIDDLE,아크샨,순간이동,점멸,303,150,49.5
MIDDLE,아크샨,점화,점멸,853,448,52.52
MIDDLE,아크샨,정화,점멸,27,12,44.44
MIDDLE,아크샨,탈진,점멸,5,5,100.0
MIDDLE,아트록스,순간이동,점멸,49,20,40.82
MIDDLE,아트록스,점화,점멸,68,33,48.53
MIDDLE,아트록스,탈진,점멸,8,5,62.5
MIDDLE,암베사,순간이동,점멸,258,136,52.71
MIDDLE,암베사,순간이동,점화,8,5,62.5
MIDDLE,암베사,점화,점멸,111,57,51.35
MIDDLE,애니,순간이동,점멸,111,54,48.65
MIDDLE,애니,점화,점멸,128,53,41.41
MIDDLE,애니비아,순간이동,점멸,833,441,52.94
MIDDLE,애니비아,유체화,점멸,14,9,64.29
MIDDLE,애니비아,점화,점멸,432,242,56.02
MIDDLE,애니비아,탈진,점멸,6,4,66.67
MIDDLE,야스오,방어막,점멸,5,3,60.0
MIDDLE,야스오,순간이동,점멸,976,482,49.39
MIDDLE,야스오,점화,점멸,777,402,51.74
MIDDLE,야스오,정화,점멸,46,17,36.96
MIDDLE,야스오,탈진,점멸,370,170,45.95
MIDDLE,에코,순간이동,점멸,1104,571,51.72
MIDDLE,에코,점화,점멸,815,378,46.38
MIDDLE,오로라,방어막,점멸,7,4,57.14
MIDDLE,오로라,순간이동,점멸,1232,582,47.24
MIDDLE,오로라,유체화,점멸,11,9,81.82
MIDDLE,오로라,점화,점멸,615,322,52.36
MIDDLE,오로라,정화,점멸,8,2,25.0
MIDDLE,오로라,탈진,점멸,5,5,100.0
MIDDLE,오른,순간이동,점멸,11,5,45.45
MIDDLE,오리아나,방어막,점멸,31,15,48.39
MIDDLE,오리아나,순간이동,점멸,5621,2859,50.86
MIDDLE,오리아나,유체화,점멸,205,111,54.15
MIDDLE,오리아나,점화,점멸,75,34,45.33
MIDDLE,오리아나,정화,점멸,125,49,39.2
MIDDLE,오리아나,탈진,점멸,73,36,49.32
MIDDLE,오리아나,회복,점멸,10,7,70.0
MIDDLE,올라프,유체화,점멸,6,5,83.33
MIDDLE,요네,방어막,점멸,7,1,14.29
MIDDLE,요네,순간이동,점멸,1893,890,47.02
MIDDLE,요네,점화,점멸,127,66,51.97
MIDDLE,요네,정화,점멸,15,5,33.33
MIDDLE,요네,탈진,점멸,256,124,48.44
MIDDLE,요릭,순간이동,점멸,16,5,31.25
MIDDLE,우디르,순간이동,점멸,5,3,60.0
MIDDLE,우르곳,순간이동,점멸,12,9,75.0
MIDDLE,우르곳,점화,점멸,15,7,46.67
MIDDLE,워윅,방어막,유체화,6,0,0.0
MIDDLE,워윅,방어막,점멸,32,16,50.0
MIDDLE,유나라,순간이동,점멸,7,2,28.57
MIDDLE,유나라,유체화,점멸,8,4,50.0
MIDDLE,이렐리아,순간이동,점멸,846,447,52.84
MIDDLE,이렐리아,점화,점멸,408,200,49.02
MIDDLE,이렐리아,정화,점멸,43,26,60.47
MIDDLE,이렐리아,탈진,점멸,52,31,59.62
MIDDLE,이즈리얼,순간이동,점멸,27,15,55.56
MIDDLE,이즈리얼,점화,점멸,8,4,50.0
MIDDLE,이즈리얼,정화,점멸,5,0,0.0
MIDDLE,이즈리얼,탈진,점멸,5,4,80.0
MIDDLE,일라오이,순간이동,점멸,8,2,25.0
MIDDLE,자르반 4세,점화,점멸,9,6,66.67
MIDDLE,자이라,순간이동,점멸,24,11,45.83
MIDDLE,자이라,점화,점멸,10,4,40.0
MIDDLE,자크,순간이동,점멸,46,21,45.65
MIDDLE,자크,점화,점멸,168,85,50.6
MIDDLE,자헨,순간이동,점멸,60,28,46.67
MIDDLE,자헨,점화,점멸,16,7,43.75
MIDDLE,잭스,순간이동,점멸,15,6,40.0
MIDDLE,잭스,점화,점멸,11,5,45.45
MIDDLE,제드,순간이동,점멸,987,509,51.57
MIDDLE,제드,순간이동,점화,15,7,46.67
MIDDLE,제드,점화,점멸,1710,889,51.99
MIDDLE,제드,정화,점멸,48,28,58.33
MIDDLE,제드,탈진,점멸,25,12,48.0
MIDDLE,제라스,방어막,점멸,66,40,60.61
MIDDLE,제라스,순간이동,점멸,733,379,51.71
MIDDLE,제라스,유체화,점멸,63,26,41.27
MIDDLE,제라스,정화,점멸,34,20,58.82
MIDDLE,제라스,탈진,점멸,55,32,58.18
MIDDLE,제라스,회복,점멸,5,2,40.0
MIDDLE,제리,방어막,점멸,18,9,50.0
MIDDLE,제리,순간이동,점멸,17,7,41.18
MIDDLE,제리,유체화,점멸,13,6,46.15
MIDDLE,제이스,순간이동,점멸,158,74,46.84
MIDDLE,제이스,점화,점멸,98,50,51.02
MIDDLE,조이,순간이동,점멸,35,20,57.14
MIDDLE,조이,점화,점멸,2863,1506,52.6
MIDDLE,조이,정화,점멸,11,8,72.73
MIDDLE,조이,탈진,점멸,7,2,28.57
MIDDLE,직스,순간이동,점멸,158,83,52.53
MIDDLE,직스,유체화,점멸,6,4,66.67
MIDDLE,직스,점화,점멸,10,8,80.0
MIDDLE,질리언,순간이동,점멸,52,27,51.92
MIDDLE,초가스,순간이동,점멸,55,18,32.73
MIDDLE,초가스,점화,점멸,15,9,60.0
MIDDLE,카르마,순간이동,점멸,93,41,44.09
MIDDLE,카르마,유체화,점멸,27,13,48.15
MIDDLE,카르마,점화,점멸,5,2,40.0
MIDDLE,카밀,순간이동,점멸,15,7,46.67
MIDDLE,카밀,점화,점멸,16,10,62.5
MIDDLE,카사딘,순간이동,점멸,430,229,53.26
MIDDLE,카사딘,점화,점멸,21,10,47.62
MIDDLE,카서스,탈진,점멸,41,14,34.15
MIDDLE,카시오페아,방어막,점멸,5,1,20.0
MIDDLE,카시오페아,순간이동,점멸,445,221,49.66
MIDDLE,카시오페아,유체화,점멸,283,147,51.94
MIDDLE,카시오페아,점화,점멸,31,18,58.06
MIDDLE,카시오페아,정화,점멸,19,6,31.58
MIDDLE,카시오페아,탈진,점멸,48,21,43.75
MIDDLE,카이사,순간이동,점멸,18,5,27.78
MIDDLE,카이사,유체화,점멸,6,0,0.0
MIDDLE,카이사,탈진,점멸,7,4,57.14
MIDDLE,카타리나,방어막,점화,16,7,43.75
MIDDLE,카타리나,순간이동,점멸,290,151,52.07
MIDDLE,카타리나,순간이동,점화,65,23,35.38
MIDDLE,카타리나,점화,점멸,2649,1394,52.62
MIDDLE,카타리나,점화,탈진,6,3,50.0
MIDDLE,카타리나,정화,점멸,13,8,61.54
MIDDLE,카타리나,탈진,점멸,8,6,75.0
MIDDLE,케넨,순간이동,점멸,37,25,67.57
MIDDLE,케넨,점화,점멸,82,50,60.98
MIDDLE,케일,순간이동,점멸,39,19,48.72
MIDDLE,코그모,순간이동,점멸,14,7,50.0
MIDDLE,코르키,방어막,점멸,20,11,55.0
MIDDLE,코르키,순간이동,점멸,530,267,50.38
MIDDLE,코르키,유체화,점멸,7,3,42.86
MIDDLE,코르키,점화,점멸,49,20,40.82
MIDDLE,코르키,정화,점멸,13,2,15.38
MIDDLE,코르키,탈진,점멸,24,9,37.5
MIDDLE,퀸,점화,점멸,69,25,36.23
MIDDLE,크산테,순간이동,점멸,87,45,51.72
MIDDLE,크산테,유체화,점멸,9,4,44.44
MIDDLE,클레드,순간이동,점멸,72,42,58.33
MIDDLE,클레드,점화,점멸,46,18,39.13
MIDDLE,클레드,탈진,점멸,6,2,33.33
MIDDLE,키아나,순간이동,점멸,93,37,39.78
MIDDLE,키아나,점화,점멸,1720,951,55.29
MIDDLE,키아나,정화,점멸,12,7,58.33
MIDDLE,탈론,순간이동,점멸,28,10,35.71
MIDDLE,탈론,점화,점멸,1822,960,52.69
MIDDLE,탈론,정화,점멸,9,4,44.44
MIDDLE,탈리야,방어막,점멸,5,3,60.0
MIDDLE,탈리야,순간이동,점멸,1775,867,48.85
MIDDLE,탈리야,유체화,점멸,369,194,52.57
MIDDLE,탈리야,점화,점멸,57,26,45.61
MIDDLE,탈리야,정화,점멸,42,26,61.9
MIDDLE,탈리야,탈진,점멸,84,43,51.19
MIDDLE,탈리야,회복,점멸,19,11,57.89
MIDDLE,트리스타나,방어막,점멸,16,9,56.25
MIDDLE,트리스타나,순간이동,점멸,284,145,51.06
MIDDLE,트리스타나,점화,점멸,86,34,39.53
MIDDLE,트리스타나,정화,점멸,20,8,40.0
MIDDLE,트리스타나,탈진,점멸,18,9,50.0
MIDDLE,트린다미어,유체화,점멸,76,34,44.74
MIDDLE,트린다미어,점화,점멸,106,48,45.28
MIDDLE,트위스티드 페이트,방어막,점멸,5,4,80.0
MIDDLE,트위스티드 페이트,순간이동,점멸,2495,1323,53.03
MIDDLE,트위스티드 페이트,유체화,점멸,334,183,54.79
MIDDLE,트위스티드 페이트,점화,점멸,766,420,54.83
MIDDLE,트위스티드 페이트,정화,점멸,51,27,52.94
MIDDLE,트위스티드 페이트,탈진,점멸,70,34,48.57
MIDDLE,트위스티드 페이트,회복,점멸,5,2,40.0
MIDDLE,트위치,점화,점멸,20,13,65.0
MIDDLE,티모,점화,점멸,9,3,33.33
MIDDLE,파이크,순간이동,점멸,19,11,57.89
MIDDLE,판테온,순간이동,점멸,65,30,46.15
MIDDLE,판테온,유체화,점멸,10,3,30.0
MIDDLE,판테온,점화,점멸,542,321,59.23
MIDDLE,판테온,정화,점멸,6,2,33.33
MIDDLE,피들스틱,순간이동,점멸,29,13,44.83
MIDDLE,피들스틱,점화,점멸,12,6,50.0
MIDDLE,피오라,순간이동,점멸,16,12,75.0
MIDDLE,피오라,점화,점멸,5,3,60.0
MIDDLE,피즈,순간이동,점멸,15,4,26.67
MIDDLE,피즈,점화,점멸,605,308,50.91
MIDDLE,하이머딩거,방어막,점멸,13,7,53.85
MIDDLE,하이머딩거,순간이동,점멸,15,7,46.67
MIDDLE,하이머딩거,점화,점멸,17,10,58.82
MIDDLE,흐웨이,방어막,점멸,5,2,40.0
MIDDLE,흐웨이,순간이동,점멸,1140,533,46.75
MIDDLE,흐웨이,유체화,점멸,29,12,41.38
MIDDLE,흐웨이,정화,점멸,11,2,18.18
MIDDLE,흐웨이,탈진,점멸,15,8,53.33
TOP,가렌,순간이동,점멸,34,16,47.06
TOP,가렌,유체화,점화,13,4,30.77
TOP,가렌,점화,점멸,702,335,47.72
TOP,갈리오,순간이동,점멸,227,128,56.39
TOP,갈리오,유체화,점멸,25,14,56.0
TOP,갈리오,점화,점멸,15,9,60.0
TOP,갱플랭크,방어막,점멸,13,6,46.15
TOP,갱플랭크,순간이동,점멸,1459,748,51.27
TOP,갱플랭크,점화,점멸,1090,585,53.67
TOP,갱플랭크,탈진,점멸,28,11,39.29
TOP,그라가스,순간이동,점멸,937,455,48.56
TOP,그라가스,유체화,점멸,8,6,75.0
TOP,그라가스,점화,점멸,146,64,43.84
TOP,그라가스,탈진,점멸,17,11,64.71
TOP,그레이브즈,순간이동,점멸,10,1,10.0
TOP,그레이브즈,점화,점멸,16,5,31.25
TOP,그웬,순간이동,유체화,162,85,52.47
TOP,그웬,순간이동,점멸,511,285,55.77
TOP,그웬,순간이동,점화,285,163,57.19
TOP,그웬,순간이동,탈진,33,16,48.48
TOP,그웬,유체화,점멸,56,34,60.71
TOP,그웬,유체화,점화,99,45,45.45
TOP,그웬,유체화,탈진,15,9,60.0
TOP,그웬,점화,점멸,396,200,50.51
TOP,그웬,점화,탈진,28,10,35.71
TOP,그웬,탈진,점멸,58,34,58.62
TOP,나르,방어막,점멸,264,145,54.92
TOP,나르,순간이동,점멸,1578,774,49.05
TOP,나르,유체화,점멸,39,23,58.97
TOP,나르,점화,점멸,166,81,48.8
TOP,나르,탈진,점멸,99,47,47.47
TOP,나서스,순간이동,유체화,122,58,47.54
TOP,나서스,순간이동,점멸,77,35,45.45
TOP,나서스,순간이동,탈진,12,6,50.0
TOP,나서스,유체화,점멸,34,13,38.24
TOP,나서스,유체화,탈진,5,3,60.0
TOP,나서스,점화,점멸,41,21,51.22
TOP,나피리,순간이동,점멸,22,12,54.55
TOP,나피리,순간이동,점화,7,3,42.86
TOP,나피리,점화,점멸,40,21,52.5
TOP,녹턴,순간이동,점멸,158,82,51.9
TOP,녹턴,점화,점멸,36,14,38.89
TOP,니달리,순간이동,점멸,63,41,65.08
TOP,니달리,점화,점멸,109,48,44.04
TOP,니코,방어막,점멸,6,4,66.67
TOP,니코,순간이동,점멸,46,27,58.7
TOP,니코,점화,점멸,7,4,57.14
TOP,니코,탈진,점멸,21,8,38.1
TOP,다리우스,유체화,점멸,1429,697,48.78
TOP,다리우스,점화,점멸,56,26,46.43
TOP,다리우스,탈진,점멸,6,0,0.0
TOP,다이애나,순간이동,점멸,19,12,63.16
TOP,다이애나,점화,점멸,26,16,61.54
TOP,드레이븐,방어막,점멸,5,2,40.0
TOP,드레이븐,순간이동,점멸,7,3,42.86
TOP,드레이븐,점화,점멸,199,100,50.25
TOP,드레이븐,탈진,점멸,14,5,35.71
TOP,라이즈,순간이동,점멸,978,483,49.39
TOP,라이즈,유체화,점멸,145,78,53.79
TOP,라이즈,점화,점멸,119,59,49.58
TOP,라이즈,탈진,점멸,36,17,47.22
TOP,람머스,순간이동,점멸,25,16,64.0
TOP,럭스,유체화,점멸,5,4,80.0
TOP,럼블,순간이동,유체화,26,15,57.69
TOP,럼블,순간이동,점멸,1608,875,54.42
TOP,럼블,유체화,점멸,9,4,44.44
TOP,럼블,점화,점멸,2985,1561,52.29
TOP,럼블,탈진,점멸,44,21,47.73
TOP,레넥톤,순간이동,점멸,1756,842,47.95
TOP,레넥톤,유체화,점멸,11,4,36.36
TOP,레넥톤,점화,점멸,2134,1078,50.52
TOP,레넥톤,탈진,점멸,41,16,39.02
TOP,렉사이,순간이동,점멸,273,146,53.48
TOP,렉사이,점화,점멸,165,86,52.12
TOP,렉사이,탈진,점멸,5,3,60.0
TOP,렝가,순간이동,점멸,236,118,50.0
TOP,렝가,순간이동,점화,9,3,33.33
TOP,렝가,점화,점멸,405,219,54.07
TOP,렝가,탈진,점멸,5,2,40.0
TOP,루시안,방어막,점멸,6,2,33.33
TOP,루시안,순간이동,점멸,20,10,50.0
TOP,루시안,점화,점멸,22,12,54.55
TOP,루시안,탈진,점멸,6,2,33.33
TOP,룰루,순간이동,점멸,72,42,58.33
TOP,룰루,유체화,점멸,5,3,60.0
TOP,룰루,점화,점멸,86,50,58.14
TOP,룰루,탈진,점멸,6,2,33.33
TOP,르블랑,순간이동,점화,8,4,50.0
TOP,르블랑,점화,점멸,25,13,52.0
TOP,리 신,순간이동,점멸,51,25,49.02
TOP,리 신,점화,점멸,97,42,43.3
TOP,리븐,순간이동,점멸,154,79,51.3
TOP,리븐,점화,점멸,1023,547,53.47
TOP,리븐,정화,점멸,6,3,50.0
TOP,리븐,탈진,점멸,9,3,33.33
TOP,리산드라,순간이동,점멸,109,66,60.55
TOP,리산드라,점화,점멸,34,15,44.12
TOP,마스터 이,순간이동,점멸,10,3,30.0
TOP,마스터 이,점화,점멸,81,37,45.68
TOP,마오카이,순간이동,점멸,174,79,45.4
TOP,마오카이,순간이동,점화,18,9,50.0
TOP,마오카이,점화,점멸,9,2,22.22
TOP,말자하,순간이동,점멸,40,12,30.0
TOP,말자하,유체화,점멸,10,8,80.0
TOP,말파이트,순간이동,점멸,1185,590,49.79
TOP,말파이트,순간이동,점화,31,17,54.84
TOP,말파이트,점화,점멸,201,109,54.23
TOP,말파이트,탈진,점멸,13,8,61.54
TOP,모데카이저,순간이동,유체화,7,1,14.29
TOP,모데카이저,순간이동,점멸,344,161,46.8
TOP,모데카이저,유체화,점멸,22,9,40.91
TOP,모데카이저,점화,점멸,313,168,53.67
TOP,모데카이저,탈진,점멸,105,63,60.0
TOP,문도 박사,순간이동,유체화,204,80,39.22
TOP,문도 박사,순간이동,점멸,774,371,47.93
TOP,문도 박사,순간이동,점화,9,6,66.67
TOP,문도 박사,유체화,점멸,56,26,46.43
TOP,문도 박사,유체화,탈진,18,10,55.56
TOP,문도 박사,점화,점멸,60,31,51.67
TOP,문도 박사,탈진,점멸,35,13,37.14
TOP,바루스,방어막,점멸,405,211,52.1
TOP,바루스,순간이동,점멸,50,26,52.0
TOP,바루스,유체화,점멸,364,171,46.98
TOP,바루스,점화,점멸,83,43,51.81
TOP,바루스,정화,점멸,9,4,44.44
TOP,바루스,탈진,점멸,104,46,44.23
TOP,바이,순간이동,점멸,9,4,44.44
TOP,바이,점화,점멸,9,4,44.44
TOP,베이가,순간이동,점멸,13,8,61.54
TOP,베인,방어막,점멸,44,25,56.82
TOP,베인,순간이동,점멸,20,11,55.0
TOP,베인,유체화,점멸,705,355,50.35
TOP,베인,점화,점멸,68,45,66.18
TOP,베인,정화,점멸,26,14,53.85
TOP,베인,탈진,점멸,38,14,36.84
TOP,벡스,순간이동,점멸,7,7,100.0
TOP,벨베스,방어막,점멸,51,27,52.94
TOP,벨베스,순간이동,점멸,13,4,30.77
TOP,벨베스,점화,점멸,19,11,57.89
TOP,벨코즈,유체화,점멸,30,15,50.0
TOP,볼리베어,순간이동,유체화,281,145,51.6
TOP,볼리베어,순간이동,점멸,252,112,44.44
TOP,볼리베어,유체화,점멸,145,70,48.28
TOP,볼리베어,유체화,점화,25,13,52.0
TOP,볼리베어,유체화,탈진,10,5,50.0
TOP,볼리베어,점화,점멸,554,271,48.92
TOP,볼리베어,탈진,점멸,108,60,55.56
TOP,브라이어,점화,점멸,12,4,33.33
TOP,브랜드,유체화,점멸,7,2,28.57
TOP,브랜드,점화,점멸,5,1,20.0
TOP,블라디미르,순간이동,점멸,32,17,53.12
TOP,블라디미르,유체화,점멸,259,137,52.9
TOP,블라디미르,유체화,점화,152,71,46.71
TOP,블라디미르,점화,점멸,763,377,49.41
TOP,비에고,순간이동,점멸,8,5,62.5
TOP,비에고,점화,점멸,46,26,56.52
TOP,빅토르,순간이동,점멸,42,20,47.62
TOP,빅토르,유체화,점멸,9,4,44.44
TOP,뽀삐,순간이동,점멸,628,322,51.27
TOP,뽀삐,점화,점멸,118,67,56.78
TOP,사이온,순간이동,유체화,13,3,23.08
TOP,사이온,순간이동,점멸,2045,931,45.53
TOP,사이온,순간이동,점화,62,29,46.77
TOP,사이온,순간이동,탈진,18,11,61.11
TOP,사이온,유체화,점멸,12,3,25.0
TOP,사이온,점화,점멸,144,75,52.08
TOP,사이온,탈진,점멸,11,2,18.18
TOP,사일러스,순간이동,점멸,432,216,50.0
TOP,사일러스,점화,점멸,184,91,49.46
TOP,사일러스,탈진,점멸,8,3,37.5
TOP,샤코,순간이동,점화,6,1,16.67
TOP,세나,유체화,점멸,14,9,64.29
TOP,세주아니,순간이동,점멸,102,44,43.14
TOP,세주아니,순간이동,점화,297,159,53.54
TOP,세주아니,점화,점멸,94,45,47.87
TOP,세트,순간이동,점멸,330,149,45.15
TOP,세트,유체화,점멸,97,49,50.52
TOP,세트,점화,점멸,636,309,48.58
TOP,세트,탈진,점멸,44,17,38.64
TOP,소라카,방어막,점멸,20,11,55.0
TOP,소라카,탈진,점멸,5,1,20.0
TOP,쉔,순간이동,점멸,704,355,50.43
TOP,쉔,순간이동,점화,5,3,60.0
TOP,쉔,점화,점멸,441,231,52.38
TOP,쉔,탈진,점멸,36,20,55.56
TOP,쉬바나,순간이동,점화,5,3,60.0
TOP,스몰더,방어막,점멸,6,1,16.67
TOP,스몰더,순간이동,점멸,70,31,44.29
TOP,스몰더,유체화,점멸,14,5,35.71
TOP,스몰더,탈진,점멸,5,2,40.0
TOP,스웨인,순간이동,점멸,124,68,54.84
TOP,스웨인,유체화,점멸,110,61,55.45
TOP,스웨인,탈진,점멸,12,6,50.0
TOP,스카너,순간이동,점멸,15,7,46.67
TOP,신 짜오,순간이동,점멸,34,15,44.12
TOP,신 짜오,점화,점멸,184,81,44.02
TOP,신 짜오,탈진,점멸,5,0,0.0
TOP,신드라,순간이동,점멸,27,17,62.96
TOP,신드라,유체화,점멸,5,2,40.0
TOP,신지드,순간이동,점멸,81,46,56.79
TOP,신지드,유체화,점멸,659,356,54.02
TOP,신지드,유체화,점화,62,31,50.0
TOP,신지드,점화,점멸,464,258,55.6
TOP,신지드,탈진,점멸,6,3,50.0
TOP,아리,순간이동,점멸,16,6,37.5
TOP,아이번,순간이동,점멸,94,53,56.38
TOP,아이번,유체화,점화,8,4,50.0
TOP,아이번,점화,점멸,7,3,42.86
TOP,아이번,탈진,점멸,5,3,60.0
TOP,아지르,순간이동,점멸,116,67,57.76
TOP,아지르,점화,점멸,29,14,48.28
TOP,아지르,탈진,점멸,6,3,50.0
TOP,아칼리,순간이동,점멸,236,113,47.88
TOP,아칼리,순간이동,점화,276,130,47.1
TOP,아칼리,점화,점멸,609,308,50.57
TOP,아크샨,순간이동,점멸,9,1,11.11
TOP,아크샨,점화,점멸,64,34,53.12
TOP,아트록스,방어막,점멸,5,1,20.0
TOP,아트록스,순간이동,점멸,1571,715,45.51
TOP,아트록스,점화,점멸,700,344,49.14
TOP,아트록스,탈진,점멸,109,52,47.71
TOP,암베사,순간이동,점멸,4339,2124,48.95
TOP,암베사,순간이동,점화,17,8,47.06
TOP,암베사,점화,점멸,805,392,48.7
TOP,암베사,탈진,점멸,56,28,50.0
TOP,애니비아,순간이동,점멸,119,63,52.94
TOP,애니비아,유체화,점멸,11,8,72.73
TOP,애니비아,점화,점멸,252,142,56.35
TOP,야스오,순간이동,점멸,422,201,47.63
TOP,야스오,점화,점멸,357,162,45.38
TOP,야스오,탈진,점멸,349,166,47.56
TOP,에코,순간이동,점멸,26,11,42.31
TOP,에코,점화,점멸,14,6,42.86
TOP,엘리스,점화,점멸,11,8,72.73
TOP,오공,순간이동,점멸,95,44,46.32
TOP,오공,순간이동,점화,16,5,31.25
TOP,오공,점화,점멸,144,82,56.94
TOP,오로라,순간이동,점멸,381,181,47.51
TOP,오로라,유체화,점멸,6,4,66.67
TOP,오로라,점화,점멸,109,52,47.71
TOP,오른,순간이동,점멸,714,354,49.58
TOP,오른,순간이동,점화,10,3,30.0
TOP,오른,점화,점멸,40,16,40.0
TOP,오른,탈진,점멸,7,2,28.57
TOP,오리아나,순간이동,점멸,39,13,33.33
TOP,올라프,방어막,유체화,25,17,68.0
TOP,올라프,순간이동,유체화,44,24,54.55
TOP,올라프,순간이동,점멸,29,16,55.17
TOP,올라프,유체화,점멸,1231,668,54.26
TOP,올라프,유체화,점화,23,13,56.52
TOP,올라프,유체화,탈진,31,18,58.06
TOP,올라프,점화,점멸,33,17,51.52
TOP,올라프,탈진,점멸,16,7,43.75
TOP,요네,순간이동,점멸,913,418,45.78
TOP,요네,점화,점멸,301,154,51.16
TOP,요네,탈진,점멸,470,213,45.32
TOP,요릭,순간이동,점멸,555,266,47.93
TOP,요릭,점화,점멸,165,89,53.94
TOP,요릭,탈진,점멸,31,15,48.39
TOP,우디르,순간이동,유체화,44,23,52.27
TOP,우디르,순간이동,점멸,261,144,55.17
TOP,우디르,유체화,점멸,31,13,41.94
TOP,우디르,유체화,점화,11,4,36.36
TOP,우디르,점화,점멸,225,125,55.56
TOP,우디르,탈진,점멸,25,10,40.0
TOP,우르곳,순간이동,점멸,306,165,53.92
TOP,우르곳,유체화,점멸,43,19,44.19
TOP,우르곳,점화,점멸,552,313,56.7
TOP,우르곳,탈진,점멸,29,16,55.17
TOP,워윅,방어막,점멸,766,386,50.39
TOP,이렐리아,방어막,점멸,6,2,33.33
TOP,이렐리아,순간이동,점멸,955,491,51.41
TOP,이렐리아,점화,점멸,1157,577,49.87
TOP,이렐리아,정화,점멸,8,1,12.5
TOP,이렐리아,탈진,점멸,193,102,52.85
TOP,이블린,점화,점멸,8,2,25.0
TOP,일라오이,순간이동,점멸,288,116,40.28
TOP,일라오이,점화,점멸,7,4,57.14
TOP,일라오이,탈진,점멸,93,48,51.61
TOP,자르반 4세,순간이동,점멸,10,4,40.0
TOP,자크,순간이동,점멸,241,107,44.4
TOP,자크,점화,점멸,103,55,53.4
TOP,자크,점화,탈진,6,2,33.33
TOP,자헨,방어막,점멸,6,3,50.0
TOP,자헨,순간이동,점멸,2140,1101,51.45
TOP,자헨,순간이동,점화,11,5,45.45
TOP,자헨,유체화,점멸,32,13,40.62
TOP,자헨,유체화,점화,5,2,40.0
TOP,자헨,점화,점멸,602,296,49.17
TOP,자헨,탈진,점멸,89,43,48.31
TOP,잭스,방어막,점멸,23,11,47.83
TOP,잭스,순간이동,점멸,2882,1484,51.49
TOP,잭스,순간이동,점화,7,5,71.43
TOP,잭스,유체화,점멸,11,4,36.36
TOP,잭스,점화,점멸,1528,782,51.18
TOP,잭스,탈진,점멸,127,59,46.46
TOP,제드,순간이동,점멸,91,43,47.25
TOP,제드,순간이동,점화,12,6,50.0
TOP,제드,점화,점멸,67,35,52.24
TOP,제이스,순간이동,점멸,980,494,50.41
TOP,제이스,점화,점멸,353,168,47.59
TOP,제이스,탈진,점멸,15,6,40.0
TOP,조이,순간이동,점멸,10,6,60.0
TOP,조이,점화,점멸,40,19,47.5
TOP,질리언,순간이동,점멸,10,4,40.0
TOP,초가스,순간이동,점멸,149,67,44.97
TOP,초가스,점화,점멸,24,12,50.0
TOP,초가스,탈진,점멸,15,7,46.67
TOP,카르마,순간이동,유체화,5,2,40.0
TOP,카르마,순간이동,점멸,61,27,44.26
TOP,카르마,유체화,점멸,8,2,25.0
TOP,카밀,순간이동,점멸,613,315,51.39
TOP,카밀,순간이동,점화,591,288,48.73
TOP,카밀,점화,점멸,371,184,49.6
TOP,카밀,탈진,점멸,10,3,30.0
TOP,카사딘,순간이동,점멸,42,22,52.38
TOP,카시오페아,방어막,점멸,7,5,71.43
TOP,카시오페아,순간이동,점멸,299,149,49.83
TOP,카시오페아,유체화,점멸,45,21,46.67
TOP,카시오페아,점화,점멸,99,52,52.53
TOP,카시오페아,탈진,점멸,97,53,54.64
TOP,카이사,방어막,점멸,7,5,71.43
TOP,카이사,유체화,점멸,9,2,22.22
TOP,카타리나,순간이동,점멸,7,3,42.86
TOP,카타리나,순간이동,점화,9,2,22.22
TOP,카타리나,점화,점멸,14,7,50.0
TOP,칼리스타,탈진,점멸,5,1,20.0
TOP,케넨,순간이동,점멸,1528,844,55.24
TOP,케넨,유체화,점멸,25,12,48.0
TOP,케넨,점화,점멸,718,371,51.67
TOP,케넨,탈진,점멸,26,14,53.85
TOP,케이틀린,방어막,점멸,5,3,60.0
TOP,케인,순간이동,점멸,16,4,25.0
TOP,케인,순간이동,점화,25,13,52.0
TOP,케인,점화,점멸,37,19,51.35
TOP,케일,방어막,점멸,6,4,66.67
TOP,케일,순간이동,점멸,283,154,54.42
TOP,케일,유체화,점멸,26,13,50.0
TOP,케일,점화,점멸,53,30,56.6
TOP,케일,탈진,점멸,23,12,52.17
TOP,코르키,방어막,점멸,8,5,62.5
TOP,코르키,순간이동,점멸,54,27,50.0
TOP,코르키,점화,점멸,24,11,45.83
TOP,코르키,탈진,점멸,8,3,37.5
TOP,퀸,순간이동,점멸,13,7,53.85
TOP,퀸,유체화,점멸,13,9,69.23
TOP,퀸,점화,점멸,322,163,50.62
TOP,퀸,정화,점멸,7,5,71.43
TOP,크산테,방어막,순간이동,8,3,37.5
TOP,크산테,방어막,점멸,26,9,34.62
TOP,크산테,순간이동,유체화,29,12,41.38
TOP,크산테,순간이동,점멸,3986,1864,46.76
TOP,크산테,순간이동,점화,14,6,42.86
TOP,크산테,순간이동,탈진,10,4,40.0
TOP,크산테,유체화,점멸,131,62,47.33
TOP,크산테,점화,점멸,261,117,44.83
TOP,크산테,탈진,점멸,93,47,50.54
TOP,클레드,방어막,점멸,19,6,31.58
TOP,클레드,방어막,점화,17,7,41.18
TOP,클레드,방어막,탈진,16,10,62.5
TOP,클레드,순간이동,점멸,236,129,54.66
TOP,클레드,순간이동,점화,8,2,25.0
TOP,클레드,순간이동,탈진,6,1,16.67
TOP,클레드,점화,점멸,540,275,50.93
TOP,클레드,점화,탈진,9,3,33.33
TOP,클레드,탈진,점멸,250,110,44.0
TOP,키아나,순간이동,점멸,5,0,0.0
TOP,키아나,점화,점멸,87,33,37.93
TOP,탈론,점화,점멸,20,11,55.0
TOP,탈리야,순간이동,점멸,5,4,80.0
TOP,탐 켄치,순간이동,유체화,5,2,40.0
TOP,탐 켄치,순간이동,점멸,184,89,48.37
TOP,탐 켄치,순간이동,점화,7,2,28.57
TOP,탐 켄치,유체화,점멸,8,5,62.5
TOP,탐 켄치,유체화,점화,5,3,60.0
TOP,탐 켄치,점화,점멸,40,18,45.0
TOP,탐 켄치,탈진,점멸,40,19,47.5
TOP,트런들,순간이동,점멸,24,13,54.17
TOP,트런들,유체화,점멸,10,4,40.0
TOP,트런들,점화,점멸,72,35,48.61
TOP,트런들,탈진,점멸,9,5,55.56
TOP,트리스타나,방어막,점멸,5,4,80.0
TOP,트리스타나,순간이동,점멸,9,4,44.44
TOP,트리스타나,점화,점멸,33,18,54.55
TOP,트리스타나,탈진,점멸,14,8,57.14
TOP,트린다미어,유체화,점멸,170,80,47.06
TOP,트린다미어,유체화,점화,33,16,48.48
TOP,트린다미어,점화,점멸,492,232,47.15
TOP,트위스티드 페이트,순간이동,점멸,10,6,60.0
TOP,트위스티드 페이트,유체화,점멸,39,20,51.28
TOP,티모,유체화,점멸,5,2,40.0
TOP,티모,점화,점멸,629,323,51.35
TOP,판테온,순간이동,점멸,134,64,47.76
TOP,판테온,점화,점멸,695,334,48.06
TOP,판테온,탈진,점멸,5,2,40.0
TOP,피들스틱,순간이동,점멸,28,12,42.86
TOP,피들스틱,점화,점멸,28,10,35.71
TOP,피오라,순간이동,유체화,21,12,57.14
TOP,피오라,순간이동,점멸,736,384,52.17
TOP,피오라,유체화,점멸,13,6,46.15
TOP,피오라,유체화,탈진,8,7,87.5
TOP,피오라,점화,점멸,2043,1058,51.79
TOP,피오라,탈진,점멸,22,7,31.82
TOP,피즈,점화,점멸,11,3,27.27
TOP,하이머딩거,방어막,순간이동,23,14,60.87
TOP,하이머딩거,방어막,점멸,5,2,40.0
TOP,하이머딩거,방어막,점화,19,11,57.89
TOP,하이머딩거,순간이동,점멸,154,76,49.35
TOP,하이머딩거,순간이동,탈진,46,17,36.96
TOP,하이머딩거,점화,점멸,45,26,57.78
TOP,하이머딩거,탈진,점멸,30,14,46.67
TOP,흐웨이,순간이동,점멸,12,6,50.0
UTILITY,갈리오,점화,점멸,73,35,47.95
UTILITY,갈리오,탈진,점멸,15,4,26.67
UTILITY,갈리오,회복,점멸,127,72,56.69
UTILITY,그라가스,점화,점멸,52,32,61.54
UTILITY,그라가스,탈진,점멸,8,4,50.0
UTILITY,그라가스,회복,점멸,32,15,46.88
UTILITY,나미,점화,점멸,5,2,40.0
UTILITY,나미,탈진,점멸,38,20,52.63
UTILITY,나미,회복,점멸,1462,721,49.32
UTILITY,나피리,점화,점멸,5,2,40.0
UTILITY,노틸러스,점화,점멸,5322,2659,49.96
UTILITY,노틸러스,탈진,점멸,235,104,44.26
UTILITY,노틸러스,회복,점멸,2301,1139,49.5
UTILITY,녹턴,점화,점멸,7,2,28.57
UTILITY,누누와 윌럼프,점화,점멸,21,12,57.14
UTILITY,니달리,점화,점멸,9,4,44.44
UTILITY,니달리,탈진,점멸,5,2,40.0
UTILITY,니달리,회복,점멸,476,230,48.32
UTILITY,니코,점화,점멸,143,67,46.85
UTILITY,니코,탈진,점멸,57,32,56.14
UTILITY,니코,회복,점멸,2960,1536,51.89
UTILITY,라칸,점화,점멸,854,442,51.76
UTILITY,라칸,탈진,점멸,141,72,51.06
UTILITY,라칸,회복,점멸,3381,1708,50.52
UTILITY,람머스,유체화,점화,9,3,33.33
UTILITY,람머스,유체화,탈진,19,7,36.84
UTILITY,람머스,점화,점멸,117,59,50.43
UTILITY,람머스,탈진,점멸,13,7,53.85
UTILITY,람머스,회복,점멸,12,4,33.33
UTILITY,럭스,점화,점멸,73,29,39.73
UTILITY,럭스,탈진,점멸,34,12,35.29
UTILITY,럭스,회복,점멸,605,329,54.38
UTILITY,럼블,점화,점멸,14,3,21.43
UTILITY,럼블,회복,점멸,15,10,66.67
UTILITY,레나타 글라스크,점화,점멸,18,7,38.89
UTILITY,레나타 글라스크,탈진,점멸,27,9,33.33
UTILITY,레나타 글라스크,회복,점멸,206,111,53.88
UTILITY,레오나,점화,점멸,2837,1478,52.1
UTILITY,레오나,탈진,점멸,200,93,46.5
UTILITY,레오나,회복,점멸,1241,629,50.68
UTILITY,렐,점화,점멸,2075,1081,52.1
UTILITY,렐,탈진,점멸,113,51,45.13
UTILITY,렐,회복,점멸,1530,794,51.9
UTILITY,렝가,점화,점멸,119,60,50.42
UTILITY,룰루,점화,점멸,81,35,43.21
UTILITY,룰루,탈진,점멸,150,66,44.0
UTILITY,룰루,회복,점멸,5035,2357,46.81
UTILITY,르블랑,점화,점멸,606,297,49.01
UTILITY,르블랑,회복,점멸,9,3,33.33
UTILITY,리 신,점화,점멸,19,7,36.84
UTILITY,리산드라,점화,점멸,23,11,47.83
UTILITY,리산드라,회복,점멸,18,13,72.22
UTILITY,마오카이,점화,점멸,891,482,54.1
UTILITY,마오카이,탈진,점멸,27,12,44.44
UTILITY,마오카이,회복,점멸,239,118,49.37
UTILITY,말파이트,점화,점멸,7,3,42.86
UTILITY,말파이트,회복,점멸,5,0,0.0
UTILITY,멜,점화,점멸,18,8,44.44
UTILITY,멜,탈진,점멸,18,9,50.0
UTILITY,멜,회복,점멸,563,233,41.39
UTILITY,모르가나,점화,점멸,132,60,45.45
UTILITY,모르가나,탈진,점멸,86,40,46.51
UTILITY,모르가나,회복,점멸,382,197,51.57
UTILITY,문도 박사,회복,점멸,10,4,40.0
UTILITY,미스 포츈,회복,점멸,5,3,60.0
UTILITY,밀리오,탈진,점멸,30,13,43.33
UTILITY,밀리오,회복,점멸,974,452,46.41
UTILITY,바드,점화,점멸,1677,824,49.14
UTILITY,바드,탈진,점멸,135,76,56.3
UTILITY,바드,회복,점멸,1946,1019,52.36
UTILITY,바루스,회복,점멸,5,2,40.0
UTILITY,바이,점화,점멸,16,9,56.25
UTILITY,베이가,점화,점멸,24,8,33.33
UTILITY,베이가,탈진,점멸,9,3,33.33
UTILITY,베이가,회복,점멸,43,19,44.19
UTILITY,베인,회복,점멸,29,16,55.17
UTILITY,벨베스,점화,점멸,5,4,80.0
UTILITY,벨코즈,방어막,점멸,7,2,28.57
UTILITY,벨코즈,점화,점멸,75,45,60.0
UTILITY,벨코즈,탈진,점멸,132,66,50.0
UTILITY,벨코즈,회복,점멸,236,116,49.15
UTILITY,브라움,점화,점멸,627,308,49.12
UTILITY,브라움,탈진,점멸,613,327,53.34
UTILITY,브라움,회복,점멸,6174,3213,52.04
UTILITY,브랜드,점화,점멸,60,26,43.33
UTILITY,브랜드,탈진,점멸,15,6,40.0
UTILITY,브랜드,회복,점멸,43,24,55.81
UTILITY,블리츠크랭크,점화,점멸,2091,1034,49.45
UTILITY,블리츠크랭크,탈진,점멸,92,41,44.57
UTILITY,블리츠크랭크,회복,점멸,697,361,51.79
UTILITY,비에고,점화,점멸,7,3,42.86
UTILITY,뽀삐,점화,점멸,830,417,50.24
UTILITY,뽀삐,탈진,점멸,39,17,43.59
UTILITY,뽀삐,회복,점멸,1310,714,54.5
UTILITY,사이온,점화,점멸,15,4,26.67
UTILITY,사이온,탈진,점멸,7,5,71.43
UTILITY,사이온,회복,점멸,6,4,66.67
UTILITY,사일러스,점화,점멸,448,220,49.11
UTILITY,사일러스,탈진,점멸,14,8,57.14
UTILITY,사일러스,회복,점멸,7,3,42.86
UTILITY,샤코,유체화,점화,5,4,80.0
UTILITY,샤코,점화,점멸,212,101,47.64
UTILITY,샤코,점화,탈진,121,50,41.32
UTILITY,세나,방어막,점멸,8,3,37.5
UTILITY,세나,탈진,점멸,36,20,55.56
UTILITY,세나,회복,점멸,1057,566,53.55
UTILITY,세라핀,탈진,점멸,44,18,40.91
UTILITY,세라핀,회복,점멸,1199,540,45.04
UTILITY,세주아니,점화,점멸,10,5,50.0
UTILITY,세주아니,회복,점멸,7,5,71.43
UTILITY,세트,점화,점멸,49,20,40.82
UTILITY,세트,회복,점멸,6,4,66.67
UTILITY,소나,점화,점멸,7,4,57.14
UTILITY,소나,탈진,점멸,260,115,44.23
UTILITY,소나,회복,점멸,869,423,48.68
UTILITY,소라카,방어막,점멸,67,41,61.19
UTILITY,소라카,탈진,점멸,43,22,51.16
UTILITY,소라카,회복,점멸,828,406,49.03
UTILITY,쉔,점화,점멸,184,88,47.83
UTILITY,쉔,회복,점멸,18,8,44.44
UTILITY,스웨인,유체화,점멸,5,2,40.0
UTILITY,스웨인,점화,점멸,291,130,44.67
UTILITY,스웨인,탈진,점멸,97,44,45.36
UTILITY,스웨인,회복,점멸,196,102,52.04
UTILITY,스카너,점화,점멸,53,24,45.28
UTILITY,스카너,탈진,점멸,5,2,40.0
UTILITY,스카너,회복,점멸,80,42,52.5
UTILITY,신 짜오,점화,점멸,11,3,27.27
UTILITY,신드라,회복,점멸,16,8,50.0
UTILITY,신지드,탈진,점멸,5,3,60.0
UTILITY,신지드,회복,점멸,7,4,57.14
UTILITY,쓰레쉬,점화,점멸,3530,1785,50.57
UTILITY,쓰레쉬,탈진,점멸,488,256,52.46
UTILITY,쓰레쉬,회복,점멸,2396,1245,51.96
UTILITY,아리,점화,점멸,5,2,40.0
UTILITY,아리,탈진,점멸,9,3,33.33
UTILITY,아무무,점화,점멸,88,46,52.27
UTILITY,아무무,회복,점멸,8,4,50.0
UTILITY,아이번,탈진,회복,9,8,88.89
UTILITY,아이번,회복,점멸,8,3,37.5
UTILITY,아크샨,점화,점멸,10,3,30.0
UTILITY,알리스타,점화,점멸,1191,606,50.88
UTILITY,알리스타,탈진,점멸,230,118,51.3
UTILITY,알리스타,회복,점멸,3303,1707,51.68
UTILITY,애니,점화,점멸,7,3,42.86
UTILITY,애니,회복,점멸,6,2,33.33
UTILITY,애니비아,점화,점멸,153,84,54.9
UTILITY,애니비아,탈진,점멸,65,37,56.92
UTILITY,애니비아,회복,점멸,32,15,46.88
UTILITY,애쉬,회복,점멸,72,40,55.56
UTILITY,에코,점화,점멸,17,11,64.71
UTILITY,엘리스,점화,점멸,2181,1127,51.67
UTILITY,엘리스,회복,점멸,35,20,57.14
UTILITY,오공,점화,점멸,25,10,40.0
UTILITY,오른,점화,점멸,5,5,100.0
UTILITY,오리아나,회복,점멸,23,11,47.83
UTILITY,우디르,방어막,회복,13,8,61.54
UTILITY,유미,점화,탈진,89,39,43.82
UTILITY,유미,점화,회복,79,36,45.57
UTILITY,유미,탈진,회복,1720,752,43.72
UTILITY,이즈리얼,회복,점멸,8,4,50.0
UTILITY,자르반 4세,점화,점멸,75,38,50.67
UTILITY,자르반 4세,탈진,점멸,7,4,57.14
UTILITY,자르반 4세,회복,점멸,9,7,77.78
UTILITY,자이라,점화,점멸,241,120,49.79
UTILITY,자이라,탈진,점멸,22,10,45.45
UTILITY,자이라,회복,점멸,124,51,41.13
UTILITY,자크,점화,점멸,86,44,51.16
UTILITY,자크,회복,점멸,11,4,36.36
UTILITY,잔나,점화,점멸,19,9,47.37
UTILITY,잔나,탈진,점멸,23,9,39.13
UTILITY,잔나,회복,점멸,597,314,52.6
UTILITY,잭스,점화,점멸,24,15,62.5
UTILITY,제드,점화,점멸,9,1,11.11
UTILITY,제라스,점화,점멸,5,1,20.0
UTILITY,제라스,탈진,점멸,43,14,32.56
UTILITY,제라스,회복,점멸,273,119,43.59
UTILITY,제이스,점화,점멸,5,3,60.0
UTILITY,제이스,회복,점멸,15,12,80.0
UTILITY,조이,점화,점멸,182,94,51.65
UTILITY,조이,회복,점멸,27,12,44.44
UTILITY,직스,회복,점멸,9,3,33.33
UTILITY,진,회복,점멸,12,6,50.0
UTILITY,질리언,점화,점멸,61,25,40.98
UTILITY,질리언,탈진,점멸,98,48,48.98
UTILITY,질리언,회복,점멸,424,228,53.77
UTILITY,초가스,점화,점멸,11,6,54.55
UTILITY,카르마,점화,점멸,193,80,41.45
UTILITY,카르마,탈진,점멸,115,45,39.13
UTILITY,카르마,회복,점멸,4217,2044,48.47
UTILITY,카밀,점화,점멸,227,110,48.46
UTILITY,카밀,회복,점멸,28,18,64.29
UTILITY,카서스,탈진,점멸,6,2,33.33
UTILITY,카시오페아,점화,점멸,25,15,60.0
UTILITY,카타리나,점화,점멸,5,2,40.0
UTILITY,케넨,점화,점멸,81,50,61.73
UTILITY,케이틀린,회복,점멸,16,6,37.5
UTILITY,코그모,회복,점멸,5,3,60.0
UTILITY,크산테,점화,점멸,41,17,41.46
UTILITY,크산테,회복,점멸,12,3,25.0
UTILITY,클레드,점화,점멸,5,1,20.0
UTILITY,키아나,점화,점멸,45,21,46.67
UTILITY,타릭,유체화,점멸,22,11,50.0
UTILITY,타릭,점화,점멸,218,123,56.42
UTILITY,타릭,탈진,점멸,97,44,45.36
UTILITY,타릭,회복,점멸,704,349,49.57
UTILITY,탈리야,점화,점멸,54,30,55.56
UTILITY,탈리야,회복,점멸,19,9,47.37
UTILITY,탐 켄치,점화,점멸,99,50,50.51
UTILITY,탐 켄치,탈진,점멸,27,13,48.15
UTILITY,탐 켄치,회복,점멸,161,74,45.96
UTILITY,트런들,점화,점멸,10,4,40.0
UTILITY,트런들,탈진,점멸,8,4,50.0
UTILITY,트위스티드 페이트,회복,점멸,18,7,38.89
UTILITY,트위치,순간이동,점멸,6,2,33.33
UTILITY,트위치,점화,점멸,37,19,51.35
UTILITY,트위치,탈진,점멸,21,8,38.1
UTILITY,티모,점화,점멸,9,6,66.67
UTILITY,파이크,점화,점멸,2889,1427,49.39
UTILITY,파이크,탈진,점멸,35,15,42.86
UTILITY,파이크,회복,점멸,18,12,66.67
UTILITY,판테온,점화,점멸,1054,519,49.24
UTILITY,판테온,탈진,점멸,8,2,25.0
UTILITY,판테온,회복,점멸,13,2,15.38
UTILITY,피들스틱,방어막,점멸,6,2,33.33
UTILITY,피들스틱,점화,점멸,119,60,50.42
UTILITY,피들스틱,탈진,점멸,12,3,25.0
UTILITY,피들스틱,회복,점멸,151,72,47.68
UTILITY,피즈,점화,점멸,5,2,40.0
UTILITY,하이머딩거,점화,점멸,19,9,47.37
UTILITY,하이머딩거,탈진,점멸,77,38,49.35
UTILITY,하이머딩거,회복,점멸,33,16,48.48
UTILITY,흐웨이,회복,점멸,93,52,55.91
